2025-09-30 13:21:29,923 - urls_to_texts - INFO - Found 32740 already processed URLs
2025-09-30 13:21:29,993 - urls_to_texts - INFO - GET [403]: https://prod02.elementscloud.no/publikum/Documents/ShowDmbHandlingDocument/b0d5f453-caf0-475d-b3bc-9f9114471c37/1898/Protokoll 0.07 0
2025-09-30 13:21:29,993 - urls_to_texts - ERROR - 403 Client Error: Forbidden for url: https://prod02.elementscloud.no/publikum/Documents/ShowDmbHandlingDocument/b0d5f453-caf0-475d-b3bc-9f9114471c37/1898/Protokoll
2025-09-30 13:21:29,994 - urls_to_texts - WARNING - No document fetched from https://prod02.elementscloud.no/publikum/Documents/ShowDmbHandlingDocument/b0d5f453-caf0-475d-b3bc-9f9114471c37/1898/Protokoll.
2025-09-30 13:21:30,101 - urls_to_texts - ERROR - Error fetching document: Response ended prematurely
2025-09-30 13:24:20,954 - urls_to_texts - INFO - Found 32740 already processed URLs
2025-09-30 13:24:21,259 - urls_to_texts - ERROR - Error fetching document: Response ended prematurely
2025-09-30 13:25:17,944 - urls_to_texts - INFO - Found 32740 already processed URLs
2025-09-30 13:25:18,074 - urls_to_texts - ERROR - Error fetching document: Response ended prematurely
2025-09-30 13:25:18,074 - urls_to_texts - ERROR - Error fetching document cba835ac-7653-5e30-9c92-9b2de73d6f30 from https://www.hoyanger.kommune.no/api/presentation/v2/nye-innsyn/filer/v-00e4d6e9__78c6__4d36__8fd8__ac504c585036-316323_2_A!d-2022073245!Ot5ZGt
2025-09-30 13:25:18,176 - urls_to_texts - ERROR - Error fetching document: Response ended prematurely
2025-09-30 13:25:18,176 - urls_to_texts - ERROR - Error fetching document 0cf13703-2b2b-5561-b149-70826bd26d78 from https://sunnfjord.kommune.no/api/presentation/v2/nye-innsyn/filer/v-aba08a8e__580c__4b67__bc21__70eed223f3db-2038569_27_A!d-2022249915!ZZYGDL
2025-09-30 13:25:18,227 - urls_to_texts - INFO - GET [403]: https://prod01.elementscloud.no/publikum/Documents/ShowDmbHandlingDocument/3babd1aa-82df-406b-8a71-390619586974/7946/Protokoll 0.05 0
2025-09-30 13:25:18,227 - urls_to_texts - ERROR - 403 Client Error: Forbidden for url: https://prod01.elementscloud.no/publikum/Documents/ShowDmbHandlingDocument/3babd1aa-82df-406b-8a71-390619586974/7946/Protokoll
2025-09-30 13:25:18,227 - urls_to_texts - WARNING - No document fetched from https://prod01.elementscloud.no/publikum/Documents/ShowDmbHandlingDocument/3babd1aa-82df-406b-8a71-390619586974/7946/Protokoll.
2025-09-30 13:25:18,328 - urls_to_texts - ERROR - Error fetching document: Response ended prematurely
2025-09-30 13:25:18,328 - urls_to_texts - ERROR - Error fetching document e80accdc-8c2a-532d-bf9b-2417dccaf89c from https://kinn.kommune.no/api/presentation/v2/nye-innsyn/filer/v-e1a6ab11__6b4d__4733__bbeb__849aa26734de-1928725_2_A!d-2022210029!Ea7kwq
2025-09-30 13:25:20,684 - urls_to_texts - ERROR - Error fetching document: Response ended prematurely
2025-09-30 13:25:20,685 - urls_to_texts - ERROR - Error fetching document dd7ccd4c-7fc0-5e83-a390-d092305bf2d6 from https://innsynpluss.onacos.no/api/presentation/v2/nye-innsyn/filer/v-b15978eb__8cc6__45a9__9564__1f28338ca3d7-633832_1_A!d-1100295577!I5Dl25
2025-09-30 13:25:20,726 - urls_to_texts - INFO - GET [403]: https://prod01.elementscloud.no/publikum/Documents/ShowDmbHandlingDocument/58bcb069-e37a-4130-9be0-e56f6fb533b7/2762/Protokoll 0.04 0
2025-09-30 13:25:20,726 - urls_to_texts - ERROR - 403 Client Error: Forbidden for url: https://prod01.elementscloud.no/publikum/Documents/ShowDmbHandlingDocument/58bcb069-e37a-4130-9be0-e56f6fb533b7/2762/Protokoll
2025-09-30 13:25:20,727 - urls_to_texts - WARNING - No document fetched from https://prod01.elementscloud.no/publikum/Documents/ShowDmbHandlingDocument/58bcb069-e37a-4130-9be0-e56f6fb533b7/2762/Protokoll.
2025-09-30 13:25:20,803 - urls_to_texts - ERROR - Error fetching document: Response ended prematurely
2025-09-30 13:25:20,804 - urls_to_texts - ERROR - Error fetching document d909adef-b25f-5507-855e-7e130223c04a from https://kinn.kommune.no/api/presentation/v2/nye-innsyn/filer/v-e1a6ab11__6b4d__4733__bbeb__849aa26734de-1898330_2_A!d-2022195330!kr0Hkj
2025-09-30 13:25:20,898 - urls_to_texts - ERROR - ('Connection aborted.', RemoteDisconnected('Remote end closed connection without response'))
2025-09-30 13:25:20,899 - urls_to_texts - WARNING - No document fetched from https://www.etne.kommune.no/api/presentation/v2/nye-innsyn/filer/v-e857a982__e852__4eeb__a914__f85d70e5a42b-1618343_2_P!d-2020094068!xxh8Xi.
2025-09-30 13:25:20,997 - urls_to_texts - ERROR - Error fetching document: Response ended prematurely
2025-09-30 13:25:20,997 - urls_to_texts - ERROR - Error fetching document 3f4082e8-f7f0-5a97-8dde-beb57de505d3 from https://www.askvoll.kommune.no/api/presentation/v2/nye-innsyn/filer/v-d691afea__aaff__43de__a10d__c9d8e8907141-337999_9_A!d-2022049740!Xif0Ek
2025-09-30 13:25:21,106 - urls_to_texts - ERROR - Error fetching document: Response ended prematurely
2025-09-30 13:25:21,106 - urls_to_texts - ERROR - Error fetching document c8df5929-1f17-5c0f-8220-a4e16e1e158f from https://voss.herad.no/api/presentation/v2/nye-innsyn/filer/v-b1707b4a__7a25__41f1__939c__a9a8523356cf-254159_10_P!d-1100121512!aWrPVL
2025-09-30 13:25:21,148 - urls_to_texts - INFO - GET [403]: https://prod02.elementscloud.no/publikum/Documents/ShowDmbHandlingDocument/e5b0d1f1-00c5-4eb0-a9f2-e3450eb803c9/1279/CasesFremlegg 0.04 0
2025-09-30 13:25:21,148 - urls_to_texts - ERROR - 403 Client Error: Forbidden for url: https://prod02.elementscloud.no/publikum/Documents/ShowDmbHandlingDocument/e5b0d1f1-00c5-4eb0-a9f2-e3450eb803c9/1279/CasesFremlegg
2025-09-30 13:25:21,148 - urls_to_texts - WARNING - No document fetched from https://prod02.elementscloud.no/publikum/Documents/ShowDmbHandlingDocument/e5b0d1f1-00c5-4eb0-a9f2-e3450eb803c9/1279/CasesFremlegg.
2025-09-30 13:25:21,193 - urls_to_texts - INFO - GET [403]: https://prod01.elementscloud.no/publikum/Documents/ShowDmbHandlingDocument/a1811a10-8b69-4536-a305-d58a49ce3d91/3704/Protokoll 0.04 0
2025-09-30 13:25:21,193 - urls_to_texts - ERROR - 403 Client Error: Forbidden for url: https://prod01.elementscloud.no/publikum/Documents/ShowDmbHandlingDocument/a1811a10-8b69-4536-a305-d58a49ce3d91/3704/Protokoll
2025-09-30 13:25:21,194 - urls_to_texts - WARNING - No document fetched from https://prod01.elementscloud.no/publikum/Documents/ShowDmbHandlingDocument/a1811a10-8b69-4536-a305-d58a49ce3d91/3704/Protokoll.
2025-09-30 13:25:21,245 - urls_to_texts - INFO - GET [403]: https://prod02.elementscloud.no/publikum/Documents/ShowDmbHandlingDocument/2d8f53e3-3226-477a-8245-0622ae7edf5d/1805/CasesFremlegg 0.05 0
2025-09-30 13:25:21,245 - urls_to_texts - ERROR - 403 Client Error: Forbidden for url: https://prod02.elementscloud.no/publikum/Documents/ShowDmbHandlingDocument/2d8f53e3-3226-477a-8245-0622ae7edf5d/1805/CasesFremlegg
2025-09-30 13:25:21,246 - urls_to_texts - WARNING - No document fetched from https://prod02.elementscloud.no/publikum/Documents/ShowDmbHandlingDocument/2d8f53e3-3226-477a-8245-0622ae7edf5d/1805/CasesFremlegg.
2025-09-30 13:25:21,315 - urls_to_texts - ERROR - Error fetching document: Response ended prematurely
2025-09-30 13:25:21,315 - urls_to_texts - ERROR - Error fetching document 545dbd06-ba45-58da-b0d9-782ed12d358b from https://voss.herad.no/api/presentation/v2/nye-innsyn/filer/v-b1707b4a__7a25__41f1__939c__a9a8523356cf-279397_2_P!d-1100136979!Q1jr8k
2025-09-30 13:25:21,472 - urls_to_texts - ERROR - Error fetching document: Response ended prematurely
2025-09-30 13:25:21,473 - urls_to_texts - ERROR - Error fetching document 00b8304a-7601-513c-a725-459aab33662a from https://stad.kommune.no/api/presentation/v2/nye-innsyn/filer/v-3dd15a26__96f4__4d7d__a998__45a817cb090e-1753477_3_A!d-2022152606!IN5JGP
2025-09-30 13:25:21,529 - urls_to_texts - INFO - GET [403]: https://prod01.elementscloud.no/publikum/Documents/ShowDmbHandlingDocument/58bcb069-e37a-4130-9be0-e56f6fb533b7/2578/CasesFremlegg 0.05 0
2025-09-30 13:25:21,529 - urls_to_texts - ERROR - 403 Client Error: Forbidden for url: https://prod01.elementscloud.no/publikum/Documents/ShowDmbHandlingDocument/58bcb069-e37a-4130-9be0-e56f6fb533b7/2578/CasesFremlegg
2025-09-30 13:25:21,529 - urls_to_texts - WARNING - No document fetched from https://prod01.elementscloud.no/publikum/Documents/ShowDmbHandlingDocument/58bcb069-e37a-4130-9be0-e56f6fb533b7/2578/CasesFremlegg.
2025-09-30 13:25:21,886 - urls_to_texts - INFO - GET [200]: https://bjornafjorden.kommune.no/api/presentation/v2/nye-innsyn/filer/v-cc3ede69__97b5__48c8__9b5b__94ea04175932-2469668_1_A!d-2021485959!snEV3l 0.16 46
2025-09-30 13:25:21,902 - urls_to_texts - INFO - Unsupported file extension: .html
2025-09-30 13:25:21,902 - urls_to_texts - WARNING - No text extracted from document at https://bjornafjorden.kommune.no/api/presentation/v2/nye-innsyn/filer/v-cc3ede69__97b5__48c8__9b5b__94ea04175932-2469668_1_A!d-2021485959!snEV3l.
2025-09-30 13:25:21,976 - urls_to_texts - ERROR - Error fetching document: Response ended prematurely
2025-09-30 13:25:21,976 - urls_to_texts - ERROR - Error fetching document 8da1e137-29f5-5131-9765-7dc015a06d30 from https://sunnfjord.kommune.no/api/presentation/v2/nye-innsyn/filer/v-aba08a8e__580c__4b67__bc21__70eed223f3db-1994656_2_A!d-2022229227!cDBlFS
2025-09-30 13:25:22,331 - urls_to_texts - INFO - GET [200]: https://bjornafjorden.kommune.no/api/presentation/v2/nye-innsyn/filer/v-cc3ede69__97b5__48c8__9b5b__94ea04175932-2480598_1_A!d-2021489914!Ofa3mR 0.15 46
2025-09-30 13:25:22,338 - urls_to_texts - INFO - Unsupported file extension: .html
2025-09-30 13:25:22,338 - urls_to_texts - WARNING - No text extracted from document at https://bjornafjorden.kommune.no/api/presentation/v2/nye-innsyn/filer/v-cc3ede69__97b5__48c8__9b5b__94ea04175932-2480598_1_A!d-2021489914!Ofa3mR.
2025-09-30 13:25:22,394 - urls_to_texts - INFO - GET [403]: https://prod02.elementscloud.no/publikum/Documents/ShowDmbHandlingDocument/2d8f53e3-3226-477a-8245-0622ae7edf5d/2142/Protokoll 0.06 0
2025-09-30 13:25:22,395 - urls_to_texts - ERROR - 403 Client Error: Forbidden for url: https://prod02.elementscloud.no/publikum/Documents/ShowDmbHandlingDocument/2d8f53e3-3226-477a-8245-0622ae7edf5d/2142/Protokoll
2025-09-30 13:25:22,395 - urls_to_texts - WARNING - No document fetched from https://prod02.elementscloud.no/publikum/Documents/ShowDmbHandlingDocument/2d8f53e3-3226-477a-8245-0622ae7edf5d/2142/Protokoll.
2025-09-30 13:25:22,782 - urls_to_texts - INFO - GET [200]: https://bjornafjorden.kommune.no/api/presentation/v2/nye-innsyn/filer/v-cc3ede69__97b5__48c8__9b5b__94ea04175932-2161060_15_P!d-2021325672!I0nlRf 0.16 46
2025-09-30 13:25:22,788 - urls_to_texts - INFO - Unsupported file extension: .html
2025-09-30 13:25:22,788 - urls_to_texts - WARNING - No text extracted from document at https://bjornafjorden.kommune.no/api/presentation/v2/nye-innsyn/filer/v-cc3ede69__97b5__48c8__9b5b__94ea04175932-2161060_15_P!d-2021325672!I0nlRf.
2025-09-30 13:25:22,832 - urls_to_texts - INFO - GET [403]: https://prod01.elementscloud.no/publikum/Documents/ShowDmbHandlingDocument/35dcc491-8e78-470e-afc8-0db3f930a352/9638/Protokoll 0.04 0
2025-09-30 13:25:22,832 - urls_to_texts - ERROR - 403 Client Error: Forbidden for url: https://prod01.elementscloud.no/publikum/Documents/ShowDmbHandlingDocument/35dcc491-8e78-470e-afc8-0db3f930a352/9638/Protokoll
2025-09-30 13:25:22,832 - urls_to_texts - WARNING - No document fetched from https://prod01.elementscloud.no/publikum/Documents/ShowDmbHandlingDocument/35dcc491-8e78-470e-afc8-0db3f930a352/9638/Protokoll.
2025-09-30 13:25:23,070 - urls_to_texts - INFO - GET [200]: https://innsyn.lyngen.kommune.no/wfdocument.aspx?journalpostid=2013067992&dokid=136480&versjon=16&variant=A& 0.03 125
2025-09-30 13:25:23,135 - urls_to_texts - INFO - Processed 1/44118 documents (skipped: 7)
2025-09-30 13:25:23,179 - urls_to_texts - INFO - GET [403]: https://prod01.elementscloud.no/publikum/Documents/ShowDmbHandlingDocument/0f947f6b-b1b0-4470-840e-4226ef3244af/9738/CasesFremlegg 0.04 0
2025-09-30 13:25:23,179 - urls_to_texts - ERROR - 403 Client Error: Forbidden for url: https://prod01.elementscloud.no/publikum/Documents/ShowDmbHandlingDocument/0f947f6b-b1b0-4470-840e-4226ef3244af/9738/CasesFremlegg
2025-09-30 13:25:23,180 - urls_to_texts - WARNING - No document fetched from https://prod01.elementscloud.no/publikum/Documents/ShowDmbHandlingDocument/0f947f6b-b1b0-4470-840e-4226ef3244af/9738/CasesFremlegg.
2025-09-30 13:25:23,898 - urls_to_texts - ERROR - Error fetching document: Response ended prematurely
2025-09-30 13:25:23,899 - urls_to_texts - ERROR - Error fetching document 3866e8b2-6c72-54c5-b080-dd219901c8a0 from https://innsynpluss.onacos.no/api/presentation/v2/nye-innsyn/filer/v-b27cb650__363a__4a8b__acee__9e6cafa23ca2-85579_2_P!d-1100047112!hNh0xc
2025-09-30 13:25:24,019 - urls_to_texts - ERROR - Error fetching document: Response ended prematurely
2025-09-30 13:25:24,019 - urls_to_texts - ERROR - Error fetching document eb987065-91bd-54c7-ac0e-37e6f1187cf0 from https://stad.kommune.no/api/presentation/v2/nye-innsyn/filer/v-3dd15a26__96f4__4d7d__a998__45a817cb090e-1769983_2_A!d-2022161487!kbIs52
2025-09-30 13:25:24,090 - urls_to_texts - ERROR - Error fetching document: Response ended prematurely
2025-09-30 13:25:24,091 - urls_to_texts - ERROR - Error fetching document 653120a7-611f-587d-83ef-6e82adb2a1ac from https://kinn.kommune.no/api/presentation/v2/nye-innsyn/filer/v-e1a6ab11__6b4d__4733__bbeb__849aa26734de-1960884_2_A!d-2022223581!Y8TfOT
2025-09-30 13:25:24,144 - urls_to_texts - INFO - GET [403]: https://prod01.elementscloud.no/publikum/Documents/ShowDmbHandlingDocument/35dcc491-8e78-470e-afc8-0db3f930a352/9053/Protokoll 0.05 0
2025-09-30 13:25:24,144 - urls_to_texts - ERROR - 403 Client Error: Forbidden for url: https://prod01.elementscloud.no/publikum/Documents/ShowDmbHandlingDocument/35dcc491-8e78-470e-afc8-0db3f930a352/9053/Protokoll
2025-09-30 13:25:24,144 - urls_to_texts - WARNING - No document fetched from https://prod01.elementscloud.no/publikum/Documents/ShowDmbHandlingDocument/35dcc491-8e78-470e-afc8-0db3f930a352/9053/Protokoll.
2025-09-30 13:25:25,455 - urls_to_texts - ERROR - Error fetching document: Response ended prematurely
2025-09-30 13:25:25,456 - urls_to_texts - ERROR - Error fetching document 1f8953f6-de75-5375-93a5-7504ccf37f90 from https://innsynpluss.onacos.no/api/presentation/v2/nye-innsyn/filer/v-5aa3fc36__7e40__40ea__a576__ab19a6e397dc-46428_10_P!d-1100025672!GlZbhr
2025-09-30 13:25:25,501 - urls_to_texts - INFO - GET [403]: https://prod02.elementscloud.no/publikum/Documents/ShowDmbHandlingDocument/89d4d1c3-cc0e-4497-9af5-bac975eb55e1/1734/Protokoll 0.04 0
2025-09-30 13:25:25,501 - urls_to_texts - ERROR - 403 Client Error: Forbidden for url: https://prod02.elementscloud.no/publikum/Documents/ShowDmbHandlingDocument/89d4d1c3-cc0e-4497-9af5-bac975eb55e1/1734/Protokoll
2025-09-30 13:25:25,501 - urls_to_texts - WARNING - No document fetched from https://prod02.elementscloud.no/publikum/Documents/ShowDmbHandlingDocument/89d4d1c3-cc0e-4497-9af5-bac975eb55e1/1734/Protokoll.
2025-09-30 13:25:25,541 - urls_to_texts - INFO - GET [403]: https://prod01.elementscloud.no/publikum/Documents/ShowDmbHandlingDocument/5ac72eb8-cac7-496a-b9ef-fc393c80a79a/4435/CasesFremlegg 0.04 0
2025-09-30 13:25:25,542 - urls_to_texts - ERROR - 403 Client Error: Forbidden for url: https://prod01.elementscloud.no/publikum/Documents/ShowDmbHandlingDocument/5ac72eb8-cac7-496a-b9ef-fc393c80a79a/4435/CasesFremlegg
2025-09-30 13:25:25,542 - urls_to_texts - WARNING - No document fetched from https://prod01.elementscloud.no/publikum/Documents/ShowDmbHandlingDocument/5ac72eb8-cac7-496a-b9ef-fc393c80a79a/4435/CasesFremlegg.
2025-09-30 13:25:25,910 - urls_to_texts - INFO - GET [200]: https://bjornafjorden.kommune.no/api/presentation/v2/nye-innsyn/filer/v-cc3ede69__97b5__48c8__9b5b__94ea04175932-2182468_12_P!d-2021335017!Obw4un 0.16 46
2025-09-30 13:25:25,913 - urls_to_texts - INFO - Unsupported file extension: .html
2025-09-30 13:25:25,913 - urls_to_texts - WARNING - No text extracted from document at https://bjornafjorden.kommune.no/api/presentation/v2/nye-innsyn/filer/v-cc3ede69__97b5__48c8__9b5b__94ea04175932-2182468_12_P!d-2021335017!Obw4un.
2025-09-30 13:25:25,981 - urls_to_texts - ERROR - Error fetching document: Response ended prematurely
2025-09-30 13:25:25,981 - urls_to_texts - ERROR - Error fetching document a696f5fb-eee2-5077-ac49-2f65c6d39af5 from https://voss.herad.no/api/presentation/v2/nye-innsyn/filer/v-b1707b4a__7a25__41f1__939c__a9a8523356cf-255556_4_P!d-1100125114!b4syGE
2025-09-30 13:25:26,024 - urls_to_texts - INFO - GET [403]: https://prod01.elementscloud.no/publikum/Documents/ShowDmbHandlingDocument/8d21b1e6-6a6c-419d-87c5-2b551cb056f6/5170/Protokoll 0.04 0
2025-09-30 13:25:26,024 - urls_to_texts - ERROR - 403 Client Error: Forbidden for url: https://prod01.elementscloud.no/publikum/Documents/ShowDmbHandlingDocument/8d21b1e6-6a6c-419d-87c5-2b551cb056f6/5170/Protokoll
2025-09-30 13:25:26,025 - urls_to_texts - WARNING - No document fetched from https://prod01.elementscloud.no/publikum/Documents/ShowDmbHandlingDocument/8d21b1e6-6a6c-419d-87c5-2b551cb056f6/5170/Protokoll.
2025-09-30 13:25:26,092 - urls_to_texts - ERROR - Error fetching document: Response ended prematurely
2025-09-30 13:25:26,092 - urls_to_texts - ERROR - Error fetching document ad1c1757-ec12-5226-9a0e-423a1e64e657 from https://www.askvoll.kommune.no/api/presentation/v2/nye-innsyn/filer/v-d691afea__aaff__43de__a10d__c9d8e8907141-348014_2_A!d-2022054609!8IHs42
2025-09-30 13:25:26,130 - urls_to_texts - INFO - GET [403]: https://prod02.elementscloud.no/publikum/Documents/ShowDmbHandlingDocument/76dc8fa9-13be-48a4-b5a8-5168c5a1e3f6/703/CasesFremlegg 0.04 0
2025-09-30 13:25:26,130 - urls_to_texts - ERROR - 403 Client Error: Forbidden for url: https://prod02.elementscloud.no/publikum/Documents/ShowDmbHandlingDocument/76dc8fa9-13be-48a4-b5a8-5168c5a1e3f6/703/CasesFremlegg
2025-09-30 13:25:26,130 - urls_to_texts - WARNING - No document fetched from https://prod02.elementscloud.no/publikum/Documents/ShowDmbHandlingDocument/76dc8fa9-13be-48a4-b5a8-5168c5a1e3f6/703/CasesFremlegg.
2025-09-30 13:25:26,225 - urls_to_texts - ERROR - Error fetching document: Response ended prematurely
2025-09-30 13:25:26,225 - urls_to_texts - ERROR - Error fetching document 424a0ae2-1b23-56d5-8dda-212e1c1c4442 from https://stryn.kommune.no/api/presentation/v2/nye-innsyn/filer/v-f3f0e6ef__50a2__4329__8558__fe6057bcc9dc-1645097_5_A!d-2022057965!fWz7yd
2025-09-30 13:25:26,753 - urls_to_texts - INFO - GET [200]: https://bergen.kommune.no/politikere-utvalg/api/fil/bk360/12948224/Innstilling-vedtak-Valg-av-representantskapsmedlemmer-styremedlemmer-i-Stiftelsen-Kulturhuset-USF-Stiftinga-Kystkultur-no-og-Stiftelsen-Iskanten-Ishall 0.39 51
2025-09-30 13:25:26,818 - urls_to_texts - INFO - Processed 2/44118 documents (skipped: 13)
2025-09-30 13:25:30,737 - urls_to_texts - INFO - GET [200]: https://innsynpluss.onacos.no/balsfjord/moteoversikt/details/m-eeffc487__2515__47b2__ad08__a5d4f8d5e8f5-298!H4woNt 2.1 2
2025-09-30 13:25:30,740 - urls_to_texts - INFO - Unsupported file extension: .html
2025-09-30 13:25:30,740 - urls_to_texts - WARNING - No text extracted from document at https://innsynpluss.onacos.no/balsfjord/moteoversikt/details/m-eeffc487__2515__47b2__ad08__a5d4f8d5e8f5-298!H4woNt.
2025-09-30 13:25:34,769 - urls_to_texts - ERROR - ('Connection aborted.', RemoteDisconnected('Remote end closed connection without response'))
2025-09-30 13:25:34,769 - urls_to_texts - WARNING - No document fetched from https://innsynpluss.onacos.no/api/presentation/v2/nye-innsyn/filer/v-9a1e9dfc__3f01__4df5__a599__d213d4fbfca2-96329_3_P!d-1000046371!zBczKQ.
2025-09-30 13:25:34,843 - urls_to_texts - ERROR - Error fetching document: Response ended prematurely
2025-09-30 13:25:34,843 - urls_to_texts - ERROR - Error fetching document 2e61d7bd-8ffa-5c2e-9542-46d8b4414a08 from https://sunnfjord.kommune.no/api/presentation/v2/nye-innsyn/filer/v-aba08a8e__580c__4b67__bc21__70eed223f3db-2031108_2_A!d-2022246498!2mSzsK
2025-09-30 13:25:34,942 - urls_to_texts - ERROR - Error fetching document: Response ended prematurely
2025-09-30 13:25:34,943 - urls_to_texts - ERROR - Error fetching document b9775806-1049-5bd5-97ea-853bbe3a51b9 from https://bremanger.kommune.no/api/presentation/v2/nye-innsyn/filer/v-0baea8f5__defa__4603__b396__17b5d409cf0e-1534186_1_A!d-2022042638!FzRpAq
2025-09-30 13:25:34,988 - urls_to_texts - INFO - GET [403]: https://prod02.elementscloud.no/publikum/Documents/ShowDmbHandlingDocument/eff08746-5cb4-4d88-aaf4-4bf6cd496e88/3575/CasesFremlegg 0.04 0
2025-09-30 13:25:34,988 - urls_to_texts - ERROR - 403 Client Error: Forbidden for url: https://prod02.elementscloud.no/publikum/Documents/ShowDmbHandlingDocument/eff08746-5cb4-4d88-aaf4-4bf6cd496e88/3575/CasesFremlegg
2025-09-30 13:25:34,988 - urls_to_texts - WARNING - No document fetched from https://prod02.elementscloud.no/publikum/Documents/ShowDmbHandlingDocument/eff08746-5cb4-4d88-aaf4-4bf6cd496e88/3575/CasesFremlegg.
2025-09-30 13:25:35,060 - urls_to_texts - ERROR - Error fetching document: Response ended prematurely
2025-09-30 13:25:35,060 - urls_to_texts - ERROR - Error fetching document 6888a18a-9427-58ba-93ca-cb6bdbbc37cb from https://kinn.kommune.no/api/presentation/v2/nye-innsyn/filer/v-e1a6ab11__6b4d__4733__bbeb__849aa26734de-1881749_2_A!d-2022187157!V8VWqj
2025-09-30 13:25:35,542 - urls_to_texts - ERROR - Error fetching document: Response ended prematurely
2025-09-30 13:25:35,542 - urls_to_texts - ERROR - Error fetching document 733cc3ea-e85c-5a40-9824-ee9711f42b27 from https://innsynpluss.onacos.no/api/presentation/v2/nye-innsyn/filer/v-b27cb650__363a__4a8b__acee__9e6cafa23ca2-79413_1_A!d-1100043841!pcWnZv
2025-09-30 13:25:35,902 - urls_to_texts - INFO - GET [200]: https://www.etne.kommune.no/api/presentation/v2/nye-innsyn/filer/v-e857a982__e852__4eeb__a914__f85d70e5a42b-1618486_2_P!d-2020094123!yhTCM3 0.16 45
2025-09-30 13:25:35,909 - urls_to_texts - INFO - Unsupported file extension: .html
2025-09-30 13:25:35,909 - urls_to_texts - WARNING - No text extracted from document at https://www.etne.kommune.no/api/presentation/v2/nye-innsyn/filer/v-e857a982__e852__4eeb__a914__f85d70e5a42b-1618486_2_P!d-2020094123!yhTCM3.
2025-09-30 13:25:35,950 - urls_to_texts - INFO - GET [403]: https://prod02.elementscloud.no/publikum/Documents/ShowDmbHandlingDocument/e5b0d1f1-00c5-4eb0-a9f2-e3450eb803c9/1380/CasesFremlegg 0.04 0
2025-09-30 13:25:35,950 - urls_to_texts - ERROR - 403 Client Error: Forbidden for url: https://prod02.elementscloud.no/publikum/Documents/ShowDmbHandlingDocument/e5b0d1f1-00c5-4eb0-a9f2-e3450eb803c9/1380/CasesFremlegg
2025-09-30 13:25:35,950 - urls_to_texts - WARNING - No document fetched from https://prod02.elementscloud.no/publikum/Documents/ShowDmbHandlingDocument/e5b0d1f1-00c5-4eb0-a9f2-e3450eb803c9/1380/CasesFremlegg.
2025-09-30 13:25:35,997 - urls_to_texts - INFO - GET [403]: https://prod02.elementscloud.no/publikum/Documents/ShowDmbHandlingDocument/e5b0d1f1-00c5-4eb0-a9f2-e3450eb803c9/1140/Protokoll 0.05 0
2025-09-30 13:25:35,997 - urls_to_texts - ERROR - 403 Client Error: Forbidden for url: https://prod02.elementscloud.no/publikum/Documents/ShowDmbHandlingDocument/e5b0d1f1-00c5-4eb0-a9f2-e3450eb803c9/1140/Protokoll
2025-09-30 13:25:35,998 - urls_to_texts - WARNING - No document fetched from https://prod02.elementscloud.no/publikum/Documents/ShowDmbHandlingDocument/e5b0d1f1-00c5-4eb0-a9f2-e3450eb803c9/1140/Protokoll.
2025-09-30 13:25:36,040 - urls_to_texts - INFO - GET [403]: https://prod01.elementscloud.no/publikum/Documents/ShowDmbHandlingDocument/58bcb069-e37a-4130-9be0-e56f6fb533b7/2510/CasesFremlegg 0.04 0
2025-09-30 13:25:36,040 - urls_to_texts - ERROR - 403 Client Error: Forbidden for url: https://prod01.elementscloud.no/publikum/Documents/ShowDmbHandlingDocument/58bcb069-e37a-4130-9be0-e56f6fb533b7/2510/CasesFremlegg
2025-09-30 13:25:36,040 - urls_to_texts - WARNING - No document fetched from https://prod01.elementscloud.no/publikum/Documents/ShowDmbHandlingDocument/58bcb069-e37a-4130-9be0-e56f6fb533b7/2510/CasesFremlegg.
2025-09-30 13:25:36,464 - urls_to_texts - INFO - GET [500]: https://ullensvang.kommune.no/api/presentation/v2/nye-innsyn/filer/v-0a336fc1__178f__4c38__8f38__3c7bd5ffdbe6-1747727_1_A!d-2019200691!jFxYzn?pid=1 0.41 86
2025-09-30 13:25:36,464 - urls_to_texts - ERROR - 500 Server Error: Internal Server Error for url: https://ullensvang.kommune.no/api/presentation/v2/nye-innsyn/filer/v-0a336fc1__178f__4c38__8f38__3c7bd5ffdbe6-1747727_1_A!d-2019200691!jFxYzn?pid=1
2025-09-30 13:25:36,464 - urls_to_texts - WARNING - No document fetched from https://ullensvang.kommune.no/api/presentation/v2/nye-innsyn/filer/v-0a336fc1__178f__4c38__8f38__3c7bd5ffdbe6-1747727_1_A!d-2019200691!jFxYzn?pid=1.
2025-09-30 13:25:36,830 - urls_to_texts - INFO - GET [200]: https://www.eidfjord.kommune.no//innsyn/moteoversikt/#/details/m-e7a24bb1__f486__46d9__ada4__35680a127e2c-64!k19Gw4 0.36 41
2025-09-30 13:25:36,833 - urls_to_texts - INFO - Unsupported file extension: 
2025-09-30 13:25:36,833 - urls_to_texts - WARNING - No text extracted from document at https://www.eidfjord.kommune.no//innsyn/moteoversikt/#/details/m-e7a24bb1__f486__46d9__ada4__35680a127e2c-64!k19Gw4.
2025-09-30 13:25:37,190 - urls_to_texts - INFO - GET [200]: https://www.ardal.kommune.no/api/presentation/v2/nye-innsyn/filer/v-1e069db9__ef6b__4b2b__9616__406836b162cc-458274_1_A!d-2022053278!6ljrv1 0.16 44
2025-09-30 13:25:37,196 - urls_to_texts - INFO - Unsupported file extension: .html
2025-09-30 13:25:37,196 - urls_to_texts - WARNING - No text extracted from document at https://www.ardal.kommune.no/api/presentation/v2/nye-innsyn/filer/v-1e069db9__ef6b__4b2b__9616__406836b162cc-458274_1_A!d-2022053278!6ljrv1.
2025-09-30 13:25:37,236 - urls_to_texts - INFO - GET [403]: https://prod02.elementscloud.no/publikum/Documents/ShowDmbHandlingDocument/f041b74e-b1e6-4615-987e-387f63721a2e/1090/CasesFremlegg 0.04 0
2025-09-30 13:25:37,236 - urls_to_texts - ERROR - 403 Client Error: Forbidden for url: https://prod02.elementscloud.no/publikum/Documents/ShowDmbHandlingDocument/f041b74e-b1e6-4615-987e-387f63721a2e/1090/CasesFremlegg
2025-09-30 13:25:37,237 - urls_to_texts - WARNING - No document fetched from https://prod02.elementscloud.no/publikum/Documents/ShowDmbHandlingDocument/f041b74e-b1e6-4615-987e-387f63721a2e/1090/CasesFremlegg.
2025-09-30 13:25:37,279 - urls_to_texts - INFO - GET [403]: https://prod01.elementscloud.no/publikum/Documents/ShowDmbHandlingDocument/3babd1aa-82df-406b-8a71-390619586974/8298/Protokoll 0.04 0
2025-09-30 13:25:37,279 - urls_to_texts - ERROR - 403 Client Error: Forbidden for url: https://prod01.elementscloud.no/publikum/Documents/ShowDmbHandlingDocument/3babd1aa-82df-406b-8a71-390619586974/8298/Protokoll
2025-09-30 13:25:37,279 - urls_to_texts - WARNING - No document fetched from https://prod01.elementscloud.no/publikum/Documents/ShowDmbHandlingDocument/3babd1aa-82df-406b-8a71-390619586974/8298/Protokoll.
2025-09-30 13:25:37,348 - urls_to_texts - ERROR - Error fetching document: Response ended prematurely
2025-09-30 13:25:37,348 - urls_to_texts - ERROR - Error fetching document 770b373c-777a-531b-b9f2-fe3bd557919e from https://voss.herad.no/api/presentation/v2/nye-innsyn/filer/v-b1707b4a__7a25__41f1__939c__a9a8523356cf-280980_2_P!d-1100137875!smuIbo
2025-09-30 13:25:37,388 - urls_to_texts - INFO - GET [403]: https://prod02.elementscloud.no/publikum/Documents/ShowDmbHandlingDocument/2d8f53e3-3226-477a-8245-0622ae7edf5d/1863/CasesFremlegg 0.04 0
2025-09-30 13:25:37,389 - urls_to_texts - ERROR - 403 Client Error: Forbidden for url: https://prod02.elementscloud.no/publikum/Documents/ShowDmbHandlingDocument/2d8f53e3-3226-477a-8245-0622ae7edf5d/1863/CasesFremlegg
2025-09-30 13:25:37,389 - urls_to_texts - WARNING - No document fetched from https://prod02.elementscloud.no/publikum/Documents/ShowDmbHandlingDocument/2d8f53e3-3226-477a-8245-0622ae7edf5d/1863/CasesFremlegg.
2025-09-30 13:25:37,432 - urls_to_texts - INFO - GET [403]: https://prod02.elementscloud.no/publikum/Documents/ShowDmbHandlingDocument/e5b0d1f1-00c5-4eb0-a9f2-e3450eb803c9/1592/CasesFremlegg 0.04 0
2025-09-30 13:25:37,432 - urls_to_texts - ERROR - 403 Client Error: Forbidden for url: https://prod02.elementscloud.no/publikum/Documents/ShowDmbHandlingDocument/e5b0d1f1-00c5-4eb0-a9f2-e3450eb803c9/1592/CasesFremlegg
2025-09-30 13:25:37,432 - urls_to_texts - WARNING - No document fetched from https://prod02.elementscloud.no/publikum/Documents/ShowDmbHandlingDocument/e5b0d1f1-00c5-4eb0-a9f2-e3450eb803c9/1592/CasesFremlegg.
2025-09-30 13:25:37,533 - urls_to_texts - ERROR - Error fetching document: Response ended prematurely
2025-09-30 13:25:37,533 - urls_to_texts - ERROR - Error fetching document dfc42038-97e8-5181-8b2f-49e9100ed863 from https://www.solund.kommune.no/api/presentation/v2/nye-innsyn/filer/v-e8f93b5a__de8c__4fed__8410__71ae71ffb04f-136196_2_P!d-2022015187!dOE3vm
2025-09-30 13:25:37,600 - urls_to_texts - ERROR - Error fetching document: Response ended prematurely
2025-09-30 13:25:37,600 - urls_to_texts - ERROR - Error fetching document b3e2d81e-881e-5fb1-adb5-52091f9f3a68 from https://sunnfjord.kommune.no/api/presentation/v2/nye-innsyn/filer/v-aba08a8e__580c__4b67__bc21__70eed223f3db-1983000_1_A!d-2022223798!8y9J7L
2025-09-30 13:25:37,667 - urls_to_texts - ERROR - Error fetching document: Response ended prematurely
2025-09-30 13:25:37,667 - urls_to_texts - ERROR - Error fetching document c2ec0a93-88f0-5474-90d1-f4a02950149c from https://stryn.kommune.no/api/presentation/v2/nye-innsyn/filer/v-f3f0e6ef__50a2__4329__8558__fe6057bcc9dc-1674740_4_A!d-2022072524!314PqH
2025-09-30 13:25:37,709 - urls_to_texts - INFO - GET [403]: https://prod02.elementscloud.no/publikum/Documents/ShowDmbHandlingDocument/76dc8fa9-13be-48a4-b5a8-5168c5a1e3f6/577/Protokoll 0.04 0
2025-09-30 13:25:37,710 - urls_to_texts - ERROR - 403 Client Error: Forbidden for url: https://prod02.elementscloud.no/publikum/Documents/ShowDmbHandlingDocument/76dc8fa9-13be-48a4-b5a8-5168c5a1e3f6/577/Protokoll
2025-09-30 13:25:37,710 - urls_to_texts - WARNING - No document fetched from https://prod02.elementscloud.no/publikum/Documents/ShowDmbHandlingDocument/76dc8fa9-13be-48a4-b5a8-5168c5a1e3f6/577/Protokoll.
2025-09-30 13:25:37,776 - urls_to_texts - ERROR - Error fetching document: Response ended prematurely
2025-09-30 13:25:37,776 - urls_to_texts - ERROR - Error fetching document 6d90848c-db16-5ab9-ad96-4e01b5917a46 from https://www.askvoll.kommune.no/api/presentation/v2/nye-innsyn/filer/v-d691afea__aaff__43de__a10d__c9d8e8907141-331246_1_A!d-2022046034!9wTWOK
2025-09-30 13:25:37,820 - urls_to_texts - INFO - GET [403]: https://prod02.elementscloud.no/publikum/Documents/ShowMeetingDocument/99585028-0782-4cec-8366-2e0dbc25d0f4/95/MI/358 0.04 0
2025-09-30 13:25:37,820 - urls_to_texts - ERROR - 403 Client Error: Forbidden for url: https://prod02.elementscloud.no/publikum/Documents/ShowMeetingDocument/99585028-0782-4cec-8366-2e0dbc25d0f4/95/MI/358
2025-09-30 13:25:37,821 - urls_to_texts - WARNING - No document fetched from https://prod02.elementscloud.no/publikum/Documents/ShowMeetingDocument/99585028-0782-4cec-8366-2e0dbc25d0f4/95/MI/358.
2025-09-30 13:25:37,891 - urls_to_texts - ERROR - Error fetching document: Response ended prematurely
2025-09-30 13:25:37,891 - urls_to_texts - ERROR - Error fetching document 72dd41d8-7435-5098-8e9a-0ea107c08cef from https://kinn.kommune.no/api/presentation/v2/nye-innsyn/filer/v-e1a6ab11__6b4d__4733__bbeb__849aa26734de-1898679_4_A!d-2022195496!BDF6lt
2025-09-30 13:25:38,002 - urls_to_texts - ERROR - Error fetching document: Response ended prematurely
2025-09-30 13:25:38,002 - urls_to_texts - ERROR - Error fetching document f8231dd0-18a4-50dc-a265-aa9d44e9e43f from https://www.eidfjord.kommune.no/api/presentation/v2/nye-innsyn/filer/v-e7a24bb1__f486__46d9__ada4__35680a127e2c-22253_2_A!d-1100010803!kgaFLo
2025-09-30 13:25:38,133 - urls_to_texts - ERROR - Error fetching document: Response ended prematurely
2025-09-30 13:25:38,133 - urls_to_texts - ERROR - Error fetching document 621a48f2-93df-527b-943f-88df4cc11039 from https://www.luster.kommune.no/api/presentation/v2/nye-innsyn/filer/v-721139d1__230b__45c0__9cf1__92f0ef921828-140361_7_A!d-1100080220!1av6Xp
2025-09-30 13:25:38,219 - urls_to_texts - ERROR - Error fetching document: Response ended prematurely
2025-09-30 13:25:38,219 - urls_to_texts - ERROR - Error fetching document 6de076bc-8af6-5019-ad1f-9448563176b2 from https://ullensvang.kommune.no/api/presentation/v2/nye-innsyn/filer/v-0a336fc1__178f__4c38__8f38__3c7bd5ffdbe6-1696054_4_A!d-2019179673!diZVUg
2025-09-30 13:25:38,265 - urls_to_texts - INFO - GET [403]: https://prod01.elementscloud.no/publikum/Documents/ShowDmbHandlingDocument/5ac72eb8-cac7-496a-b9ef-fc393c80a79a/5134/Protokoll 0.04 0
2025-09-30 13:25:38,265 - urls_to_texts - ERROR - 403 Client Error: Forbidden for url: https://prod01.elementscloud.no/publikum/Documents/ShowDmbHandlingDocument/5ac72eb8-cac7-496a-b9ef-fc393c80a79a/5134/Protokoll
2025-09-30 13:25:38,266 - urls_to_texts - WARNING - No document fetched from https://prod01.elementscloud.no/publikum/Documents/ShowDmbHandlingDocument/5ac72eb8-cac7-496a-b9ef-fc393c80a79a/5134/Protokoll.
2025-09-30 13:25:38,310 - urls_to_texts - INFO - GET [403]: https://prod02.elementscloud.no/publikum/Documents/ShowDmbHandlingDocument/eff08746-5cb4-4d88-aaf4-4bf6cd496e88/3069/Protokoll 0.04 0
2025-09-30 13:25:38,310 - urls_to_texts - ERROR - 403 Client Error: Forbidden for url: https://prod02.elementscloud.no/publikum/Documents/ShowDmbHandlingDocument/eff08746-5cb4-4d88-aaf4-4bf6cd496e88/3069/Protokoll
2025-09-30 13:25:38,310 - urls_to_texts - WARNING - No document fetched from https://prod02.elementscloud.no/publikum/Documents/ShowDmbHandlingDocument/eff08746-5cb4-4d88-aaf4-4bf6cd496e88/3069/Protokoll.
2025-09-30 13:25:38,668 - urls_to_texts - INFO - GET [200]: https://bjornafjorden.kommune.no/api/presentation/v2/nye-innsyn/filer/v-cc3ede69__97b5__48c8__9b5b__94ea04175932-2263848_1_A!d-2021387253!5pUIF3 0.15 46
2025-09-30 13:25:38,675 - urls_to_texts - INFO - Unsupported file extension: .html
2025-09-30 13:25:38,675 - urls_to_texts - WARNING - No text extracted from document at https://bjornafjorden.kommune.no/api/presentation/v2/nye-innsyn/filer/v-cc3ede69__97b5__48c8__9b5b__94ea04175932-2263848_1_A!d-2021387253!5pUIF3.
2025-09-30 13:25:38,717 - urls_to_texts - INFO - GET [403]: https://prod02.elementscloud.no/publikum/Documents/ShowMeetingDocument/b0d5f453-caf0-475d-b3bc-9f9114471c37/157/MP/497 0.04 0
2025-09-30 13:25:38,717 - urls_to_texts - ERROR - 403 Client Error: Forbidden for url: https://prod02.elementscloud.no/publikum/Documents/ShowMeetingDocument/b0d5f453-caf0-475d-b3bc-9f9114471c37/157/MP/497
2025-09-30 13:25:38,718 - urls_to_texts - WARNING - No document fetched from https://prod02.elementscloud.no/publikum/Documents/ShowMeetingDocument/b0d5f453-caf0-475d-b3bc-9f9114471c37/157/MP/497.
2025-09-30 13:25:38,816 - urls_to_texts - ERROR - Error fetching document: Response ended prematurely
2025-09-30 13:25:38,816 - urls_to_texts - ERROR - Error fetching document 0d954f57-0409-5035-8a8b-5dc7d3f99bb9 from https://stad.kommune.no/api/presentation/v2/nye-innsyn/filer/v-3dd15a26__96f4__4d7d__a998__45a817cb090e-1765550_14_A!d-2022159185!WkWZzY
2025-09-30 13:25:38,889 - urls_to_texts - ERROR - Error fetching document: Response ended prematurely
2025-09-30 13:25:38,889 - urls_to_texts - ERROR - Error fetching document 39bd5144-6178-56db-bff6-a2d38f2ebccc from https://gloppen.kommune.no/api/presentation/v2/nye-innsyn/filer/v-dd4f3791__13e5__44ce__8656__c0623ce17d55-1621950_2_A!d-2022072476!uOaFAQ
2025-09-30 13:25:39,384 - urls_to_texts - ERROR - Error fetching document: Response ended prematurely
2025-09-30 13:25:39,385 - urls_to_texts - ERROR - Error fetching document f24be147-7c6e-5690-8682-c6c8f7d1d048 from https://innsynpluss.onacos.no/api/presentation/v2/nye-innsyn/filer/v-10785b61__f1ba__405d__8af8__b65017f85ea0-350984_1_A!d-1100222213!DLUWq5
2025-09-30 13:25:39,575 - urls_to_texts - ERROR - Error fetching document: Response ended prematurely
2025-09-30 13:25:39,575 - urls_to_texts - ERROR - Error fetching document b3b18abc-f291-5375-b218-4efedcf705fe from https://innsynpluss.onacos.no/api/presentation/v2/nye-innsyn/filer/v-b27cb650__363a__4a8b__acee__9e6cafa23ca2-69885_2_A!d-1100037996!X5TV8l
2025-09-30 13:25:39,644 - urls_to_texts - ERROR - Error fetching document: Response ended prematurely
2025-09-30 13:25:39,644 - urls_to_texts - ERROR - Error fetching document bce95912-47a1-588a-9749-14231414dcd9 from https://sunnfjord.kommune.no/api/presentation/v2/nye-innsyn/filer/v-aba08a8e__580c__4b67__bc21__70eed223f3db-2022555_1_A!d-2022242400!iwRUJ3
2025-09-30 13:25:40,013 - urls_to_texts - INFO - GET [200]: https://www.etne.kommune.no/api/presentation/v2/nye-innsyn/filer/v-e857a982__e852__4eeb__a914__f85d70e5a42b-1587964_7_P!d-2020082056!eBgCq2 0.17 45
2025-09-30 13:25:40,020 - urls_to_texts - INFO - Unsupported file extension: .html
2025-09-30 13:25:40,020 - urls_to_texts - WARNING - No text extracted from document at https://www.etne.kommune.no/api/presentation/v2/nye-innsyn/filer/v-e857a982__e852__4eeb__a914__f85d70e5a42b-1587964_7_P!d-2020082056!eBgCq2.
2025-09-30 13:25:40,088 - urls_to_texts - ERROR - Error fetching document: Response ended prematurely
2025-09-30 13:25:40,089 - urls_to_texts - ERROR - Error fetching document fd1e8491-5df4-58f8-be6d-7f0779936b5b from https://voss.herad.no/api/presentation/v2/nye-innsyn/filer/v-b1707b4a__7a25__41f1__939c__a9a8523356cf-219891_2_A!d-1100108433!yVfYZH
2025-09-30 13:25:40,130 - urls_to_texts - INFO - GET [403]: https://prod02.elementscloud.no/publikum/Documents/ShowDmbHandlingDocument/2d8f53e3-3226-477a-8245-0622ae7edf5d/1570/Protokoll 0.04 0
2025-09-30 13:25:40,130 - urls_to_texts - ERROR - 403 Client Error: Forbidden for url: https://prod02.elementscloud.no/publikum/Documents/ShowDmbHandlingDocument/2d8f53e3-3226-477a-8245-0622ae7edf5d/1570/Protokoll
2025-09-30 13:25:40,130 - urls_to_texts - WARNING - No document fetched from https://prod02.elementscloud.no/publikum/Documents/ShowDmbHandlingDocument/2d8f53e3-3226-477a-8245-0622ae7edf5d/1570/Protokoll.
2025-09-30 13:25:40,170 - urls_to_texts - INFO - GET [403]: https://prod01.elementscloud.no/publikum/Documents/ShowDmbHandlingDocument/3babd1aa-82df-406b-8a71-390619586974/8756/Protokoll 0.04 0
2025-09-30 13:25:40,170 - urls_to_texts - ERROR - 403 Client Error: Forbidden for url: https://prod01.elementscloud.no/publikum/Documents/ShowDmbHandlingDocument/3babd1aa-82df-406b-8a71-390619586974/8756/Protokoll
2025-09-30 13:25:40,171 - urls_to_texts - WARNING - No document fetched from https://prod01.elementscloud.no/publikum/Documents/ShowDmbHandlingDocument/3babd1aa-82df-406b-8a71-390619586974/8756/Protokoll.
2025-09-30 13:25:40,272 - urls_to_texts - ERROR - Error fetching document: Response ended prematurely
2025-09-30 13:25:40,272 - urls_to_texts - ERROR - Error fetching document 0aca059a-b9fb-5d0a-877a-67d1710ab19d from https://www.oksnes.kommune.no/api/presentation/v2/nye-innsyn/filer/v-d8cad916__46db__494b__a3e7__5241057da539-54724_2_A!d-1100023092!O1mGbI
2025-09-30 13:25:40,366 - urls_to_texts - ERROR - ('Connection aborted.', RemoteDisconnected('Remote end closed connection without response'))
2025-09-30 13:25:40,366 - urls_to_texts - WARNING - No document fetched from https://ullensvang.kommune.no/api/presentation/v2/nye-innsyn/filer/v-0a336fc1__178f__4c38__8f38__3c7bd5ffdbe6-1702451_2_A!d-2019182230!5pXDf8.
2025-09-30 13:25:40,431 - urls_to_texts - ERROR - ('Connection aborted.', RemoteDisconnected('Remote end closed connection without response'))
2025-09-30 13:25:40,431 - urls_to_texts - WARNING - No document fetched from https://www.askvoll.kommune.no/api/presentation/v2/nye-innsyn/filer/v-d691afea__aaff__43de__a10d__c9d8e8907141-341464_1_A!d-2022051470!nwiLRZ.
2025-09-30 13:25:40,593 - urls_to_texts - ERROR - Error fetching document: Response ended prematurely
2025-09-30 13:25:40,593 - urls_to_texts - ERROR - Error fetching document f1804f3b-3f20-5dbc-ba2d-d29c0f9327c0 from https://innsynpluss.onacos.no/api/presentation/v2/nye-innsyn/filer/v-084e0747__69df__45ac__bc47__df64cee5aa6d-101756_1_P!d-1100053834!mlaByv
2025-09-30 13:25:40,659 - urls_to_texts - ERROR - Error fetching document: Response ended prematurely
2025-09-30 13:25:40,659 - urls_to_texts - ERROR - Error fetching document bde31d7b-27d0-556f-93bb-a1255546754f from https://kinn.kommune.no/api/presentation/v2/nye-innsyn/filer/v-e1a6ab11__6b4d__4733__bbeb__849aa26734de-1949602_4_A!d-2022218554!EJ5oVT
2025-09-30 13:25:40,971 - urls_to_texts - ERROR - Error fetching document: Response ended prematurely
2025-09-30 13:25:40,971 - urls_to_texts - ERROR - Error fetching document 77f73590-a8a6-536d-bca7-eb8206fccd00 from https://innsynpluss.onacos.no/api/presentation/v2/nye-innsyn/filer/v-b27cb650__363a__4a8b__acee__9e6cafa23ca2-84044_10_A!d-1100046296!sQjnBf
2025-09-30 13:25:41,054 - urls_to_texts - ERROR - Error fetching document: Response ended prematurely
2025-09-30 13:25:41,054 - urls_to_texts - ERROR - Error fetching document 21de29f1-a0e0-52b4-aaea-d6d4eebf39b6 from https://www.luster.kommune.no/api/presentation/v2/nye-innsyn/filer/v-721139d1__230b__45c0__9cf1__92f0ef921828-138438_2_A!d-1100079269!uopcyI
2025-09-30 13:25:41,196 - urls_to_texts - ERROR - Error fetching document: Response ended prematurely
2025-09-30 13:25:41,196 - urls_to_texts - ERROR - Error fetching document 2e384c11-d638-5cd7-bc2c-ab37fab1b564 from https://stad.kommune.no/api/presentation/v2/nye-innsyn/filer/v-3dd15a26__96f4__4d7d__a998__45a817cb090e-1754962_1_A!d-2022153482!o2sSha
2025-09-30 13:25:41,768 - urls_to_texts - ERROR - Error fetching document: Response ended prematurely
2025-09-30 13:25:41,768 - urls_to_texts - ERROR - Error fetching document 17aa91a5-4060-572e-9845-0360f59b21a2 from https://innsynpluss.onacos.no/api/presentation/v2/nye-innsyn/filer/v-10785b61__f1ba__405d__8af8__b65017f85ea0-344868_13_A!d-1100218644!pnyekv
2025-09-30 13:25:42,899 - urls_to_texts - INFO - GET [200]: https://bergen.kommune.no/politikere-utvalg/api/fil/bk360/12525808/Framstilling-Sykkelkryssing-av-Fjosangerveien-Reguleringsplan-Arstad-Gnr-159-Bnr-28-m-fl-1-gangs-behandling-horing-og-offentlig-ettersyn 0.52 4713
2025-09-30 13:25:43,242 - urls_to_texts - INFO - Processed 3/44118 documents (skipped: 27)
2025-09-30 13:25:43,333 - urls_to_texts - ERROR - Error fetching document: Response ended prematurely
2025-09-30 13:25:43,333 - urls_to_texts - ERROR - Error fetching document 83d8060a-745e-55c1-a077-003a965b3505 from https://www.ulvik.kommune.no/api/presentation/v2/nye-innsyn/filer/v-fbd4410b__3d1a__4153__a3c5__50e18ebc878e-221051_5_P!d-2024014541!TcupAU
2025-09-30 13:25:43,403 - urls_to_texts - ERROR - Error fetching document: Response ended prematurely
2025-09-30 13:25:43,403 - urls_to_texts - ERROR - Error fetching document e8164a7b-5120-5a63-a940-72ad35b2da49 from https://kinn.kommune.no/api/presentation/v2/nye-innsyn/filer/v-e1a6ab11__6b4d__4733__bbeb__849aa26734de-1903119_1_A!d-2022197711!8rFPTm
2025-09-30 13:25:43,793 - urls_to_texts - INFO - GET [200]: https://bergen.kommune.no/politikere-utvalg/api/fil/bk360/12948271/Innstilling-vedtak-Representantforslag-fra-Linn-Kristin-Engo-A-Diane-Berbain-SV-Ann-Kristin-Ramstrom-SV-Thor-Haakon-Bakke-MDG-Mailiss-Solheim-Akerblom-R-om-et-Bergen-for-alle-barn-uansett-funksjonsevne 0.28 62
2025-09-30 13:25:43,909 - urls_to_texts - INFO - Processed 4/44118 documents (skipped: 27)
2025-09-30 13:25:43,947 - urls_to_texts - INFO - GET [403]: https://prod02.elementscloud.no/publikum/Documents/ShowMeetingDocument/2d8f53e3-3226-477a-8245-0622ae7edf5d/108/MI/502 0.04 0
2025-09-30 13:25:43,947 - urls_to_texts - ERROR - 403 Client Error: Forbidden for url: https://prod02.elementscloud.no/publikum/Documents/ShowMeetingDocument/2d8f53e3-3226-477a-8245-0622ae7edf5d/108/MI/502
2025-09-30 13:25:43,948 - urls_to_texts - WARNING - No document fetched from https://prod02.elementscloud.no/publikum/Documents/ShowMeetingDocument/2d8f53e3-3226-477a-8245-0622ae7edf5d/108/MI/502.
2025-09-30 13:25:44,019 - urls_to_texts - ERROR - Error fetching document: Response ended prematurely
2025-09-30 13:25:44,019 - urls_to_texts - ERROR - Error fetching document 4c6f2cec-16cd-5f36-94cc-970b7b4d9bd8 from https://kinn.kommune.no/api/presentation/v2/nye-innsyn/filer/v-e1a6ab11__6b4d__4733__bbeb__849aa26734de-1873406_1_A!d-2022182944!xXaHHv
2025-09-30 13:25:44,062 - urls_to_texts - INFO - GET [403]: https://prod02.elementscloud.no/publikum/Documents/ShowDmbHandlingDocument/2d8f53e3-3226-477a-8245-0622ae7edf5d/1808/CasesFremlegg 0.04 0
2025-09-30 13:25:44,062 - urls_to_texts - ERROR - 403 Client Error: Forbidden for url: https://prod02.elementscloud.no/publikum/Documents/ShowDmbHandlingDocument/2d8f53e3-3226-477a-8245-0622ae7edf5d/1808/CasesFremlegg
2025-09-30 13:25:44,063 - urls_to_texts - WARNING - No document fetched from https://prod02.elementscloud.no/publikum/Documents/ShowDmbHandlingDocument/2d8f53e3-3226-477a-8245-0622ae7edf5d/1808/CasesFremlegg.
2025-09-30 13:25:44,981 - urls_to_texts - INFO - GET [200]: https://innsyn.tromso.kommune.no/application/getMoteDokument?dokid=2002123280 0.86 129
2025-09-30 13:25:45,056 - urls_to_texts - INFO - Processed 5/44118 documents (skipped: 27)
2025-09-30 13:25:45,447 - urls_to_texts - INFO - GET [200]: https://laerdal.kommune.no/api/presentation/v2/nye-innsyn/filer/v-f63e1f7f__0e35__4b7d__a71a__b9b0275d02d1-248866_1_A!d-2022028600!pLVLQg 0.16 44
2025-09-30 13:25:45,454 - urls_to_texts - INFO - Unsupported file extension: .html
2025-09-30 13:25:45,454 - urls_to_texts - WARNING - No text extracted from document at https://laerdal.kommune.no/api/presentation/v2/nye-innsyn/filer/v-f63e1f7f__0e35__4b7d__a71a__b9b0275d02d1-248866_1_A!d-2022028600!pLVLQg.
2025-09-30 13:25:45,498 - urls_to_texts - INFO - GET [403]: https://prod02.elementscloud.no/publikum/Documents/ShowMeetingDocument/f041b74e-b1e6-4615-987e-387f63721a2e/98/MP/480 0.04 0
2025-09-30 13:25:45,498 - urls_to_texts - ERROR - 403 Client Error: Forbidden for url: https://prod02.elementscloud.no/publikum/Documents/ShowMeetingDocument/f041b74e-b1e6-4615-987e-387f63721a2e/98/MP/480
2025-09-30 13:25:45,498 - urls_to_texts - WARNING - No document fetched from https://prod02.elementscloud.no/publikum/Documents/ShowMeetingDocument/f041b74e-b1e6-4615-987e-387f63721a2e/98/MP/480.
2025-09-30 13:25:45,564 - urls_to_texts - ERROR - Error fetching document: Response ended prematurely
2025-09-30 13:25:45,565 - urls_to_texts - ERROR - Error fetching document e3517752-0165-5257-80dd-97c9f72a710f from https://sunnfjord.kommune.no/api/presentation/v2/nye-innsyn/filer/v-aba08a8e__580c__4b67__bc21__70eed223f3db-1991716_3_A!d-2022227919!LTmlNq
2025-09-30 13:25:45,899 - urls_to_texts - ERROR - Error fetching document: Response ended prematurely
2025-09-30 13:25:45,899 - urls_to_texts - ERROR - Error fetching document 9c34a025-efc4-59f6-92d9-f612a505e020 from https://innsynpluss.onacos.no/api/presentation/v2/nye-innsyn/filer/v-5aa3fc36__7e40__40ea__a576__ab19a6e397dc-40720_4_A!d-1100022708!tU86Eo
2025-09-30 13:25:46,025 - urls_to_texts - ERROR - Error fetching document: Response ended prematurely
2025-09-30 13:25:46,025 - urls_to_texts - ERROR - Error fetching document ff4d79eb-9ba9-5523-b091-15d60ff2d353 from https://stad.kommune.no/api/presentation/v2/nye-innsyn/filer/v-3dd15a26__96f4__4d7d__a998__45a817cb090e-1784128_2_A!d-2022169979!Gr5UjA
2025-09-30 13:25:46,359 - urls_to_texts - INFO - GET [200]: https://www.ardal.kommune.no/api/presentation/v2/nye-innsyn/filer/v-1e069db9__ef6b__4b2b__9616__406836b162cc-458858_1_A!d-2022053604!BWqHwU 0.13 44
2025-09-30 13:25:46,367 - urls_to_texts - INFO - Unsupported file extension: .html
2025-09-30 13:25:46,370 - urls_to_texts - WARNING - No text extracted from document at https://www.ardal.kommune.no/api/presentation/v2/nye-innsyn/filer/v-1e069db9__ef6b__4b2b__9616__406836b162cc-458858_1_A!d-2022053604!BWqHwU.
2025-09-30 13:25:46,411 - urls_to_texts - INFO - GET [403]: https://prod02.elementscloud.no/publikum/Documents/ShowDmbHandlingDocument/7db3a691-f482-4720-b101-c3a44cb31481/3221/CasesFremlegg 0.04 0
2025-09-30 13:25:46,411 - urls_to_texts - ERROR - 403 Client Error: Forbidden for url: https://prod02.elementscloud.no/publikum/Documents/ShowDmbHandlingDocument/7db3a691-f482-4720-b101-c3a44cb31481/3221/CasesFremlegg
2025-09-30 13:25:46,411 - urls_to_texts - WARNING - No document fetched from https://prod02.elementscloud.no/publikum/Documents/ShowDmbHandlingDocument/7db3a691-f482-4720-b101-c3a44cb31481/3221/CasesFremlegg.
2025-09-30 13:25:46,484 - urls_to_texts - ERROR - Error fetching document: Response ended prematurely
2025-09-30 13:25:46,484 - urls_to_texts - ERROR - Error fetching document ac455677-e28a-5119-b2d0-cd26d87dfc5b from https://www.askvoll.kommune.no/api/presentation/v2/nye-innsyn/filer/v-d691afea__aaff__43de__a10d__c9d8e8907141-336320_5_A!d-2022048836!W95ZoQ
2025-09-30 13:25:46,821 - urls_to_texts - INFO - GET [200]: https://www.ardal.kommune.no/api/presentation/v2/nye-innsyn/filer/v-1e069db9__ef6b__4b2b__9616__406836b162cc-464374_1_A!d-2022056883!XTcloh 0.17 45
2025-09-30 13:25:46,828 - urls_to_texts - INFO - Unsupported file extension: .html
2025-09-30 13:25:46,828 - urls_to_texts - WARNING - No text extracted from document at https://www.ardal.kommune.no/api/presentation/v2/nye-innsyn/filer/v-1e069db9__ef6b__4b2b__9616__406836b162cc-464374_1_A!d-2022056883!XTcloh.
2025-09-30 13:25:46,899 - urls_to_texts - ERROR - Error fetching document: Response ended prematurely
2025-09-30 13:25:46,899 - urls_to_texts - ERROR - Error fetching document 48ea1614-f221-5218-8fac-47a904528c1d from https://kinn.kommune.no/api/presentation/v2/nye-innsyn/filer/v-e1a6ab11__6b4d__4733__bbeb__849aa26734de-1962516_1_A!d-2022224437!IJIfX2
2025-09-30 13:25:46,941 - urls_to_texts - INFO - GET [403]: https://prod01.elementscloud.no/publikum/Documents/ShowMeetingDocument/58bcb069-e37a-4130-9be0-e56f6fb533b7/271/MI/1025 0.04 0
2025-09-30 13:25:46,942 - urls_to_texts - ERROR - 403 Client Error: Forbidden for url: https://prod01.elementscloud.no/publikum/Documents/ShowMeetingDocument/58bcb069-e37a-4130-9be0-e56f6fb533b7/271/MI/1025
2025-09-30 13:25:46,942 - urls_to_texts - WARNING - No document fetched from https://prod01.elementscloud.no/publikum/Documents/ShowMeetingDocument/58bcb069-e37a-4130-9be0-e56f6fb533b7/271/MI/1025.
2025-09-30 13:25:47,356 - urls_to_texts - INFO - GET [200]: https://www.ardal.kommune.no/api/presentation/v2/nye-innsyn/filer/v-1e069db9__ef6b__4b2b__9616__406836b162cc-462499_1_A!d-2022055715!1StqXQ 0.24 45
2025-09-30 13:25:47,362 - urls_to_texts - INFO - Unsupported file extension: .html
2025-09-30 13:25:47,363 - urls_to_texts - WARNING - No text extracted from document at https://www.ardal.kommune.no/api/presentation/v2/nye-innsyn/filer/v-1e069db9__ef6b__4b2b__9616__406836b162cc-462499_1_A!d-2022055715!1StqXQ.
2025-09-30 13:25:47,404 - urls_to_texts - INFO - GET [403]: https://prod01.elementscloud.no/publikum/Documents/ShowDmbHandlingDocument/a1811a10-8b69-4536-a305-d58a49ce3d91/3899/CasesFremlegg 0.04 0
2025-09-30 13:25:47,404 - urls_to_texts - ERROR - 403 Client Error: Forbidden for url: https://prod01.elementscloud.no/publikum/Documents/ShowDmbHandlingDocument/a1811a10-8b69-4536-a305-d58a49ce3d91/3899/CasesFremlegg
2025-09-30 13:25:47,405 - urls_to_texts - WARNING - No document fetched from https://prod01.elementscloud.no/publikum/Documents/ShowDmbHandlingDocument/a1811a10-8b69-4536-a305-d58a49ce3d91/3899/CasesFremlegg.
2025-09-30 13:25:47,450 - urls_to_texts - INFO - GET [403]: https://prod02.elementscloud.no/publikum/Documents/ShowDmbHandlingDocument/eff08746-5cb4-4d88-aaf4-4bf6cd496e88/4233/Protokoll 0.04 0
2025-09-30 13:25:47,450 - urls_to_texts - ERROR - 403 Client Error: Forbidden for url: https://prod02.elementscloud.no/publikum/Documents/ShowDmbHandlingDocument/eff08746-5cb4-4d88-aaf4-4bf6cd496e88/4233/Protokoll
2025-09-30 13:25:47,450 - urls_to_texts - WARNING - No document fetched from https://prod02.elementscloud.no/publikum/Documents/ShowDmbHandlingDocument/eff08746-5cb4-4d88-aaf4-4bf6cd496e88/4233/Protokoll.
2025-09-30 13:25:47,490 - urls_to_texts - INFO - GET [403]: https://prod01.elementscloud.no/publikum/Documents/ShowDmbHandlingDocument/a1811a10-8b69-4536-a305-d58a49ce3d91/3339/Protokoll 0.04 0
2025-09-30 13:25:47,490 - urls_to_texts - ERROR - 403 Client Error: Forbidden for url: https://prod01.elementscloud.no/publikum/Documents/ShowDmbHandlingDocument/a1811a10-8b69-4536-a305-d58a49ce3d91/3339/Protokoll
2025-09-30 13:25:47,490 - urls_to_texts - WARNING - No document fetched from https://prod01.elementscloud.no/publikum/Documents/ShowDmbHandlingDocument/a1811a10-8b69-4536-a305-d58a49ce3d91/3339/Protokoll.
2025-09-30 13:25:47,817 - urls_to_texts - INFO - GET [200]: https://bjornafjorden.kommune.no/api/presentation/v2/nye-innsyn/filer/v-cc3ede69__97b5__48c8__9b5b__94ea04175932-2203681_3_P!d-2021344944!ZmxKwQ 0.15 46
2025-09-30 13:25:47,825 - urls_to_texts - INFO - Unsupported file extension: .html
2025-09-30 13:25:47,825 - urls_to_texts - WARNING - No text extracted from document at https://bjornafjorden.kommune.no/api/presentation/v2/nye-innsyn/filer/v-cc3ede69__97b5__48c8__9b5b__94ea04175932-2203681_3_P!d-2021344944!ZmxKwQ.
2025-09-30 13:25:47,896 - urls_to_texts - ERROR - Error fetching document: Response ended prematurely
2025-09-30 13:25:47,896 - urls_to_texts - ERROR - Error fetching document 7b2b4440-2949-57bf-ac78-7481d4f36cd2 from https://voss.herad.no/api/presentation/v2/nye-innsyn/filer/v-b1707b4a__7a25__41f1__939c__a9a8523356cf-236726_1_A!d-1100117344!aPK146
2025-09-30 13:25:48,114 - urls_to_texts - ERROR - Error fetching document: Response ended prematurely
2025-09-30 13:25:48,114 - urls_to_texts - ERROR - Error fetching document 45bbd88f-c7a6-5c63-8792-23e58a6c1772 from https://innsynpluss.onacos.no/api/presentation/v2/nye-innsyn/filer/v-5aa3fc36__7e40__40ea__a576__ab19a6e397dc-46359_4_P!d-1100025650!G8kDyd
2025-09-30 13:25:50,470 - urls_to_texts - INFO - GET [200]: https://innsynpluss.onacos.no/harstad/moteoversikt/details/m-10785b61__f1ba__405d__8af8__b65017f85ea0-508!aIUVO4 1.18 2
2025-09-30 13:25:50,473 - urls_to_texts - INFO - Unsupported file extension: .html
2025-09-30 13:25:50,474 - urls_to_texts - WARNING - No text extracted from document at https://innsynpluss.onacos.no/harstad/moteoversikt/details/m-10785b61__f1ba__405d__8af8__b65017f85ea0-508!aIUVO4.
2025-09-30 13:25:50,804 - urls_to_texts - ERROR - Error fetching document: Response ended prematurely
2025-09-30 13:25:50,804 - urls_to_texts - ERROR - Error fetching document 7d65b373-159e-5a8e-be5e-63af27c343a1 from https://innsynpluss.onacos.no/api/presentation/v2/nye-innsyn/filer/v-10785b61__f1ba__405d__8af8__b65017f85ea0-320139_16_P!d-1100206707!xgkn0u
2025-09-30 13:25:50,901 - urls_to_texts - ERROR - ('Connection aborted.', RemoteDisconnected('Remote end closed connection without response'))
2025-09-30 13:25:50,902 - urls_to_texts - WARNING - No document fetched from https://www.fjaler.kommune.no/api/presentation/v2/nye-innsyn/filer/v-c903bb4a__6810__4e47__bfc9__e72698345f9f-358200_1_A!d-2022048383!RC1cDx.
2025-09-30 13:25:51,410 - urls_to_texts - ERROR - ('Connection aborted.', RemoteDisconnected('Remote end closed connection without response'))
2025-09-30 13:25:51,410 - urls_to_texts - WARNING - No document fetched from https://innsynpluss.onacos.no/api/presentation/v2/nye-innsyn/filer/v-5aa3fc36__7e40__40ea__a576__ab19a6e397dc-40902_3_A!d-1100022805!xF1NHo.
2025-09-30 13:25:51,460 - urls_to_texts - INFO - GET [403]: https://prod01.elementscloud.no/publikum/Documents/ShowDmbHandlingDocument/2ff0b82d-4b3d-48b4-987a-ebeff927518a/5209/Protokoll 0.04 0
2025-09-30 13:25:51,460 - urls_to_texts - ERROR - 403 Client Error: Forbidden for url: https://prod01.elementscloud.no/publikum/Documents/ShowDmbHandlingDocument/2ff0b82d-4b3d-48b4-987a-ebeff927518a/5209/Protokoll
2025-09-30 13:25:51,461 - urls_to_texts - WARNING - No document fetched from https://prod01.elementscloud.no/publikum/Documents/ShowDmbHandlingDocument/2ff0b82d-4b3d-48b4-987a-ebeff927518a/5209/Protokoll.
2025-09-30 13:25:51,560 - urls_to_texts - ERROR - Error fetching document: Response ended prematurely
2025-09-30 13:25:51,560 - urls_to_texts - ERROR - Error fetching document 936e80df-fbd9-580f-91ea-6fce317600b5 from https://stad.kommune.no/api/presentation/v2/nye-innsyn/filer/v-3dd15a26__96f4__4d7d__a998__45a817cb090e-1787071_1_A!d-2022171497!ApkXyX
2025-09-30 13:25:51,603 - urls_to_texts - INFO - GET [403]: https://prod02.elementscloud.no/publikum/Documents/ShowDmbHandlingDocument/e5b0d1f1-00c5-4eb0-a9f2-e3450eb803c9/1512/CasesFremlegg 0.04 0
2025-09-30 13:25:51,603 - urls_to_texts - ERROR - 403 Client Error: Forbidden for url: https://prod02.elementscloud.no/publikum/Documents/ShowDmbHandlingDocument/e5b0d1f1-00c5-4eb0-a9f2-e3450eb803c9/1512/CasesFremlegg
2025-09-30 13:25:51,603 - urls_to_texts - WARNING - No document fetched from https://prod02.elementscloud.no/publikum/Documents/ShowDmbHandlingDocument/e5b0d1f1-00c5-4eb0-a9f2-e3450eb803c9/1512/CasesFremlegg.
2025-09-30 13:25:51,646 - urls_to_texts - INFO - GET [403]: https://prod01.elementscloud.no/publikum/Documents/ShowDmbHandlingDocument/5ac72eb8-cac7-496a-b9ef-fc393c80a79a/4885/Protokoll 0.04 0
2025-09-30 13:25:51,646 - urls_to_texts - ERROR - 403 Client Error: Forbidden for url: https://prod01.elementscloud.no/publikum/Documents/ShowDmbHandlingDocument/5ac72eb8-cac7-496a-b9ef-fc393c80a79a/4885/Protokoll
2025-09-30 13:25:51,647 - urls_to_texts - WARNING - No document fetched from https://prod01.elementscloud.no/publikum/Documents/ShowDmbHandlingDocument/5ac72eb8-cac7-496a-b9ef-fc393c80a79a/4885/Protokoll.
2025-09-30 13:25:51,687 - urls_to_texts - INFO - GET [403]: https://prod01.elementscloud.no/publikum/Documents/ShowDmbHandlingDocument/5ac72eb8-cac7-496a-b9ef-fc393c80a79a/5046/CasesFremlegg 0.04 0
2025-09-30 13:25:51,687 - urls_to_texts - ERROR - 403 Client Error: Forbidden for url: https://prod01.elementscloud.no/publikum/Documents/ShowDmbHandlingDocument/5ac72eb8-cac7-496a-b9ef-fc393c80a79a/5046/CasesFremlegg
2025-09-30 13:25:51,688 - urls_to_texts - WARNING - No document fetched from https://prod01.elementscloud.no/publikum/Documents/ShowDmbHandlingDocument/5ac72eb8-cac7-496a-b9ef-fc393c80a79a/5046/CasesFremlegg.
2025-09-30 13:25:51,730 - urls_to_texts - INFO - GET [403]: https://prod02.elementscloud.no/publikum/Documents/ShowDmbHandlingDocument/eff08746-5cb4-4d88-aaf4-4bf6cd496e88/4594/Protokoll 0.04 0
2025-09-30 13:25:51,730 - urls_to_texts - ERROR - 403 Client Error: Forbidden for url: https://prod02.elementscloud.no/publikum/Documents/ShowDmbHandlingDocument/eff08746-5cb4-4d88-aaf4-4bf6cd496e88/4594/Protokoll
2025-09-30 13:25:51,731 - urls_to_texts - WARNING - No document fetched from https://prod02.elementscloud.no/publikum/Documents/ShowDmbHandlingDocument/eff08746-5cb4-4d88-aaf4-4bf6cd496e88/4594/Protokoll.
2025-09-30 13:25:52,087 - urls_to_texts - INFO - GET [200]: https://laerdal.kommune.no/api/presentation/v2/nye-innsyn/filer/v-f63e1f7f__0e35__4b7d__a71a__b9b0275d02d1-246288_1_A!d-2022027302!NAIiJz 0.15 44
2025-09-30 13:25:52,096 - urls_to_texts - INFO - Unsupported file extension: .html
2025-09-30 13:25:52,096 - urls_to_texts - WARNING - No text extracted from document at https://laerdal.kommune.no/api/presentation/v2/nye-innsyn/filer/v-f63e1f7f__0e35__4b7d__a71a__b9b0275d02d1-246288_1_A!d-2022027302!NAIiJz.
2025-09-30 13:25:52,191 - urls_to_texts - ERROR - Error fetching document: Response ended prematurely
2025-09-30 13:25:52,191 - urls_to_texts - ERROR - Error fetching document 4fe9f7b7-1a46-5c2c-8367-f193867ae831 from https://ullensvang.kommune.no/api/presentation/v2/nye-innsyn/filer/v-0a336fc1__178f__4c38__8f38__3c7bd5ffdbe6-1702139_7_A!d-2019182140!kHulvs
2025-09-30 13:25:52,257 - urls_to_texts - ERROR - ('Connection aborted.', RemoteDisconnected('Remote end closed connection without response'))
2025-09-30 13:25:52,257 - urls_to_texts - WARNING - No document fetched from https://voss.herad.no/api/presentation/v2/nye-innsyn/filer/v-b1707b4a__7a25__41f1__939c__a9a8523356cf-218438_2_A!d-1100108794!8nnMDq.
2025-09-30 13:25:52,301 - urls_to_texts - INFO - GET [403]: https://prod01.elementscloud.no/publikum/Documents/ShowDmbHandlingDocument/0f947f6b-b1b0-4470-840e-4226ef3244af/9633/CasesFremlegg 0.04 0
2025-09-30 13:25:52,301 - urls_to_texts - ERROR - 403 Client Error: Forbidden for url: https://prod01.elementscloud.no/publikum/Documents/ShowDmbHandlingDocument/0f947f6b-b1b0-4470-840e-4226ef3244af/9633/CasesFremlegg
2025-09-30 13:25:52,302 - urls_to_texts - WARNING - No document fetched from https://prod01.elementscloud.no/publikum/Documents/ShowDmbHandlingDocument/0f947f6b-b1b0-4470-840e-4226ef3244af/9633/CasesFremlegg.
2025-09-30 13:25:52,347 - urls_to_texts - INFO - GET [403]: https://prod02.elementscloud.no/publikum/Documents/ShowDmbHandlingDocument/a9103361-55ca-477e-ad2b-00f79954109d/1309/Protokoll 0.04 0
2025-09-30 13:25:52,347 - urls_to_texts - ERROR - 403 Client Error: Forbidden for url: https://prod02.elementscloud.no/publikum/Documents/ShowDmbHandlingDocument/a9103361-55ca-477e-ad2b-00f79954109d/1309/Protokoll
2025-09-30 13:25:52,348 - urls_to_texts - WARNING - No document fetched from https://prod02.elementscloud.no/publikum/Documents/ShowDmbHandlingDocument/a9103361-55ca-477e-ad2b-00f79954109d/1309/Protokoll.
2025-09-30 13:25:52,391 - urls_to_texts - INFO - GET [403]: https://prod01.elementscloud.no/publikum/Documents/ShowDmbHandlingDocument/0f947f6b-b1b0-4470-840e-4226ef3244af/9544/Protokoll 0.04 0
2025-09-30 13:25:52,391 - urls_to_texts - ERROR - 403 Client Error: Forbidden for url: https://prod01.elementscloud.no/publikum/Documents/ShowDmbHandlingDocument/0f947f6b-b1b0-4470-840e-4226ef3244af/9544/Protokoll
2025-09-30 13:25:52,392 - urls_to_texts - WARNING - No document fetched from https://prod01.elementscloud.no/publikum/Documents/ShowDmbHandlingDocument/0f947f6b-b1b0-4470-840e-4226ef3244af/9544/Protokoll.
2025-09-30 13:25:52,459 - urls_to_texts - ERROR - Error fetching document: Response ended prematurely
2025-09-30 13:25:52,459 - urls_to_texts - ERROR - Error fetching document 3a0ec1a3-9175-5bab-98bb-26d2c0e4117b from https://kinn.kommune.no/api/presentation/v2/nye-innsyn/filer/v-e1a6ab11__6b4d__4733__bbeb__849aa26734de-1880675_1_A!d-2022186538!Ek8l8R
2025-09-30 13:25:52,503 - urls_to_texts - INFO - GET [403]: https://prod01.elementscloud.no/publikum/Documents/ShowDmbHandlingDocument/0f947f6b-b1b0-4470-840e-4226ef3244af/9552/Protokoll 0.04 0
2025-09-30 13:25:52,503 - urls_to_texts - ERROR - 403 Client Error: Forbidden for url: https://prod01.elementscloud.no/publikum/Documents/ShowDmbHandlingDocument/0f947f6b-b1b0-4470-840e-4226ef3244af/9552/Protokoll
2025-09-30 13:25:52,504 - urls_to_texts - WARNING - No document fetched from https://prod01.elementscloud.no/publikum/Documents/ShowDmbHandlingDocument/0f947f6b-b1b0-4470-840e-4226ef3244af/9552/Protokoll.
2025-09-30 13:25:52,546 - urls_to_texts - INFO - GET [403]: https://prod02.elementscloud.no/publikum/Documents/ShowMeetingDocument/b0d5f453-caf0-475d-b3bc-9f9114471c37/132/MP/513 0.04 0
2025-09-30 13:25:52,546 - urls_to_texts - ERROR - 403 Client Error: Forbidden for url: https://prod02.elementscloud.no/publikum/Documents/ShowMeetingDocument/b0d5f453-caf0-475d-b3bc-9f9114471c37/132/MP/513
2025-09-30 13:25:52,546 - urls_to_texts - WARNING - No document fetched from https://prod02.elementscloud.no/publikum/Documents/ShowMeetingDocument/b0d5f453-caf0-475d-b3bc-9f9114471c37/132/MP/513.
2025-09-30 13:25:52,870 - urls_to_texts - ERROR - Error fetching document: Response ended prematurely
2025-09-30 13:25:52,870 - urls_to_texts - ERROR - Error fetching document e005f428-b55e-5152-af21-a09b6d3fc015 from https://innsynpluss.onacos.no/api/presentation/v2/nye-innsyn/filer/v-084e0747__69df__45ac__bc47__df64cee5aa6d-101573_2_P!d-1100053759!Qq8I2K
2025-09-30 13:25:52,911 - urls_to_texts - INFO - GET [403]: https://prod01.elementscloud.no/publikum/Documents/ShowDmbHandlingDocument/a1811a10-8b69-4536-a305-d58a49ce3d91/3508/Protokoll 0.04 0
2025-09-30 13:25:52,911 - urls_to_texts - ERROR - 403 Client Error: Forbidden for url: https://prod01.elementscloud.no/publikum/Documents/ShowDmbHandlingDocument/a1811a10-8b69-4536-a305-d58a49ce3d91/3508/Protokoll
2025-09-30 13:25:52,911 - urls_to_texts - WARNING - No document fetched from https://prod01.elementscloud.no/publikum/Documents/ShowDmbHandlingDocument/a1811a10-8b69-4536-a305-d58a49ce3d91/3508/Protokoll.
2025-09-30 13:25:52,955 - urls_to_texts - INFO - GET [403]: https://prod01.elementscloud.no/publikum/Documents/ShowDmbHandlingDocument/2ff0b82d-4b3d-48b4-987a-ebeff927518a/5197/Protokoll 0.04 0
2025-09-30 13:25:52,955 - urls_to_texts - ERROR - 403 Client Error: Forbidden for url: https://prod01.elementscloud.no/publikum/Documents/ShowDmbHandlingDocument/2ff0b82d-4b3d-48b4-987a-ebeff927518a/5197/Protokoll
2025-09-30 13:25:52,956 - urls_to_texts - WARNING - No document fetched from https://prod01.elementscloud.no/publikum/Documents/ShowDmbHandlingDocument/2ff0b82d-4b3d-48b4-987a-ebeff927518a/5197/Protokoll.
2025-09-30 13:25:53,040 - urls_to_texts - ERROR - Error fetching document: Response ended prematurely
2025-09-30 13:25:53,040 - urls_to_texts - ERROR - Error fetching document af95b004-74d1-50cf-b604-2a723c0ea222 from https://www.luster.kommune.no/api/presentation/v2/nye-innsyn/filer/v-721139d1__230b__45c0__9cf1__92f0ef921828-159160_2_A!d-1100090876!bfl6aZ
2025-09-30 13:25:53,082 - urls_to_texts - INFO - GET [403]: https://prod01.elementscloud.no/publikum/Documents/ShowMeetingDocument/7c1f435b-d2ae-4dd1-9dbd-18aef55dc2df/23/MP/5 0.04 0
2025-09-30 13:25:53,083 - urls_to_texts - ERROR - 403 Client Error: Forbidden for url: https://prod01.elementscloud.no/publikum/Documents/ShowMeetingDocument/7c1f435b-d2ae-4dd1-9dbd-18aef55dc2df/23/MP/5
2025-09-30 13:25:53,083 - urls_to_texts - WARNING - No document fetched from https://prod01.elementscloud.no/publikum/Documents/ShowMeetingDocument/7c1f435b-d2ae-4dd1-9dbd-18aef55dc2df/23/MP/5.
2025-09-30 13:25:53,219 - urls_to_texts - ERROR - Error fetching document: Response ended prematurely
2025-09-30 13:25:53,220 - urls_to_texts - ERROR - Error fetching document 5c4345cc-984e-5a88-ba3d-5fe3869c3cc4 from https://stad.kommune.no/api/presentation/v2/nye-innsyn/filer/v-3dd15a26__96f4__4d7d__a998__45a817cb090e-1761344_2_A!d-2022157062!5CezIj
2025-09-30 13:25:53,528 - urls_to_texts - ERROR - Error fetching document: Response ended prematurely
2025-09-30 13:25:53,528 - urls_to_texts - ERROR - Error fetching document fcbcc419-7cf3-5626-9f19-abbe9c38222d from https://innsynpluss.onacos.no/api/presentation/v2/nye-innsyn/filer/v-b15978eb__8cc6__45a9__9564__1f28338ca3d7-655511_1_A!d-1100304731!jpHM4s
2025-09-30 13:25:53,624 - urls_to_texts - ERROR - Error fetching document: Response ended prematurely
2025-09-30 13:25:53,624 - urls_to_texts - ERROR - Error fetching document 5fdaa898-48a9-50d3-b5e6-a0cc12499d67 from https://www.vik.kommune.no/api/presentation/v2/nye-innsyn/filer/v-bec2a5c5__3bcb__4c0c__84b1__7d98e38db8ce-294225_1_A!d-2022031569!Qs61Qq
2025-09-30 13:25:53,664 - urls_to_texts - INFO - GET [403]: https://prod02.elementscloud.no/publikum/Documents/ShowDmbHandlingDocument/eff08746-5cb4-4d88-aaf4-4bf6cd496e88/3503/CasesFremlegg 0.04 0
2025-09-30 13:25:53,664 - urls_to_texts - ERROR - 403 Client Error: Forbidden for url: https://prod02.elementscloud.no/publikum/Documents/ShowDmbHandlingDocument/eff08746-5cb4-4d88-aaf4-4bf6cd496e88/3503/CasesFremlegg
2025-09-30 13:25:53,665 - urls_to_texts - WARNING - No document fetched from https://prod02.elementscloud.no/publikum/Documents/ShowDmbHandlingDocument/eff08746-5cb4-4d88-aaf4-4bf6cd496e88/3503/CasesFremlegg.
2025-09-30 13:25:53,744 - urls_to_texts - ERROR - Error fetching document: Response ended prematurely
2025-09-30 13:25:53,744 - urls_to_texts - ERROR - Error fetching document 668f217d-0bf1-5233-a51e-8f27dd1b2eae from https://www.luster.kommune.no/api/presentation/v2/nye-innsyn/filer/v-721139d1__230b__45c0__9cf1__92f0ef921828-154297_6_A!d-1100087025!k5EN8c
2025-09-30 13:25:53,792 - urls_to_texts - INFO - GET [403]: https://prod02.elementscloud.no/publikum/Documents/ShowDmbHandlingDocument/76dc8fa9-13be-48a4-b5a8-5168c5a1e3f6/87/Protokoll 0.05 0
2025-09-30 13:25:53,792 - urls_to_texts - ERROR - 403 Client Error: Forbidden for url: https://prod02.elementscloud.no/publikum/Documents/ShowDmbHandlingDocument/76dc8fa9-13be-48a4-b5a8-5168c5a1e3f6/87/Protokoll
2025-09-30 13:25:53,793 - urls_to_texts - WARNING - No document fetched from https://prod02.elementscloud.no/publikum/Documents/ShowDmbHandlingDocument/76dc8fa9-13be-48a4-b5a8-5168c5a1e3f6/87/Protokoll.
2025-09-30 13:25:54,128 - urls_to_texts - INFO - GET [200]: https://bjornafjorden.kommune.no/api/presentation/v2/nye-innsyn/filer/v-cc3ede69__97b5__48c8__9b5b__94ea04175932-2159414_1_A!d-2021324876!w1dUGD 0.16 46
2025-09-30 13:25:54,135 - urls_to_texts - INFO - Unsupported file extension: .html
2025-09-30 13:25:54,135 - urls_to_texts - WARNING - No text extracted from document at https://bjornafjorden.kommune.no/api/presentation/v2/nye-innsyn/filer/v-cc3ede69__97b5__48c8__9b5b__94ea04175932-2159414_1_A!d-2021324876!w1dUGD.
2025-09-30 13:25:54,219 - urls_to_texts - ERROR - Error fetching document: Response ended prematurely
2025-09-30 13:25:54,220 - urls_to_texts - ERROR - Error fetching document bbc1fef2-4900-5489-baf5-5a5b41995c95 from https://stad.kommune.no/api/presentation/v2/nye-innsyn/filer/v-3dd15a26__96f4__4d7d__a998__45a817cb090e-1787760_2_A!d-2022171855!4DfJrA
2025-09-30 13:25:54,312 - urls_to_texts - ERROR - Error fetching document: Response ended prematurely
2025-09-30 13:25:54,312 - urls_to_texts - ERROR - Error fetching document e1aa55cc-6bdd-58a7-9ca8-9eadc11d431b from https://ullensvang.kommune.no/api/presentation/v2/nye-innsyn/filer/v-0a336fc1__178f__4c38__8f38__3c7bd5ffdbe6-1733360_4_P!d-2019194261!Uyoo45
2025-09-30 13:25:54,381 - urls_to_texts - ERROR - Error fetching document: Response ended prematurely
2025-09-30 13:25:54,381 - urls_to_texts - ERROR - Error fetching document c42b3cb9-7a65-51a1-96a8-ebd7bfd5e27e from https://www.oksnes.kommune.no/api/presentation/v2/nye-innsyn/filer/v-d8cad916__46db__494b__a3e7__5241057da539-57637_2_A!d-1100024354!vn8eQ8
2025-09-30 13:25:54,431 - urls_to_texts - INFO - GET [403]: https://prod01.elementscloud.no/publikum/Documents/ShowDmbHandlingDocument/a1811a10-8b69-4536-a305-d58a49ce3d91/3596/Protokoll 0.05 0
2025-09-30 13:25:54,431 - urls_to_texts - ERROR - 403 Client Error: Forbidden for url: https://prod01.elementscloud.no/publikum/Documents/ShowDmbHandlingDocument/a1811a10-8b69-4536-a305-d58a49ce3d91/3596/Protokoll
2025-09-30 13:25:54,432 - urls_to_texts - WARNING - No document fetched from https://prod01.elementscloud.no/publikum/Documents/ShowDmbHandlingDocument/a1811a10-8b69-4536-a305-d58a49ce3d91/3596/Protokoll.
2025-09-30 13:25:54,473 - urls_to_texts - INFO - GET [403]: https://prod01.elementscloud.no/publikum/Documents/ShowDmbHandlingDocument/7c1f435b-d2ae-4dd1-9dbd-18aef55dc2df/138/CasesFremlegg 0.04 0
2025-09-30 13:25:54,473 - urls_to_texts - ERROR - 403 Client Error: Forbidden for url: https://prod01.elementscloud.no/publikum/Documents/ShowDmbHandlingDocument/7c1f435b-d2ae-4dd1-9dbd-18aef55dc2df/138/CasesFremlegg
2025-09-30 13:25:54,473 - urls_to_texts - WARNING - No document fetched from https://prod01.elementscloud.no/publikum/Documents/ShowDmbHandlingDocument/7c1f435b-d2ae-4dd1-9dbd-18aef55dc2df/138/CasesFremlegg.
2025-09-30 13:25:54,587 - urls_to_texts - ERROR - Error fetching document: Response ended prematurely
2025-09-30 13:25:54,587 - urls_to_texts - ERROR - Error fetching document 1b98c5a6-592f-570b-a9b5-5aa9f7f39daa from https://ullensvang.kommune.no/api/presentation/v2/nye-innsyn/filer/v-0a336fc1__178f__4c38__8f38__3c7bd5ffdbe6-1753023_1_A!d-2019203068!011Mos
2025-09-30 13:25:54,844 - urls_to_texts - ERROR - ('Connection aborted.', RemoteDisconnected('Remote end closed connection without response'))
2025-09-30 13:25:54,845 - urls_to_texts - WARNING - No document fetched from https://innsynpluss.onacos.no/api/presentation/v2/nye-innsyn/filer/v-9a1e9dfc__3f01__4df5__a599__d213d4fbfca2-79203_1_A!d-1000038993!UW6YLN.
2025-09-30 13:25:54,889 - urls_to_texts - INFO - GET [403]: https://prod02.elementscloud.no/publikum/Documents/ShowMeetingDocument/e5b0d1f1-00c5-4eb0-a9f2-e3450eb803c9/84/MI/511 0.04 0
2025-09-30 13:25:54,889 - urls_to_texts - ERROR - 403 Client Error: Forbidden for url: https://prod02.elementscloud.no/publikum/Documents/ShowMeetingDocument/e5b0d1f1-00c5-4eb0-a9f2-e3450eb803c9/84/MI/511
2025-09-30 13:25:54,890 - urls_to_texts - WARNING - No document fetched from https://prod02.elementscloud.no/publikum/Documents/ShowMeetingDocument/e5b0d1f1-00c5-4eb0-a9f2-e3450eb803c9/84/MI/511.
2025-09-30 13:25:54,932 - urls_to_texts - INFO - GET [403]: https://prod01.elementscloud.no/publikum/Documents/ShowDmbHandlingDocument/5ac72eb8-cac7-496a-b9ef-fc393c80a79a/4312/Protokoll 0.04 0
2025-09-30 13:25:54,932 - urls_to_texts - ERROR - 403 Client Error: Forbidden for url: https://prod01.elementscloud.no/publikum/Documents/ShowDmbHandlingDocument/5ac72eb8-cac7-496a-b9ef-fc393c80a79a/4312/Protokoll
2025-09-30 13:25:54,933 - urls_to_texts - WARNING - No document fetched from https://prod01.elementscloud.no/publikum/Documents/ShowDmbHandlingDocument/5ac72eb8-cac7-496a-b9ef-fc393c80a79a/4312/Protokoll.
2025-09-30 13:25:55,004 - urls_to_texts - ERROR - ('Connection aborted.', RemoteDisconnected('Remote end closed connection without response'))
2025-09-30 13:25:55,005 - urls_to_texts - WARNING - No document fetched from https://sunnfjord.kommune.no/api/presentation/v2/nye-innsyn/filer/v-aba08a8e__580c__4b67__bc21__70eed223f3db-2018582_12_A!d-2022240288!IJH5sB.
2025-09-30 13:25:55,048 - urls_to_texts - INFO - GET [403]: https://prod01.elementscloud.no/publikum/Documents/ShowDmbHandlingDocument/a1811a10-8b69-4536-a305-d58a49ce3d91/3727/Protokoll 0.04 0
2025-09-30 13:25:55,049 - urls_to_texts - ERROR - 403 Client Error: Forbidden for url: https://prod01.elementscloud.no/publikum/Documents/ShowDmbHandlingDocument/a1811a10-8b69-4536-a305-d58a49ce3d91/3727/Protokoll
2025-09-30 13:25:55,049 - urls_to_texts - WARNING - No document fetched from https://prod01.elementscloud.no/publikum/Documents/ShowDmbHandlingDocument/a1811a10-8b69-4536-a305-d58a49ce3d91/3727/Protokoll.
2025-09-30 13:25:55,098 - urls_to_texts - INFO - GET [403]: https://prod02.elementscloud.no/publikum/Documents/ShowDmbHandlingDocument/f041b74e-b1e6-4615-987e-387f63721a2e/970/Protokoll 0.05 0
2025-09-30 13:25:55,098 - urls_to_texts - ERROR - 403 Client Error: Forbidden for url: https://prod02.elementscloud.no/publikum/Documents/ShowDmbHandlingDocument/f041b74e-b1e6-4615-987e-387f63721a2e/970/Protokoll
2025-09-30 13:25:55,098 - urls_to_texts - WARNING - No document fetched from https://prod02.elementscloud.no/publikum/Documents/ShowDmbHandlingDocument/f041b74e-b1e6-4615-987e-387f63721a2e/970/Protokoll.
2025-09-30 13:25:55,141 - urls_to_texts - INFO - GET [403]: https://prod02.elementscloud.no/publikum/Documents/ShowDmbHandlingDocument/7db3a691-f482-4720-b101-c3a44cb31481/2678/CasesFremlegg 0.04 0
2025-09-30 13:25:55,141 - urls_to_texts - ERROR - 403 Client Error: Forbidden for url: https://prod02.elementscloud.no/publikum/Documents/ShowDmbHandlingDocument/7db3a691-f482-4720-b101-c3a44cb31481/2678/CasesFremlegg
2025-09-30 13:25:55,142 - urls_to_texts - WARNING - No document fetched from https://prod02.elementscloud.no/publikum/Documents/ShowDmbHandlingDocument/7db3a691-f482-4720-b101-c3a44cb31481/2678/CasesFremlegg.
2025-09-30 13:25:55,183 - urls_to_texts - INFO - GET [403]: https://prod01.elementscloud.no/publikum/Documents/ShowDmbHandlingDocument/8d21b1e6-6a6c-419d-87c5-2b551cb056f6/5157/CasesFremlegg 0.04 0
2025-09-30 13:25:55,183 - urls_to_texts - ERROR - 403 Client Error: Forbidden for url: https://prod01.elementscloud.no/publikum/Documents/ShowDmbHandlingDocument/8d21b1e6-6a6c-419d-87c5-2b551cb056f6/5157/CasesFremlegg
2025-09-30 13:25:55,184 - urls_to_texts - WARNING - No document fetched from https://prod01.elementscloud.no/publikum/Documents/ShowDmbHandlingDocument/8d21b1e6-6a6c-419d-87c5-2b551cb056f6/5157/CasesFremlegg.
2025-09-30 13:25:55,228 - urls_to_texts - INFO - GET [403]: https://prod02.elementscloud.no/publikum/Documents/ShowDmbHandlingDocument/eff08746-5cb4-4d88-aaf4-4bf6cd496e88/4081/Protokoll 0.04 0
2025-09-30 13:25:55,229 - urls_to_texts - ERROR - 403 Client Error: Forbidden for url: https://prod02.elementscloud.no/publikum/Documents/ShowDmbHandlingDocument/eff08746-5cb4-4d88-aaf4-4bf6cd496e88/4081/Protokoll
2025-09-30 13:25:55,229 - urls_to_texts - WARNING - No document fetched from https://prod02.elementscloud.no/publikum/Documents/ShowDmbHandlingDocument/eff08746-5cb4-4d88-aaf4-4bf6cd496e88/4081/Protokoll.
2025-09-30 13:25:55,331 - urls_to_texts - ERROR - Error fetching document: Response ended prematurely
2025-09-30 13:25:55,331 - urls_to_texts - ERROR - Error fetching document fc321170-6808-5e36-bba9-4a5ecc854338 from https://www.eidfjord.kommune.no/api/presentation/v2/nye-innsyn/filer/v-e7a24bb1__f486__46d9__ada4__35680a127e2c-34755_15_A!d-1100015880!EdWeIE
2025-09-30 13:25:55,411 - urls_to_texts - ERROR - Error fetching document: Response ended prematurely
2025-09-30 13:25:55,411 - urls_to_texts - ERROR - Error fetching document a93e2985-57c4-590c-b17a-eefa608e015c from https://voss.herad.no/api/presentation/v2/nye-innsyn/filer/v-b1707b4a__7a25__41f1__939c__a9a8523356cf-214472_2_A!d-1100107246!c7BZjv
2025-09-30 13:25:55,497 - urls_to_texts - ERROR - Error fetching document: Response ended prematurely
2025-09-30 13:25:55,497 - urls_to_texts - ERROR - Error fetching document dd6836a4-11a9-597e-940b-33253ed0e4bc from https://ullensvang.kommune.no/api/presentation/v2/nye-innsyn/filer/v-0a336fc1__178f__4c38__8f38__3c7bd5ffdbe6-1696471_1_A!d-2019179845!tSQXYY
2025-09-30 13:25:56,274 - urls_to_texts - ERROR - ('Connection aborted.', RemoteDisconnected('Remote end closed connection without response'))
2025-09-30 13:25:56,274 - urls_to_texts - WARNING - No document fetched from https://innsynpluss.onacos.no/api/presentation/v2/nye-innsyn/filer/v-9a1e9dfc__3f01__4df5__a599__d213d4fbfca2-82158_2_A!d-1000040288!8xCjvV.
2025-09-30 13:25:56,317 - urls_to_texts - INFO - GET [403]: https://prod02.elementscloud.no/publikum/Documents/ShowDmbHandlingDocument/99585028-0782-4cec-8366-2e0dbc25d0f4/766/Protokoll 0.04 0
2025-09-30 13:25:56,318 - urls_to_texts - ERROR - 403 Client Error: Forbidden for url: https://prod02.elementscloud.no/publikum/Documents/ShowDmbHandlingDocument/99585028-0782-4cec-8366-2e0dbc25d0f4/766/Protokoll
2025-09-30 13:25:56,318 - urls_to_texts - WARNING - No document fetched from https://prod02.elementscloud.no/publikum/Documents/ShowDmbHandlingDocument/99585028-0782-4cec-8366-2e0dbc25d0f4/766/Protokoll.
2025-09-30 13:25:56,651 - urls_to_texts - INFO - GET [200]: https://www.ardal.kommune.no/api/presentation/v2/nye-innsyn/filer/v-1e069db9__ef6b__4b2b__9616__406836b162cc-453025_2_A!d-2022050728!nS7RcU 0.13 45
2025-09-30 13:25:56,658 - urls_to_texts - INFO - Unsupported file extension: .html
2025-09-30 13:25:56,662 - urls_to_texts - WARNING - No text extracted from document at https://www.ardal.kommune.no/api/presentation/v2/nye-innsyn/filer/v-1e069db9__ef6b__4b2b__9616__406836b162cc-453025_2_A!d-2022050728!nS7RcU.
2025-09-30 13:25:56,728 - urls_to_texts - ERROR - Error fetching document: Response ended prematurely
2025-09-30 13:25:56,728 - urls_to_texts - ERROR - Error fetching document 5bf5ba92-f265-578c-96c2-66749e2a32b9 from https://gloppen.kommune.no/api/presentation/v2/nye-innsyn/filer/v-dd4f3791__13e5__44ce__8656__c0623ce17d55-1616555_5_A!d-2022069463!auu9H7
2025-09-30 13:25:57,170 - urls_to_texts - ERROR - Error fetching document: Response ended prematurely
2025-09-30 13:25:57,170 - urls_to_texts - ERROR - Error fetching document c5398238-6a63-5cf6-af28-e8ad8037d6da from https://innsynpluss.onacos.no/api/presentation/v2/nye-innsyn/filer/v-b15978eb__8cc6__45a9__9564__1f28338ca3d7-613179_1_A!d-1100287527!mzsAsI
2025-09-30 13:25:57,243 - urls_to_texts - ERROR - Error fetching document: Response ended prematurely
2025-09-30 13:25:57,243 - urls_to_texts - ERROR - Error fetching document f29d38e3-53a9-58b0-b6cf-bf609e2535bc from https://bremanger.kommune.no/api/presentation/v2/nye-innsyn/filer/v-0baea8f5__defa__4603__b396__17b5d409cf0e-1547784_5_A!d-2022048723!6Kupcs
2025-09-30 13:25:57,289 - urls_to_texts - INFO - GET [403]: https://prod02.elementscloud.no/publikum/Documents/ShowDmbHandlingDocument/f041b74e-b1e6-4615-987e-387f63721a2e/1567/CasesFremlegg 0.04 0
2025-09-30 13:25:57,289 - urls_to_texts - ERROR - 403 Client Error: Forbidden for url: https://prod02.elementscloud.no/publikum/Documents/ShowDmbHandlingDocument/f041b74e-b1e6-4615-987e-387f63721a2e/1567/CasesFremlegg
2025-09-30 13:25:57,290 - urls_to_texts - WARNING - No document fetched from https://prod02.elementscloud.no/publikum/Documents/ShowDmbHandlingDocument/f041b74e-b1e6-4615-987e-387f63721a2e/1567/CasesFremlegg.
2025-09-30 13:25:57,375 - urls_to_texts - ERROR - Error fetching document: Response ended prematurely
2025-09-30 13:25:57,375 - urls_to_texts - ERROR - Error fetching document 5b4473fd-4ffe-5365-b56d-28c57a162723 from https://stad.kommune.no/api/presentation/v2/nye-innsyn/filer/v-3dd15a26__96f4__4d7d__a998__45a817cb090e-1727657_2_A!d-2022139044!0f8yhT
2025-09-30 13:25:57,416 - urls_to_texts - INFO - GET [403]: https://prod02.elementscloud.no/publikum/Documents/ShowDmbHandlingDocument/7db3a691-f482-4720-b101-c3a44cb31481/2916/Protokoll 0.04 0
2025-09-30 13:25:57,417 - urls_to_texts - ERROR - 403 Client Error: Forbidden for url: https://prod02.elementscloud.no/publikum/Documents/ShowDmbHandlingDocument/7db3a691-f482-4720-b101-c3a44cb31481/2916/Protokoll
2025-09-30 13:25:57,417 - urls_to_texts - WARNING - No document fetched from https://prod02.elementscloud.no/publikum/Documents/ShowDmbHandlingDocument/7db3a691-f482-4720-b101-c3a44cb31481/2916/Protokoll.
2025-09-30 13:25:57,483 - urls_to_texts - ERROR - Error fetching document: Response ended prematurely
2025-09-30 13:25:57,483 - urls_to_texts - ERROR - Error fetching document a04931d4-10db-53b4-aacb-80942f663a03 from https://www.askvoll.kommune.no/api/presentation/v2/nye-innsyn/filer/v-d691afea__aaff__43de__a10d__c9d8e8907141-348518_2_A!d-2022054895!aAGGfA
2025-09-30 13:25:57,836 - urls_to_texts - INFO - GET [200]: https://bjornafjorden.kommune.no/api/presentation/v2/nye-innsyn/filer/v-cc3ede69__97b5__48c8__9b5b__94ea04175932-2262248_1_A!d-2021386517!lIbodT 0.16 46
2025-09-30 13:25:57,843 - urls_to_texts - INFO - Unsupported file extension: .html
2025-09-30 13:25:57,843 - urls_to_texts - WARNING - No text extracted from document at https://bjornafjorden.kommune.no/api/presentation/v2/nye-innsyn/filer/v-cc3ede69__97b5__48c8__9b5b__94ea04175932-2262248_1_A!d-2021386517!lIbodT.
2025-09-30 13:25:57,929 - urls_to_texts - ERROR - Error fetching document: Response ended prematurely
2025-09-30 13:25:57,930 - urls_to_texts - ERROR - Error fetching document 8b748b97-f91a-52bb-8c84-3ec40255f132 from https://www.hyllestad.kommune.no/api/presentation/v2/nye-innsyn/filer/v-0689a22d__4138__4cb7__ad39__fe9db3885dee-214810_2_A!d-2022029159!xVhPfk
2025-09-30 13:25:58,000 - urls_to_texts - ERROR - Error fetching document: Response ended prematurely
2025-09-30 13:25:58,001 - urls_to_texts - ERROR - Error fetching document 37604a3e-e499-5a57-a4df-2a921e97cb87 from https://kinn.kommune.no/api/presentation/v2/nye-innsyn/filer/v-e1a6ab11__6b4d__4733__bbeb__849aa26734de-1879167_3_A!d-2022185759!xu0AzI
2025-09-30 13:25:58,085 - urls_to_texts - ERROR - ('Connection aborted.', RemoteDisconnected('Remote end closed connection without response'))
2025-09-30 13:25:58,086 - urls_to_texts - WARNING - No document fetched from https://stad.kommune.no/api/presentation/v2/nye-innsyn/filer/v-3dd15a26__96f4__4d7d__a998__45a817cb090e-1755130_5_A!d-2022153587!FbbsMc.
2025-09-30 13:25:58,152 - urls_to_texts - ERROR - Error fetching document: Response ended prematurely
2025-09-30 13:25:58,153 - urls_to_texts - ERROR - Error fetching document b1244835-041f-50e3-bd59-4de23845c30a from https://www.ulvik.kommune.no/api/presentation/v2/nye-innsyn/filer/v-fbd4410b__3d1a__4153__a3c5__50e18ebc878e-212975_6_P!d-2024011857!d29eut
2025-09-30 13:25:58,196 - urls_to_texts - INFO - GET [403]: https://prod01.elementscloud.no/publikum/Documents/ShowDmbHandlingDocument/2ff0b82d-4b3d-48b4-987a-ebeff927518a/4915/CasesFremlegg 0.04 0
2025-09-30 13:25:58,196 - urls_to_texts - ERROR - 403 Client Error: Forbidden for url: https://prod01.elementscloud.no/publikum/Documents/ShowDmbHandlingDocument/2ff0b82d-4b3d-48b4-987a-ebeff927518a/4915/CasesFremlegg
2025-09-30 13:25:58,196 - urls_to_texts - WARNING - No document fetched from https://prod01.elementscloud.no/publikum/Documents/ShowDmbHandlingDocument/2ff0b82d-4b3d-48b4-987a-ebeff927518a/4915/CasesFremlegg.
2025-09-30 13:25:58,562 - urls_to_texts - INFO - GET [200]: https://bjornafjorden.kommune.no/api/presentation/v2/nye-innsyn/filer/v-cc3ede69__97b5__48c8__9b5b__94ea04175932-2155909_1_A!d-2021323278!yB46BG 0.19 46
2025-09-30 13:25:58,568 - urls_to_texts - INFO - Unsupported file extension: .html
2025-09-30 13:25:58,568 - urls_to_texts - WARNING - No text extracted from document at https://bjornafjorden.kommune.no/api/presentation/v2/nye-innsyn/filer/v-cc3ede69__97b5__48c8__9b5b__94ea04175932-2155909_1_A!d-2021323278!yB46BG.
2025-09-30 13:25:59,141 - urls_to_texts - ERROR - Error fetching document: Response ended prematurely
2025-09-30 13:25:59,142 - urls_to_texts - ERROR - Error fetching document ee597ad9-219c-5cb6-a94b-241dddcaf6ec from https://innsynpluss.onacos.no/api/presentation/v2/nye-innsyn/filer/v-b15978eb__8cc6__45a9__9564__1f28338ca3d7-654004_4_A!d-1100303919!lSIdQO
2025-09-30 13:25:59,209 - urls_to_texts - ERROR - Error fetching document: Response ended prematurely
2025-09-30 13:25:59,209 - urls_to_texts - ERROR - Error fetching document 6fa1670c-744b-5a16-8d3b-3c4e8d1069e2 from https://voss.herad.no/api/presentation/v2/nye-innsyn/filer/v-b1707b4a__7a25__41f1__939c__a9a8523356cf-226342_2_A!d-1100112087!08Qg51
2025-09-30 13:25:59,278 - urls_to_texts - ERROR - Error fetching document: Response ended prematurely
2025-09-30 13:25:59,279 - urls_to_texts - ERROR - Error fetching document b7e2e156-fc0a-5572-acb5-ccdf6438e3d8 from https://sunnfjord.kommune.no/api/presentation/v2/nye-innsyn/filer/v-aba08a8e__580c__4b67__bc21__70eed223f3db-2044171_1_A!d-2022252979!4nHp2c
2025-09-30 13:25:59,321 - urls_to_texts - INFO - GET [403]: https://prod02.elementscloud.no/publikum/Documents/ShowDmbHandlingDocument/eff08746-5cb4-4d88-aaf4-4bf6cd496e88/4369/Protokoll 0.04 0
2025-09-30 13:25:59,321 - urls_to_texts - ERROR - 403 Client Error: Forbidden for url: https://prod02.elementscloud.no/publikum/Documents/ShowDmbHandlingDocument/eff08746-5cb4-4d88-aaf4-4bf6cd496e88/4369/Protokoll
2025-09-30 13:25:59,322 - urls_to_texts - WARNING - No document fetched from https://prod02.elementscloud.no/publikum/Documents/ShowDmbHandlingDocument/eff08746-5cb4-4d88-aaf4-4bf6cd496e88/4369/Protokoll.
2025-09-30 13:25:59,405 - urls_to_texts - ERROR - Error fetching document: Response ended prematurely
2025-09-30 13:25:59,405 - urls_to_texts - ERROR - Error fetching document 520fe1c1-21da-5ff0-b344-b022dbbf8468 from https://ullensvang.kommune.no/api/presentation/v2/nye-innsyn/filer/v-0a336fc1__178f__4c38__8f38__3c7bd5ffdbe6-1763251_3_A!d-2019207796!GMjHnA
2025-09-30 13:25:59,473 - urls_to_texts - ERROR - Error fetching document: Response ended prematurely
2025-09-30 13:25:59,473 - urls_to_texts - ERROR - Error fetching document 3bb831c9-2fec-5b8a-9ced-7027553afd01 from https://voss.herad.no/api/presentation/v2/nye-innsyn/filer/v-b1707b4a__7a25__41f1__939c__a9a8523356cf-257115_1_A!d-1100125964!muYgIL
2025-09-30 13:25:59,557 - urls_to_texts - ERROR - Error fetching document: Response ended prematurely
2025-09-30 13:25:59,557 - urls_to_texts - ERROR - Error fetching document 57cb2369-4355-5ba7-bc86-c7cf480836dd from https://www.luster.kommune.no/api/presentation/v2/nye-innsyn/filer/v-721139d1__230b__45c0__9cf1__92f0ef921828-151038_2_A!d-1100085378!2jS9Bf
2025-09-30 13:25:59,940 - urls_to_texts - INFO - GET [200]: https://bergen.kommune.no/politikere-utvalg/api/fil/bk360/13504215/Innstilling-vedtak-Godkjenning-av-protokoller-fra-Valgstyrets-moter-19-08-2025-og-10-09-2025- 0.27 39
2025-09-30 13:26:00,033 - urls_to_texts - INFO - Processed 6/44118 documents (skipped: 60)
2025-09-30 13:26:00,378 - urls_to_texts - INFO - GET [200]: https://www.etne.kommune.no/api/presentation/v2/nye-innsyn/filer/v-e857a982__e852__4eeb__a914__f85d70e5a42b-1588200_11_P!d-2020083318!PGEyer 0.17 45
2025-09-30 13:26:00,384 - urls_to_texts - INFO - Unsupported file extension: .html
2025-09-30 13:26:00,384 - urls_to_texts - WARNING - No text extracted from document at https://www.etne.kommune.no/api/presentation/v2/nye-innsyn/filer/v-e857a982__e852__4eeb__a914__f85d70e5a42b-1588200_11_P!d-2020083318!PGEyer.
2025-09-30 13:26:00,428 - urls_to_texts - INFO - GET [403]: https://prod02.elementscloud.no/publikum/Documents/ShowDmbHandlingDocument/a9103361-55ca-477e-ad2b-00f79954109d/1064/CasesFremlegg 0.04 0
2025-09-30 13:26:00,429 - urls_to_texts - ERROR - 403 Client Error: Forbidden for url: https://prod02.elementscloud.no/publikum/Documents/ShowDmbHandlingDocument/a9103361-55ca-477e-ad2b-00f79954109d/1064/CasesFremlegg
2025-09-30 13:26:00,429 - urls_to_texts - WARNING - No document fetched from https://prod02.elementscloud.no/publikum/Documents/ShowDmbHandlingDocument/a9103361-55ca-477e-ad2b-00f79954109d/1064/CasesFremlegg.
2025-09-30 13:26:00,688 - urls_to_texts - ERROR - Error fetching document: Response ended prematurely
2025-09-30 13:26:00,689 - urls_to_texts - ERROR - Error fetching document 10aeeb0c-782b-557a-b5a2-270708f68b5d from https://innsynpluss.onacos.no/api/presentation/v2/nye-innsyn/filer/v-9a1e9dfc__3f01__4df5__a599__d213d4fbfca2-83897_1_A!d-1000041107!C3KCyM
2025-09-30 13:26:00,740 - urls_to_texts - INFO - GET [403]: https://prod01.elementscloud.no/publikum/Documents/ShowDmbHandlingDocument/0f947f6b-b1b0-4470-840e-4226ef3244af/9431/Protokoll 0.05 0
2025-09-30 13:26:00,740 - urls_to_texts - ERROR - 403 Client Error: Forbidden for url: https://prod01.elementscloud.no/publikum/Documents/ShowDmbHandlingDocument/0f947f6b-b1b0-4470-840e-4226ef3244af/9431/Protokoll
2025-09-30 13:26:00,740 - urls_to_texts - WARNING - No document fetched from https://prod01.elementscloud.no/publikum/Documents/ShowDmbHandlingDocument/0f947f6b-b1b0-4470-840e-4226ef3244af/9431/Protokoll.
2025-09-30 13:26:00,785 - urls_to_texts - INFO - GET [403]: https://prod02.elementscloud.no/publikum/Documents/ShowDmbHandlingDocument/b0d5f453-caf0-475d-b3bc-9f9114471c37/2225/CasesFremlegg 0.04 0
2025-09-30 13:26:00,786 - urls_to_texts - ERROR - 403 Client Error: Forbidden for url: https://prod02.elementscloud.no/publikum/Documents/ShowDmbHandlingDocument/b0d5f453-caf0-475d-b3bc-9f9114471c37/2225/CasesFremlegg
2025-09-30 13:26:00,786 - urls_to_texts - WARNING - No document fetched from https://prod02.elementscloud.no/publikum/Documents/ShowDmbHandlingDocument/b0d5f453-caf0-475d-b3bc-9f9114471c37/2225/CasesFremlegg.
2025-09-30 13:26:01,431 - urls_to_texts - ERROR - Error fetching document: Response ended prematurely
2025-09-30 13:26:01,431 - urls_to_texts - ERROR - Error fetching document d5099a20-1c26-50d4-85b5-053d30883175 from https://innsynpluss.onacos.no/api/presentation/v2/nye-innsyn/filer/v-b27cb650__363a__4a8b__acee__9e6cafa23ca2-73957_1_A!d-1100040605!8rbdEk
2025-09-30 13:26:01,477 - urls_to_texts - INFO - GET [403]: https://prod01.elementscloud.no/publikum/Documents/ShowDmbHandlingDocument/a1811a10-8b69-4536-a305-d58a49ce3d91/3415/CasesFremlegg 0.04 0
2025-09-30 13:26:01,477 - urls_to_texts - ERROR - 403 Client Error: Forbidden for url: https://prod01.elementscloud.no/publikum/Documents/ShowDmbHandlingDocument/a1811a10-8b69-4536-a305-d58a49ce3d91/3415/CasesFremlegg
2025-09-30 13:26:01,477 - urls_to_texts - WARNING - No document fetched from https://prod01.elementscloud.no/publikum/Documents/ShowDmbHandlingDocument/a1811a10-8b69-4536-a305-d58a49ce3d91/3415/CasesFremlegg.
2025-09-30 13:26:01,666 - urls_to_texts - ERROR - ('Connection aborted.', RemoteDisconnected('Remote end closed connection without response'))
2025-09-30 13:26:01,667 - urls_to_texts - WARNING - No document fetched from https://innsynpluss.onacos.no/api/presentation/v2/nye-innsyn/filer/v-9a1e9dfc__3f01__4df5__a599__d213d4fbfca2-77318_1_A!d-1000038070!IrctEf.
2025-09-30 13:26:01,733 - urls_to_texts - ERROR - ('Connection aborted.', RemoteDisconnected('Remote end closed connection without response'))
2025-09-30 13:26:01,733 - urls_to_texts - WARNING - No document fetched from https://voss.herad.no/api/presentation/v2/nye-innsyn/filer/v-b1707b4a__7a25__41f1__939c__a9a8523356cf-222727_2_A!d-1100110413!WO4x3s.
2025-09-30 13:26:01,883 - urls_to_texts - ERROR - Error fetching document: Response ended prematurely
2025-09-30 13:26:01,883 - urls_to_texts - ERROR - Error fetching document bdcbbd3f-47a2-50ef-9c7c-9c2a9a277bb1 from https://stad.kommune.no/api/presentation/v2/nye-innsyn/filer/v-3dd15a26__96f4__4d7d__a998__45a817cb090e-1788315_2_A!d-2022172135!DKgofx
2025-09-30 13:26:02,294 - urls_to_texts - INFO - GET [200]: https://bjornafjorden.kommune.no/api/presentation/v2/nye-innsyn/filer/v-cc3ede69__97b5__48c8__9b5b__94ea04175932-2181618_1_A!d-2021334683!jF7c4H 0.18 46
2025-09-30 13:26:02,301 - urls_to_texts - INFO - Unsupported file extension: .html
2025-09-30 13:26:02,301 - urls_to_texts - WARNING - No text extracted from document at https://bjornafjorden.kommune.no/api/presentation/v2/nye-innsyn/filer/v-cc3ede69__97b5__48c8__9b5b__94ea04175932-2181618_1_A!d-2021334683!jF7c4H.
2025-09-30 13:26:02,352 - urls_to_texts - INFO - GET [403]: https://prod01.elementscloud.no/publikum/Documents/ShowMeetingDocument/58bcb069-e37a-4130-9be0-e56f6fb533b7/279/MP/1115 0.05 0
2025-09-30 13:26:02,352 - urls_to_texts - ERROR - 403 Client Error: Forbidden for url: https://prod01.elementscloud.no/publikum/Documents/ShowMeetingDocument/58bcb069-e37a-4130-9be0-e56f6fb533b7/279/MP/1115
2025-09-30 13:26:02,353 - urls_to_texts - WARNING - No document fetched from https://prod01.elementscloud.no/publikum/Documents/ShowMeetingDocument/58bcb069-e37a-4130-9be0-e56f6fb533b7/279/MP/1115.
2025-09-30 13:26:02,400 - urls_to_texts - INFO - GET [403]: https://prod02.elementscloud.no/publikum/Documents/ShowDmbHandlingDocument/2d8f53e3-3226-477a-8245-0622ae7edf5d/2227/Protokoll 0.05 0
2025-09-30 13:26:02,400 - urls_to_texts - ERROR - 403 Client Error: Forbidden for url: https://prod02.elementscloud.no/publikum/Documents/ShowDmbHandlingDocument/2d8f53e3-3226-477a-8245-0622ae7edf5d/2227/Protokoll
2025-09-30 13:26:02,401 - urls_to_texts - WARNING - No document fetched from https://prod02.elementscloud.no/publikum/Documents/ShowDmbHandlingDocument/2d8f53e3-3226-477a-8245-0622ae7edf5d/2227/Protokoll.
2025-09-30 13:26:02,439 - urls_to_texts - INFO - GET [403]: https://prod02.elementscloud.no/publikum/Documents/ShowDmbHandlingDocument/e5b0d1f1-00c5-4eb0-a9f2-e3450eb803c9/1589/CasesFremlegg 0.04 0
2025-09-30 13:26:02,440 - urls_to_texts - ERROR - 403 Client Error: Forbidden for url: https://prod02.elementscloud.no/publikum/Documents/ShowDmbHandlingDocument/e5b0d1f1-00c5-4eb0-a9f2-e3450eb803c9/1589/CasesFremlegg
2025-09-30 13:26:02,440 - urls_to_texts - WARNING - No document fetched from https://prod02.elementscloud.no/publikum/Documents/ShowDmbHandlingDocument/e5b0d1f1-00c5-4eb0-a9f2-e3450eb803c9/1589/CasesFremlegg.
2025-09-30 13:26:02,489 - urls_to_texts - INFO - GET [403]: https://prod02.elementscloud.no/publikum/Documents/ShowDmbHandlingDocument/f041b74e-b1e6-4615-987e-387f63721a2e/1403/Protokoll 0.05 0
2025-09-30 13:26:02,489 - urls_to_texts - ERROR - 403 Client Error: Forbidden for url: https://prod02.elementscloud.no/publikum/Documents/ShowDmbHandlingDocument/f041b74e-b1e6-4615-987e-387f63721a2e/1403/Protokoll
2025-09-30 13:26:02,489 - urls_to_texts - WARNING - No document fetched from https://prod02.elementscloud.no/publikum/Documents/ShowDmbHandlingDocument/f041b74e-b1e6-4615-987e-387f63721a2e/1403/Protokoll.
2025-09-30 13:26:02,531 - urls_to_texts - INFO - GET [403]: https://prod02.elementscloud.no/publikum/Documents/ShowDmbHandlingDocument/a9103361-55ca-477e-ad2b-00f79954109d/1076/CasesFremlegg 0.04 0
2025-09-30 13:26:02,532 - urls_to_texts - ERROR - 403 Client Error: Forbidden for url: https://prod02.elementscloud.no/publikum/Documents/ShowDmbHandlingDocument/a9103361-55ca-477e-ad2b-00f79954109d/1076/CasesFremlegg
2025-09-30 13:26:02,532 - urls_to_texts - WARNING - No document fetched from https://prod02.elementscloud.no/publikum/Documents/ShowDmbHandlingDocument/a9103361-55ca-477e-ad2b-00f79954109d/1076/CasesFremlegg.
2025-09-30 13:26:02,602 - urls_to_texts - ERROR - Error fetching document: Response ended prematurely
2025-09-30 13:26:02,602 - urls_to_texts - ERROR - Error fetching document c6e4434c-79ca-584b-8f7c-357611934ff8 from https://voss.herad.no/api/presentation/v2/nye-innsyn/filer/v-b1707b4a__7a25__41f1__939c__a9a8523356cf-278970_2_A!d-1100136762!WRsOFt
2025-09-30 13:26:03,171 - urls_to_texts - ERROR - Error fetching document: Response ended prematurely
2025-09-30 13:26:03,172 - urls_to_texts - ERROR - Error fetching document b8ea0d69-4a29-5854-823c-b0eb5a874a3d from https://innsynpluss.onacos.no/api/presentation/v2/nye-innsyn/filer/v-5aa3fc36__7e40__40ea__a576__ab19a6e397dc-48543_5_P!d-1100026973!zM2FSv
2025-09-30 13:26:03,211 - urls_to_texts - INFO - GET [403]: https://prod01.elementscloud.no/publikum/Documents/ShowDmbHandlingDocument/5ac72eb8-cac7-496a-b9ef-fc393c80a79a/4741/CasesFremlegg 0.04 0
2025-09-30 13:26:03,211 - urls_to_texts - ERROR - 403 Client Error: Forbidden for url: https://prod01.elementscloud.no/publikum/Documents/ShowDmbHandlingDocument/5ac72eb8-cac7-496a-b9ef-fc393c80a79a/4741/CasesFremlegg
2025-09-30 13:26:03,212 - urls_to_texts - WARNING - No document fetched from https://prod01.elementscloud.no/publikum/Documents/ShowDmbHandlingDocument/5ac72eb8-cac7-496a-b9ef-fc393c80a79a/4741/CasesFremlegg.
2025-09-30 13:26:03,297 - urls_to_texts - ERROR - Error fetching document: Response ended prematurely
2025-09-30 13:26:03,297 - urls_to_texts - ERROR - Error fetching document c94a966e-c107-5396-83ab-df68e60e25b2 from https://www.eidfjord.kommune.no/api/presentation/v2/nye-innsyn/filer/v-e7a24bb1__f486__46d9__ada4__35680a127e2c-40304_1_P!d-1100018532!ukBIK0
2025-09-30 13:26:03,856 - urls_to_texts - ERROR - Error fetching document: Response ended prematurely
2025-09-30 13:26:03,856 - urls_to_texts - ERROR - Error fetching document c7093303-294f-5e4b-b755-4c9a13133854 from https://innsynpluss.onacos.no/api/presentation/v2/nye-innsyn/filer/v-10785b61__f1ba__405d__8af8__b65017f85ea0-377457_1_A!d-1100236354!1wpME7
2025-09-30 13:26:03,951 - urls_to_texts - ERROR - Error fetching document: Response ended prematurely
2025-09-30 13:26:03,951 - urls_to_texts - ERROR - Error fetching document 3f19cd24-1c95-5b87-b279-4fde8d2889e9 from https://voss.herad.no/api/presentation/v2/nye-innsyn/filer/v-b1707b4a__7a25__41f1__939c__a9a8523356cf-233808_1_A!d-1100115928!efUliO
2025-09-30 13:26:03,994 - urls_to_texts - INFO - GET [403]: https://prod02.elementscloud.no/publikum/Documents/ShowDmbHandlingDocument/76dc8fa9-13be-48a4-b5a8-5168c5a1e3f6/210/CasesFremlegg 0.04 0
2025-09-30 13:26:03,994 - urls_to_texts - ERROR - 403 Client Error: Forbidden for url: https://prod02.elementscloud.no/publikum/Documents/ShowDmbHandlingDocument/76dc8fa9-13be-48a4-b5a8-5168c5a1e3f6/210/CasesFremlegg
2025-09-30 13:26:03,995 - urls_to_texts - WARNING - No document fetched from https://prod02.elementscloud.no/publikum/Documents/ShowDmbHandlingDocument/76dc8fa9-13be-48a4-b5a8-5168c5a1e3f6/210/CasesFremlegg.
2025-09-30 13:26:04,063 - urls_to_texts - ERROR - Error fetching document: Response ended prematurely
2025-09-30 13:26:04,063 - urls_to_texts - ERROR - Error fetching document ab9bb041-ecbb-5acd-8fba-7c438d0495a2 from https://kinn.kommune.no/api/presentation/v2/nye-innsyn/filer/v-e1a6ab11__6b4d__4733__bbeb__849aa26734de-1902099_2_A!d-2022197208!KBtrV8
2025-09-30 13:26:04,127 - urls_to_texts - ERROR - ('Connection aborted.', RemoteDisconnected('Remote end closed connection without response'))
2025-09-30 13:26:04,127 - urls_to_texts - WARNING - No document fetched from https://www.solund.kommune.no/api/presentation/v2/nye-innsyn/filer/v-e8f93b5a__de8c__4fed__8410__71ae71ffb04f-132272_8_P!d-2022013049!HjRueA.
2025-09-30 13:26:04,214 - urls_to_texts - ERROR - Error fetching document: Response ended prematurely
2025-09-30 13:26:04,215 - urls_to_texts - ERROR - Error fetching document be3b3c71-bc1c-5b1f-b692-8f133d73689c from https://www.eidfjord.kommune.no/api/presentation/v2/nye-innsyn/filer/v-e7a24bb1__f486__46d9__ada4__35680a127e2c-41441_1_P!d-1100019176!te76Wj
2025-09-30 13:26:04,897 - urls_to_texts - ERROR - Error fetching document: Response ended prematurely
2025-09-30 13:26:04,897 - urls_to_texts - ERROR - Error fetching document 1087d187-f570-5adf-ab05-a0f16870316b from https://innsynpluss.onacos.no/api/presentation/v2/nye-innsyn/filer/v-b27cb650__363a__4a8b__acee__9e6cafa23ca2-88659_11_P!d-1100048861!IxbHan
2025-09-30 13:26:04,940 - urls_to_texts - INFO - GET [403]: https://prod01.elementscloud.no/publikum/Documents/ShowDmbHandlingDocument/a1811a10-8b69-4536-a305-d58a49ce3d91/3344/CasesFremlegg 0.04 0
2025-09-30 13:26:04,940 - urls_to_texts - ERROR - 403 Client Error: Forbidden for url: https://prod01.elementscloud.no/publikum/Documents/ShowDmbHandlingDocument/a1811a10-8b69-4536-a305-d58a49ce3d91/3344/CasesFremlegg
2025-09-30 13:26:04,941 - urls_to_texts - WARNING - No document fetched from https://prod01.elementscloud.no/publikum/Documents/ShowDmbHandlingDocument/a1811a10-8b69-4536-a305-d58a49ce3d91/3344/CasesFremlegg.
2025-09-30 13:26:04,989 - urls_to_texts - INFO - GET [403]: https://prod01.elementscloud.no/publikum/Documents/ShowDmbHandlingDocument/3babd1aa-82df-406b-8a71-390619586974/7837/Protokoll 0.05 0
2025-09-30 13:26:04,989 - urls_to_texts - ERROR - 403 Client Error: Forbidden for url: https://prod01.elementscloud.no/publikum/Documents/ShowDmbHandlingDocument/3babd1aa-82df-406b-8a71-390619586974/7837/Protokoll
2025-09-30 13:26:04,990 - urls_to_texts - WARNING - No document fetched from https://prod01.elementscloud.no/publikum/Documents/ShowDmbHandlingDocument/3babd1aa-82df-406b-8a71-390619586974/7837/Protokoll.
2025-09-30 13:26:05,032 - urls_to_texts - INFO - GET [403]: https://prod01.elementscloud.no/publikum/Documents/ShowDmbHandlingDocument/5ac72eb8-cac7-496a-b9ef-fc393c80a79a/4172/Protokoll 0.04 0
2025-09-30 13:26:05,032 - urls_to_texts - ERROR - 403 Client Error: Forbidden for url: https://prod01.elementscloud.no/publikum/Documents/ShowDmbHandlingDocument/5ac72eb8-cac7-496a-b9ef-fc393c80a79a/4172/Protokoll
2025-09-30 13:26:05,032 - urls_to_texts - WARNING - No document fetched from https://prod01.elementscloud.no/publikum/Documents/ShowDmbHandlingDocument/5ac72eb8-cac7-496a-b9ef-fc393c80a79a/4172/Protokoll.
2025-09-30 13:26:05,080 - urls_to_texts - INFO - GET [403]: https://prod01.elementscloud.no/publikum/Documents/ShowMeetingDocument/5ac72eb8-cac7-496a-b9ef-fc393c80a79a/429/MP/1821 0.05 0
2025-09-30 13:26:05,080 - urls_to_texts - ERROR - 403 Client Error: Forbidden for url: https://prod01.elementscloud.no/publikum/Documents/ShowMeetingDocument/5ac72eb8-cac7-496a-b9ef-fc393c80a79a/429/MP/1821
2025-09-30 13:26:05,081 - urls_to_texts - WARNING - No document fetched from https://prod01.elementscloud.no/publikum/Documents/ShowMeetingDocument/5ac72eb8-cac7-496a-b9ef-fc393c80a79a/429/MP/1821.
2025-09-30 13:26:05,496 - urls_to_texts - INFO - GET [200]: https://www.ardal.kommune.no/api/presentation/v2/nye-innsyn/filer/v-1e069db9__ef6b__4b2b__9616__406836b162cc-453075_5_P!d-2022050754!WI7tBl 0.21 45
2025-09-30 13:26:05,503 - urls_to_texts - INFO - Unsupported file extension: .html
2025-09-30 13:26:05,503 - urls_to_texts - WARNING - No text extracted from document at https://www.ardal.kommune.no/api/presentation/v2/nye-innsyn/filer/v-1e069db9__ef6b__4b2b__9616__406836b162cc-453075_5_P!d-2022050754!WI7tBl.
2025-09-30 13:26:05,545 - urls_to_texts - INFO - GET [403]: https://prod01.elementscloud.no/publikum/Documents/ShowDmbHandlingDocument/0f947f6b-b1b0-4470-840e-4226ef3244af/9364/Protokoll 0.04 0
2025-09-30 13:26:05,546 - urls_to_texts - ERROR - 403 Client Error: Forbidden for url: https://prod01.elementscloud.no/publikum/Documents/ShowDmbHandlingDocument/0f947f6b-b1b0-4470-840e-4226ef3244af/9364/Protokoll
2025-09-30 13:26:05,546 - urls_to_texts - WARNING - No document fetched from https://prod01.elementscloud.no/publikum/Documents/ShowDmbHandlingDocument/0f947f6b-b1b0-4470-840e-4226ef3244af/9364/Protokoll.
2025-09-30 13:26:05,694 - urls_to_texts - ERROR - Error fetching document: Response ended prematurely
2025-09-30 13:26:05,694 - urls_to_texts - ERROR - Error fetching document 4a8c26f9-dd38-5b67-acd0-da1bdb9f4ea1 from https://www.eidfjord.kommune.no/api/presentation/v2/nye-innsyn/filer/v-e7a24bb1__f486__46d9__ada4__35680a127e2c-33253_3_A!d-1100015154!6AWPfV
2025-09-30 13:26:06,194 - urls_to_texts - ERROR - Error fetching document: Response ended prematurely
2025-09-30 13:26:06,194 - urls_to_texts - ERROR - Error fetching document d44de6e9-a357-5f75-9185-6484c74d20fd from https://innsynpluss.onacos.no/api/presentation/v2/nye-innsyn/filer/v-084e0747__69df__45ac__bc47__df64cee5aa6d-91690_1_A!d-1100048854!3B9Ur3
2025-09-30 13:26:06,908 - urls_to_texts - ERROR - Error fetching document: Response ended prematurely
2025-09-30 13:26:06,909 - urls_to_texts - ERROR - Error fetching document dea1f39c-7169-5e6d-8469-bd2a708e7291 from https://innsynpluss.onacos.no/api/presentation/v2/nye-innsyn/filer/v-b27cb650__363a__4a8b__acee__9e6cafa23ca2-86341_13_A!d-1100047488!NK1Cv8
2025-09-30 13:26:07,285 - urls_to_texts - ERROR - Error fetching document: Response ended prematurely
2025-09-30 13:26:07,285 - urls_to_texts - ERROR - Error fetching document 2beb88f8-aaed-50d4-8084-551f33998873 from https://innsynpluss.onacos.no/api/presentation/v2/nye-innsyn/filer/v-10785b61__f1ba__405d__8af8__b65017f85ea0-376232_2_A!d-1100235642!ERV1fj
2025-09-30 13:26:11,191 - urls_to_texts - ERROR - Error fetching document: Response ended prematurely
2025-09-30 13:26:11,192 - urls_to_texts - ERROR - Error fetching document c5d47392-f1d3-549a-a9ef-1d49893f0553 from https://innsynpluss.onacos.no/api/presentation/v2/nye-innsyn/filer/v-10785b61__f1ba__405d__8af8__b65017f85ea0-294395_11_A!d-1100194476!hIsDlY
2025-09-30 13:26:11,920 - urls_to_texts - INFO - GET [200]: https://innsyn.tromso.kommune.no/application/getMoteDokument?dokid=2002121960 0.68 103
2025-09-30 13:26:11,994 - urls_to_texts - INFO - Processed 7/44118 documents (skipped: 82)
2025-09-30 13:26:12,476 - urls_to_texts - ERROR - Error fetching document: Response ended prematurely
2025-09-30 13:26:12,476 - urls_to_texts - ERROR - Error fetching document da516efd-657c-5c7d-82ea-1498042d267c from https://innsynpluss.onacos.no/api/presentation/v2/nye-innsyn/filer/v-b27cb650__363a__4a8b__acee__9e6cafa23ca2-88190_2_A!d-1100048594!aNql2n
2025-09-30 13:26:12,542 - urls_to_texts - ERROR - ('Connection aborted.', RemoteDisconnected('Remote end closed connection without response'))
2025-09-30 13:26:12,542 - urls_to_texts - WARNING - No document fetched from https://www.oksnes.kommune.no/api/presentation/v2/nye-innsyn/filer/v-d8cad916__46db__494b__a3e7__5241057da539-56471_5_P!d-1100023823!Lu96NT.
2025-09-30 13:26:12,587 - urls_to_texts - INFO - GET [403]: https://prod02.elementscloud.no/publikum/Documents/ShowDmbHandlingDocument/f041b74e-b1e6-4615-987e-387f63721a2e/1051/CasesFremlegg 0.04 0
2025-09-30 13:26:12,587 - urls_to_texts - ERROR - 403 Client Error: Forbidden for url: https://prod02.elementscloud.no/publikum/Documents/ShowDmbHandlingDocument/f041b74e-b1e6-4615-987e-387f63721a2e/1051/CasesFremlegg
2025-09-30 13:26:12,587 - urls_to_texts - WARNING - No document fetched from https://prod02.elementscloud.no/publikum/Documents/ShowDmbHandlingDocument/f041b74e-b1e6-4615-987e-387f63721a2e/1051/CasesFremlegg.
2025-09-30 13:26:12,651 - urls_to_texts - ERROR - ('Connection aborted.', RemoteDisconnected('Remote end closed connection without response'))
2025-09-30 13:26:12,651 - urls_to_texts - WARNING - No document fetched from https://kinn.kommune.no/api/presentation/v2/nye-innsyn/filer/v-e1a6ab11__6b4d__4733__bbeb__849aa26734de-1901069_1_A!d-2022196655!8RzT8S.
2025-09-30 13:26:12,690 - urls_to_texts - INFO - GET [403]: https://prod01.elementscloud.no/publikum/Documents/ShowDmbHandlingDocument/a1811a10-8b69-4536-a305-d58a49ce3d91/3128/CasesFremlegg 0.04 0
2025-09-30 13:26:12,691 - urls_to_texts - ERROR - 403 Client Error: Forbidden for url: https://prod01.elementscloud.no/publikum/Documents/ShowDmbHandlingDocument/a1811a10-8b69-4536-a305-d58a49ce3d91/3128/CasesFremlegg
2025-09-30 13:26:12,691 - urls_to_texts - WARNING - No document fetched from https://prod01.elementscloud.no/publikum/Documents/ShowDmbHandlingDocument/a1811a10-8b69-4536-a305-d58a49ce3d91/3128/CasesFremlegg.
2025-09-30 13:26:12,733 - urls_to_texts - INFO - GET [403]: https://prod02.elementscloud.no/publikum/Documents/ShowDmbHandlingDocument/f041b74e-b1e6-4615-987e-387f63721a2e/1252/CasesFremlegg 0.04 0
2025-09-30 13:26:12,733 - urls_to_texts - ERROR - 403 Client Error: Forbidden for url: https://prod02.elementscloud.no/publikum/Documents/ShowDmbHandlingDocument/f041b74e-b1e6-4615-987e-387f63721a2e/1252/CasesFremlegg
2025-09-30 13:26:12,733 - urls_to_texts - WARNING - No document fetched from https://prod02.elementscloud.no/publikum/Documents/ShowDmbHandlingDocument/f041b74e-b1e6-4615-987e-387f63721a2e/1252/CasesFremlegg.
2025-09-30 13:26:13,118 - urls_to_texts - INFO - GET [200]: https://www.ardal.kommune.no/api/presentation/v2/nye-innsyn/filer/v-1e069db9__ef6b__4b2b__9616__406836b162cc-467459_5_P!d-2022058749!A8ef0u 0.18 44
2025-09-30 13:26:13,125 - urls_to_texts - INFO - Unsupported file extension: .html
2025-09-30 13:26:13,125 - urls_to_texts - WARNING - No text extracted from document at https://www.ardal.kommune.no/api/presentation/v2/nye-innsyn/filer/v-1e069db9__ef6b__4b2b__9616__406836b162cc-467459_5_P!d-2022058749!A8ef0u.
2025-09-30 13:26:23,043 - urls_to_texts - INFO - GET [200]: https://innsynpluss.onacos.no/kvanangen/innsyn/moteoversikt/#/details/m-5aa3fc36__7e40__40ea__a576__ab19a6e397dc-223!N7syEB 9.92 39
2025-09-30 13:26:23,044 - urls_to_texts - INFO - Unsupported file extension: 
2025-09-30 13:26:23,054 - urls_to_texts - WARNING - No text extracted from document at https://innsynpluss.onacos.no/kvanangen/innsyn/moteoversikt/#/details/m-5aa3fc36__7e40__40ea__a576__ab19a6e397dc-223!N7syEB.
2025-09-30 13:26:23,122 - urls_to_texts - ERROR - Error fetching document: Response ended prematurely
2025-09-30 13:26:23,122 - urls_to_texts - ERROR - Error fetching document 06b5f86c-6a76-577f-8d62-9f1c042aaac3 from https://www.askvoll.kommune.no/api/presentation/v2/nye-innsyn/filer/v-d691afea__aaff__43de__a10d__c9d8e8907141-355230_1_A!d-2022059498!xiPARX
2025-09-30 13:26:23,853 - urls_to_texts - ERROR - Error fetching document: Response ended prematurely
2025-09-30 13:26:23,853 - urls_to_texts - ERROR - Error fetching document d246affd-899b-5d7a-a0b6-56b1cf87bbdc from https://innsynpluss.onacos.no/api/presentation/v2/nye-innsyn/filer/v-9a1e9dfc__3f01__4df5__a599__d213d4fbfca2-88245_2_P!d-1000043040!5DFobi
2025-09-30 13:26:23,894 - urls_to_texts - INFO - GET [403]: https://prod01.elementscloud.no/publikum/Documents/ShowMeetingDocument/3babd1aa-82df-406b-8a71-390619586974/503/MP/2256 0.04 0
2025-09-30 13:26:23,895 - urls_to_texts - ERROR - 403 Client Error: Forbidden for url: https://prod01.elementscloud.no/publikum/Documents/ShowMeetingDocument/3babd1aa-82df-406b-8a71-390619586974/503/MP/2256
2025-09-30 13:26:23,895 - urls_to_texts - WARNING - No document fetched from https://prod01.elementscloud.no/publikum/Documents/ShowMeetingDocument/3babd1aa-82df-406b-8a71-390619586974/503/MP/2256.
2025-09-30 13:26:32,727 - urls_to_texts - INFO - GET [200]: https://innsynpluss.onacos.no/storfjord/moteoversikt/#/details/m-f75e6c12__234c__46f2__ba9a__a06c1d8a0442-206!dScJob 8.83 40
2025-09-30 13:26:32,728 - urls_to_texts - INFO - Unsupported file extension: 
2025-09-30 13:26:32,728 - urls_to_texts - WARNING - No text extracted from document at https://innsynpluss.onacos.no/storfjord/moteoversikt/#/details/m-f75e6c12__234c__46f2__ba9a__a06c1d8a0442-206!dScJob.
2025-09-30 13:26:32,795 - urls_to_texts - ERROR - ('Connection aborted.', RemoteDisconnected('Remote end closed connection without response'))
2025-09-30 13:26:32,796 - urls_to_texts - WARNING - No document fetched from https://sunnfjord.kommune.no/api/presentation/v2/nye-innsyn/filer/v-aba08a8e__580c__4b67__bc21__70eed223f3db-2009167_31_A!d-2022236266!sb2cAR.
2025-09-30 13:26:39,637 - urls_to_texts - INFO - GET [200]: https://innsynpluss.onacos.no/balsfjord/moteoversikt/details/m-eeffc487__2515__47b2__ad08__a5d4f8d5e8f5-299!QM8yyR 4.17 2
2025-09-30 13:26:39,640 - urls_to_texts - INFO - Unsupported file extension: .html
2025-09-30 13:26:39,640 - urls_to_texts - WARNING - No text extracted from document at https://innsynpluss.onacos.no/balsfjord/moteoversikt/details/m-eeffc487__2515__47b2__ad08__a5d4f8d5e8f5-299!QM8yyR.
2025-09-30 13:26:39,686 - urls_to_texts - INFO - GET [403]: https://prod01.elementscloud.no/publikum/Documents/ShowDmbHandlingDocument/8d21b1e6-6a6c-419d-87c5-2b551cb056f6/4899/CasesFremlegg 0.04 0
2025-09-30 13:26:39,686 - urls_to_texts - ERROR - 403 Client Error: Forbidden for url: https://prod01.elementscloud.no/publikum/Documents/ShowDmbHandlingDocument/8d21b1e6-6a6c-419d-87c5-2b551cb056f6/4899/CasesFremlegg
2025-09-30 13:26:39,687 - urls_to_texts - WARNING - No document fetched from https://prod01.elementscloud.no/publikum/Documents/ShowDmbHandlingDocument/8d21b1e6-6a6c-419d-87c5-2b551cb056f6/4899/CasesFremlegg.
2025-09-30 13:26:41,672 - urls_to_texts - ERROR - Error fetching document: Response ended prematurely
2025-09-30 13:26:41,673 - urls_to_texts - ERROR - Error fetching document 036988c9-5c71-5e68-8f84-9e34812ae5f9 from https://innsynpluss.onacos.no/api/presentation/v2/nye-innsyn/filer/v-10785b61__f1ba__405d__8af8__b65017f85ea0-346527_2_A!d-1100219541!3JSA9y
2025-09-30 13:26:41,759 - urls_to_texts - ERROR - Error fetching document: Response ended prematurely
2025-09-30 13:26:41,759 - urls_to_texts - ERROR - Error fetching document 4e8edc58-7630-5c62-9257-11a0c5d9941b from https://ullensvang.kommune.no/api/presentation/v2/nye-innsyn/filer/v-0a336fc1__178f__4c38__8f38__3c7bd5ffdbe6-1770472_1_A!d-2019210186!0BLMJz
2025-09-30 13:26:41,804 - urls_to_texts - INFO - GET [403]: https://prod02.elementscloud.no/publikum/Documents/ShowDmbHandlingDocument/b0d5f453-caf0-475d-b3bc-9f9114471c37/2285/CasesFremlegg 0.04 0
2025-09-30 13:26:41,804 - urls_to_texts - ERROR - 403 Client Error: Forbidden for url: https://prod02.elementscloud.no/publikum/Documents/ShowDmbHandlingDocument/b0d5f453-caf0-475d-b3bc-9f9114471c37/2285/CasesFremlegg
2025-09-30 13:26:41,804 - urls_to_texts - WARNING - No document fetched from https://prod02.elementscloud.no/publikum/Documents/ShowDmbHandlingDocument/b0d5f453-caf0-475d-b3bc-9f9114471c37/2285/CasesFremlegg.
2025-09-30 13:26:42,401 - urls_to_texts - INFO - GET [200]: https://bergen.kommune.no/politikere-utvalg/api/fil/bk360/12906582/Framstilling-Offentlig-ettersyn-Oppheving-av-omradereguleringsplan-for-Bergenhus-Bybanen-fra-sentrum-til-Asane-Floyfjelltunnelen-rigg-og-anleggsomrade 0.31 372
2025-09-30 13:26:42,534 - urls_to_texts - INFO - Processed 8/44118 documents (skipped: 91)
2025-09-30 13:26:42,576 - urls_to_texts - INFO - GET [403]: https://prod01.elementscloud.no/publikum/Documents/ShowDmbHandlingDocument/3babd1aa-82df-406b-8a71-390619586974/7901/Protokoll 0.04 0
2025-09-30 13:26:42,576 - urls_to_texts - ERROR - 403 Client Error: Forbidden for url: https://prod01.elementscloud.no/publikum/Documents/ShowDmbHandlingDocument/3babd1aa-82df-406b-8a71-390619586974/7901/Protokoll
2025-09-30 13:26:42,576 - urls_to_texts - WARNING - No document fetched from https://prod01.elementscloud.no/publikum/Documents/ShowDmbHandlingDocument/3babd1aa-82df-406b-8a71-390619586974/7901/Protokoll.
2025-09-30 13:26:43,631 - urls_to_texts - ERROR - Error fetching document: Response ended prematurely
2025-09-30 13:26:43,631 - urls_to_texts - ERROR - Error fetching document 630d3702-1a85-5593-94fc-43c83c6c18f5 from https://innsynpluss.onacos.no/api/presentation/v2/nye-innsyn/filer/v-b15978eb__8cc6__45a9__9564__1f28338ca3d7-587971_1_A!d-1100277057!Gg60tD
2025-09-30 13:26:43,672 - urls_to_texts - INFO - GET [403]: https://prod01.elementscloud.no/publikum/Documents/ShowDmbHandlingDocument/5ac72eb8-cac7-496a-b9ef-fc393c80a79a/4446/CasesFremlegg 0.04 0
2025-09-30 13:26:43,672 - urls_to_texts - ERROR - 403 Client Error: Forbidden for url: https://prod01.elementscloud.no/publikum/Documents/ShowDmbHandlingDocument/5ac72eb8-cac7-496a-b9ef-fc393c80a79a/4446/CasesFremlegg
2025-09-30 13:26:43,672 - urls_to_texts - WARNING - No document fetched from https://prod01.elementscloud.no/publikum/Documents/ShowDmbHandlingDocument/5ac72eb8-cac7-496a-b9ef-fc393c80a79a/4446/CasesFremlegg.
2025-09-30 13:26:44,439 - urls_to_texts - INFO - GET [200]: https://innsyn.tromso.kommune.no/application/getMoteDokument?dokid=2002102788 0.71 168
2025-09-30 13:26:44,603 - urls_to_texts - INFO - Processed 9/44118 documents (skipped: 91)
2025-09-30 13:26:44,645 - urls_to_texts - INFO - GET [403]: https://prod02.elementscloud.no/publikum/Documents/ShowDmbHandlingDocument/eff08746-5cb4-4d88-aaf4-4bf6cd496e88/4258/Protokoll 0.04 0
2025-09-30 13:26:44,645 - urls_to_texts - ERROR - 403 Client Error: Forbidden for url: https://prod02.elementscloud.no/publikum/Documents/ShowDmbHandlingDocument/eff08746-5cb4-4d88-aaf4-4bf6cd496e88/4258/Protokoll
2025-09-30 13:26:44,645 - urls_to_texts - WARNING - No document fetched from https://prod02.elementscloud.no/publikum/Documents/ShowDmbHandlingDocument/eff08746-5cb4-4d88-aaf4-4bf6cd496e88/4258/Protokoll.
2025-09-30 13:26:44,726 - urls_to_texts - ERROR - Error fetching document: Response ended prematurely
2025-09-30 13:26:44,726 - urls_to_texts - ERROR - Error fetching document 39fe5c11-7901-5826-89d3-c8b6c00b59b2 from https://sunnfjord.kommune.no/api/presentation/v2/nye-innsyn/filer/v-aba08a8e__580c__4b67__bc21__70eed223f3db-2034009_2_A!d-2022247938!BE5bPI
2025-09-30 13:26:46,960 - urls_to_texts - ERROR - Error fetching document: Response ended prematurely
2025-09-30 13:26:46,961 - urls_to_texts - ERROR - Error fetching document bdd7801b-8ffd-5f1b-b3cb-c80897cc7f81 from https://innsynpluss.onacos.no/api/presentation/v2/nye-innsyn/filer/v-9a1e9dfc__3f01__4df5__a599__d213d4fbfca2-83299_1_A!d-1000040824!EtKNcQ
2025-09-30 13:26:47,001 - urls_to_texts - INFO - GET [403]: https://prod02.elementscloud.no/publikum/Documents/ShowDmbHandlingDocument/2d8f53e3-3226-477a-8245-0622ae7edf5d/1947/CasesFremlegg 0.04 0
2025-09-30 13:26:47,001 - urls_to_texts - ERROR - 403 Client Error: Forbidden for url: https://prod02.elementscloud.no/publikum/Documents/ShowDmbHandlingDocument/2d8f53e3-3226-477a-8245-0622ae7edf5d/1947/CasesFremlegg
2025-09-30 13:26:47,002 - urls_to_texts - WARNING - No document fetched from https://prod02.elementscloud.no/publikum/Documents/ShowDmbHandlingDocument/2d8f53e3-3226-477a-8245-0622ae7edf5d/1947/CasesFremlegg.
2025-09-30 13:26:47,093 - urls_to_texts - ERROR - Error fetching document: Response ended prematurely
2025-09-30 13:26:47,093 - urls_to_texts - ERROR - Error fetching document d0d1b689-54b5-5c2a-840a-32b805130f76 from https://ullensvang.kommune.no/api/presentation/v2/nye-innsyn/filer/v-0a336fc1__178f__4c38__8f38__3c7bd5ffdbe6-1753447_3_A!d-2019203260!70NrKD
2025-09-30 13:26:47,135 - urls_to_texts - INFO - GET [403]: https://prod02.elementscloud.no/publikum/Documents/ShowDmbHandlingDocument/b0d5f453-caf0-475d-b3bc-9f9114471c37/2181/Protokoll 0.04 0
2025-09-30 13:26:47,136 - urls_to_texts - ERROR - 403 Client Error: Forbidden for url: https://prod02.elementscloud.no/publikum/Documents/ShowDmbHandlingDocument/b0d5f453-caf0-475d-b3bc-9f9114471c37/2181/Protokoll
2025-09-30 13:26:47,136 - urls_to_texts - WARNING - No document fetched from https://prod02.elementscloud.no/publikum/Documents/ShowDmbHandlingDocument/b0d5f453-caf0-475d-b3bc-9f9114471c37/2181/Protokoll.
2025-09-30 13:26:47,211 - urls_to_texts - ERROR - ('Connection aborted.', RemoteDisconnected('Remote end closed connection without response'))
2025-09-30 13:26:47,211 - urls_to_texts - WARNING - No document fetched from https://www.solund.kommune.no/api/presentation/v2/nye-innsyn/filer/v-e8f93b5a__de8c__4fed__8410__71ae71ffb04f-131581_2_A!d-2022012727!4IE2CH.
2025-09-30 13:26:47,595 - urls_to_texts - INFO - GET [200]: https://bergen.kommune.no/politikere-utvalg/api/fil/bk360/13485132/Innkalling-utvalg-for-miljo-og-byutvikling-02-10-2025 0.27 68
2025-09-30 13:26:47,691 - urls_to_texts - INFO - Processed 10/44118 documents (skipped: 92)
2025-09-30 13:26:47,772 - urls_to_texts - ERROR - Error fetching document: Response ended prematurely
2025-09-30 13:26:47,772 - urls_to_texts - ERROR - Error fetching document 3a2fdae1-210c-5c42-871e-caa303b8e976 from https://www.eidfjord.kommune.no/api/presentation/v2/nye-innsyn/filer/v-e7a24bb1__f486__46d9__ada4__35680a127e2c-33100_3_P!d-1100015094!zAQC25
2025-09-30 13:26:47,816 - urls_to_texts - INFO - GET [403]: https://prod02.elementscloud.no/publikum/Documents/ShowDmbHandlingDocument/99585028-0782-4cec-8366-2e0dbc25d0f4/774/CasesFremlegg 0.04 0
2025-09-30 13:26:47,816 - urls_to_texts - ERROR - 403 Client Error: Forbidden for url: https://prod02.elementscloud.no/publikum/Documents/ShowDmbHandlingDocument/99585028-0782-4cec-8366-2e0dbc25d0f4/774/CasesFremlegg
2025-09-30 13:26:47,816 - urls_to_texts - WARNING - No document fetched from https://prod02.elementscloud.no/publikum/Documents/ShowDmbHandlingDocument/99585028-0782-4cec-8366-2e0dbc25d0f4/774/CasesFremlegg.
2025-09-30 13:26:47,857 - urls_to_texts - INFO - GET [403]: https://prod02.elementscloud.no/publikum/Documents/ShowDmbHandlingDocument/76dc8fa9-13be-48a4-b5a8-5168c5a1e3f6/608/Protokoll 0.04 0
2025-09-30 13:26:47,858 - urls_to_texts - ERROR - 403 Client Error: Forbidden for url: https://prod02.elementscloud.no/publikum/Documents/ShowDmbHandlingDocument/76dc8fa9-13be-48a4-b5a8-5168c5a1e3f6/608/Protokoll
2025-09-30 13:26:47,858 - urls_to_texts - WARNING - No document fetched from https://prod02.elementscloud.no/publikum/Documents/ShowDmbHandlingDocument/76dc8fa9-13be-48a4-b5a8-5168c5a1e3f6/608/Protokoll.
2025-09-30 13:26:48,707 - urls_to_texts - ERROR - Error fetching document: Response ended prematurely
2025-09-30 13:26:48,707 - urls_to_texts - ERROR - Error fetching document 64ad80b7-b36d-59dc-8693-d9b088aaa930 from https://innsynpluss.onacos.no/api/presentation/v2/nye-innsyn/filer/v-b27cb650__363a__4a8b__acee__9e6cafa23ca2-84626_4_A!d-1100046603!UUlqOD
2025-09-30 13:26:49,406 - urls_to_texts - ERROR - Error fetching document: Response ended prematurely
2025-09-30 13:26:49,406 - urls_to_texts - ERROR - Error fetching document 35ad7cde-7a03-5e91-825f-5be3a5b29fba from https://innsynpluss.onacos.no/api/presentation/v2/nye-innsyn/filer/v-b15978eb__8cc6__45a9__9564__1f28338ca3d7-633831_1_A!d-1100295576!Y3UHTU
2025-09-30 13:26:49,493 - urls_to_texts - ERROR - Error fetching document: Response ended prematurely
2025-09-30 13:26:49,493 - urls_to_texts - ERROR - Error fetching document 80cebccd-cf7c-50ee-882f-f71598be491d from https://www.luster.kommune.no/api/presentation/v2/nye-innsyn/filer/v-721139d1__230b__45c0__9cf1__92f0ef921828-134621_2_A!d-1100077379!uyVQ5E
2025-09-30 13:26:49,562 - urls_to_texts - ERROR - Error fetching document: Response ended prematurely
2025-09-30 13:26:49,562 - urls_to_texts - ERROR - Error fetching document f5d66411-d24e-58d6-ae05-46a04dd8c5a6 from https://sunnfjord.kommune.no/api/presentation/v2/nye-innsyn/filer/v-aba08a8e__580c__4b67__bc21__70eed223f3db-1986291_2_A!d-2022225513!CFDh1B
2025-09-30 13:26:49,607 - urls_to_texts - INFO - GET [403]: https://prod02.elementscloud.no/publikum/Documents/ShowDmbHandlingDocument/f041b74e-b1e6-4615-987e-387f63721a2e/1342/CasesFremlegg 0.04 0
2025-09-30 13:26:49,607 - urls_to_texts - ERROR - 403 Client Error: Forbidden for url: https://prod02.elementscloud.no/publikum/Documents/ShowDmbHandlingDocument/f041b74e-b1e6-4615-987e-387f63721a2e/1342/CasesFremlegg
2025-09-30 13:26:49,608 - urls_to_texts - WARNING - No document fetched from https://prod02.elementscloud.no/publikum/Documents/ShowDmbHandlingDocument/f041b74e-b1e6-4615-987e-387f63721a2e/1342/CasesFremlegg.
2025-09-30 13:26:49,961 - urls_to_texts - ERROR - Error fetching document: Response ended prematurely
2025-09-30 13:26:49,962 - urls_to_texts - ERROR - Error fetching document e5b75827-dc3e-5563-8fb9-59ad39299cf2 from https://innsynpluss.onacos.no/api/presentation/v2/nye-innsyn/filer/v-10785b61__f1ba__405d__8af8__b65017f85ea0-326508_1_A!d-1100209708!W5UKsU
2025-09-30 13:26:50,035 - urls_to_texts - ERROR - Error fetching document: Response ended prematurely
2025-09-30 13:26:50,035 - urls_to_texts - ERROR - Error fetching document ae755edf-7242-5430-b978-b3a17d22d782 from https://bremanger.kommune.no/api/presentation/v2/nye-innsyn/filer/v-0baea8f5__defa__4603__b396__17b5d409cf0e-1540009_1_A!d-2022045244!ZsFeOx
2025-09-30 13:26:50,437 - urls_to_texts - INFO - GET [200]: https://bergen.kommune.no/politikere-utvalg/api/fil/bk360/12948252/Innstilling-vedtak-Representantforslag-fra-Lillian-Blom-SV-om-energieffektivisering-i-kommunale-bygg-og-boliger- 0.29 59
2025-09-30 13:26:50,527 - urls_to_texts - INFO - Processed 11/44118 documents (skipped: 94)
2025-09-30 13:26:50,568 - urls_to_texts - INFO - GET [403]: https://prod01.elementscloud.no/publikum/Documents/ShowDmbHandlingDocument/0f947f6b-b1b0-4470-840e-4226ef3244af/9178/Protokoll 0.04 0
2025-09-30 13:26:50,568 - urls_to_texts - ERROR - 403 Client Error: Forbidden for url: https://prod01.elementscloud.no/publikum/Documents/ShowDmbHandlingDocument/0f947f6b-b1b0-4470-840e-4226ef3244af/9178/Protokoll
2025-09-30 13:26:50,568 - urls_to_texts - WARNING - No document fetched from https://prod01.elementscloud.no/publikum/Documents/ShowDmbHandlingDocument/0f947f6b-b1b0-4470-840e-4226ef3244af/9178/Protokoll.
2025-09-30 13:26:50,914 - urls_to_texts - INFO - GET [200]: https://laerdal.kommune.no/api/presentation/v2/nye-innsyn/filer/v-f63e1f7f__0e35__4b7d__a71a__b9b0275d02d1-249672_2_P!d-2022028969!Lt8u0M 0.16 44
2025-09-30 13:26:50,920 - urls_to_texts - INFO - Unsupported file extension: .html
2025-09-30 13:26:50,921 - urls_to_texts - WARNING - No text extracted from document at https://laerdal.kommune.no/api/presentation/v2/nye-innsyn/filer/v-f63e1f7f__0e35__4b7d__a71a__b9b0275d02d1-249672_2_P!d-2022028969!Lt8u0M.
2025-09-30 13:26:51,691 - urls_to_texts - ERROR - Error fetching document: Response ended prematurely
2025-09-30 13:26:51,691 - urls_to_texts - ERROR - Error fetching document 4149e230-59f7-5e8d-a55a-bf3f8024d27a from https://innsynpluss.onacos.no/api/presentation/v2/nye-innsyn/filer/v-b27cb650__363a__4a8b__acee__9e6cafa23ca2-93648_8_P!d-1100051428!PsX1vv
2025-09-30 13:26:51,735 - urls_to_texts - INFO - GET [403]: https://prod02.elementscloud.no/publikum/Documents/ShowDmbHandlingDocument/7db3a691-f482-4720-b101-c3a44cb31481/2902/Protokoll 0.04 0
2025-09-30 13:26:51,735 - urls_to_texts - ERROR - 403 Client Error: Forbidden for url: https://prod02.elementscloud.no/publikum/Documents/ShowDmbHandlingDocument/7db3a691-f482-4720-b101-c3a44cb31481/2902/Protokoll
2025-09-30 13:26:51,736 - urls_to_texts - WARNING - No document fetched from https://prod02.elementscloud.no/publikum/Documents/ShowDmbHandlingDocument/7db3a691-f482-4720-b101-c3a44cb31481/2902/Protokoll.
2025-09-30 13:26:52,078 - urls_to_texts - INFO - GET [200]: https://www.ardal.kommune.no/api/presentation/v2/nye-innsyn/filer/v-1e069db9__ef6b__4b2b__9616__406836b162cc-453013_15_P!d-2022050718!IAUWRE 0.13 44
2025-09-30 13:26:52,084 - urls_to_texts - INFO - Unsupported file extension: .html
2025-09-30 13:26:52,085 - urls_to_texts - WARNING - No text extracted from document at https://www.ardal.kommune.no/api/presentation/v2/nye-innsyn/filer/v-1e069db9__ef6b__4b2b__9616__406836b162cc-453013_15_P!d-2022050718!IAUWRE.
2025-09-30 13:26:52,150 - urls_to_texts - ERROR - Error fetching document: Response ended prematurely
2025-09-30 13:26:52,151 - urls_to_texts - ERROR - Error fetching document 08352c32-5369-5f3f-8b45-5e04c3084752 from https://www.vik.kommune.no/api/presentation/v2/nye-innsyn/filer/v-bec2a5c5__3bcb__4c0c__84b1__7d98e38db8ce-306387_1_A!d-2022037394!Qb9S73
2025-09-30 13:26:52,642 - urls_to_texts - ERROR - Error fetching document: Response ended prematurely
2025-09-30 13:26:52,642 - urls_to_texts - ERROR - Error fetching document 0c39278c-ad56-50c7-b6ae-600435f2205a from https://innsynpluss.onacos.no/api/presentation/v2/nye-innsyn/filer/v-9a1e9dfc__3f01__4df5__a599__d213d4fbfca2-79003_4_A!d-1000038881!eF7f59
2025-09-30 13:26:52,684 - urls_to_texts - INFO - GET [403]: https://prod02.elementscloud.no/publikum/Documents/ShowMeetingDocument/2d8f53e3-3226-477a-8245-0622ae7edf5d/128/MP/660 0.04 0
2025-09-30 13:26:52,684 - urls_to_texts - ERROR - 403 Client Error: Forbidden for url: https://prod02.elementscloud.no/publikum/Documents/ShowMeetingDocument/2d8f53e3-3226-477a-8245-0622ae7edf5d/128/MP/660
2025-09-30 13:26:52,684 - urls_to_texts - WARNING - No document fetched from https://prod02.elementscloud.no/publikum/Documents/ShowMeetingDocument/2d8f53e3-3226-477a-8245-0622ae7edf5d/128/MP/660.
2025-09-30 13:26:52,791 - urls_to_texts - ERROR - Error fetching document: Response ended prematurely
2025-09-30 13:26:52,792 - urls_to_texts - ERROR - Error fetching document 9d9b22eb-7649-5c83-a653-5c12e14eb032 from https://stad.kommune.no/api/presentation/v2/nye-innsyn/filer/v-3dd15a26__96f4__4d7d__a998__45a817cb090e-1739542_7_A!d-2022145176!0mmY8m
2025-09-30 13:26:53,856 - urls_to_texts - ERROR - Error fetching document: Response ended prematurely
2025-09-30 13:26:53,856 - urls_to_texts - ERROR - Error fetching document 214c288f-7984-5625-93c8-f13646a7de96 from https://innsynpluss.onacos.no/api/presentation/v2/nye-innsyn/filer/v-084e0747__69df__45ac__bc47__df64cee5aa6d-95364_9_A!d-1100050644!fZM1xS
2025-09-30 13:26:55,429 - urls_to_texts - ERROR - Error fetching document: Response ended prematurely
2025-09-30 13:26:55,429 - urls_to_texts - ERROR - Error fetching document bf550b3b-75f8-57bf-b22f-df7c5dd9aba4 from https://innsynpluss.onacos.no/api/presentation/v2/nye-innsyn/filer/v-b15978eb__8cc6__45a9__9564__1f28338ca3d7-604052_2_A!d-1100283725!7JMe1i
2025-09-30 13:26:55,511 - urls_to_texts - ERROR - Error fetching document: Response ended prematurely
2025-09-30 13:26:55,511 - urls_to_texts - ERROR - Error fetching document 4bc8d875-32b0-5194-8a9c-9e74d39afd1a from https://voss.herad.no/api/presentation/v2/nye-innsyn/filer/v-b1707b4a__7a25__41f1__939c__a9a8523356cf-218411_2_A!d-1100108783!xmAacM
2025-09-30 13:26:55,556 - urls_to_texts - INFO - GET [403]: https://prod01.elementscloud.no/publikum/Documents/ShowDmbHandlingDocument/0f947f6b-b1b0-4470-840e-4226ef3244af/9102/CasesFremlegg 0.04 0
2025-09-30 13:26:55,557 - urls_to_texts - ERROR - 403 Client Error: Forbidden for url: https://prod01.elementscloud.no/publikum/Documents/ShowDmbHandlingDocument/0f947f6b-b1b0-4470-840e-4226ef3244af/9102/CasesFremlegg
2025-09-30 13:26:55,557 - urls_to_texts - WARNING - No document fetched from https://prod01.elementscloud.no/publikum/Documents/ShowDmbHandlingDocument/0f947f6b-b1b0-4470-840e-4226ef3244af/9102/CasesFremlegg.
2025-09-30 13:26:55,625 - urls_to_texts - ERROR - Error fetching document: Response ended prematurely
2025-09-30 13:26:55,625 - urls_to_texts - ERROR - Error fetching document 544aff48-7174-5a26-8deb-5d8df0f33b93 from https://voss.herad.no/api/presentation/v2/nye-innsyn/filer/v-b1707b4a__7a25__41f1__939c__a9a8523356cf-227097_10_P!d-1100112391!9X7v2w
2025-09-30 13:26:55,777 - urls_to_texts - ERROR - Error fetching document: Response ended prematurely
2025-09-30 13:26:55,778 - urls_to_texts - ERROR - Error fetching document f5ad1033-d9ee-5ad0-b8e4-6cd0b74f002a from https://www.hoyanger.kommune.no/api/presentation/v2/nye-innsyn/filer/v-00e4d6e9__78c6__4d36__8fd8__ac504c585036-313157_1_A!d-2022071510!ccWj4L
2025-09-30 13:26:55,856 - urls_to_texts - ERROR - Error fetching document: Response ended prematurely
2025-09-30 13:26:55,856 - urls_to_texts - ERROR - Error fetching document 862cf0f7-8644-58ed-b14b-2252d3e9246d from https://www.hoyanger.kommune.no/api/presentation/v2/nye-innsyn/filer/v-00e4d6e9__78c6__4d36__8fd8__ac504c585036-305011_12_A!d-2022066408!mX4PaC
2025-09-30 13:26:55,909 - urls_to_texts - INFO - GET [403]: https://prod02.elementscloud.no/publikum/Documents/ShowDmbHandlingDocument/f041b74e-b1e6-4615-987e-387f63721a2e/1405/CasesFremlegg 0.05 0
2025-09-30 13:26:55,909 - urls_to_texts - ERROR - 403 Client Error: Forbidden for url: https://prod02.elementscloud.no/publikum/Documents/ShowDmbHandlingDocument/f041b74e-b1e6-4615-987e-387f63721a2e/1405/CasesFremlegg
2025-09-30 13:26:55,909 - urls_to_texts - WARNING - No document fetched from https://prod02.elementscloud.no/publikum/Documents/ShowDmbHandlingDocument/f041b74e-b1e6-4615-987e-387f63721a2e/1405/CasesFremlegg.
2025-09-30 13:26:55,958 - urls_to_texts - INFO - GET [403]: https://prod02.elementscloud.no/publikum/Documents/ShowDmbHandlingDocument/eff08746-5cb4-4d88-aaf4-4bf6cd496e88/3527/CasesFremlegg 0.05 0
2025-09-30 13:26:55,958 - urls_to_texts - ERROR - 403 Client Error: Forbidden for url: https://prod02.elementscloud.no/publikum/Documents/ShowDmbHandlingDocument/eff08746-5cb4-4d88-aaf4-4bf6cd496e88/3527/CasesFremlegg
2025-09-30 13:26:55,959 - urls_to_texts - WARNING - No document fetched from https://prod02.elementscloud.no/publikum/Documents/ShowDmbHandlingDocument/eff08746-5cb4-4d88-aaf4-4bf6cd496e88/3527/CasesFremlegg.
2025-09-30 13:26:56,057 - urls_to_texts - ERROR - Error fetching document: Response ended prematurely
2025-09-30 13:26:56,057 - urls_to_texts - ERROR - Error fetching document 1657ccbb-c95d-5676-93ee-c36617d77b65 from https://www.eidfjord.kommune.no/api/presentation/v2/nye-innsyn/filer/v-e7a24bb1__f486__46d9__ada4__35680a127e2c-25987_2_A!d-1100012214!0OGHQh
2025-09-30 13:26:56,959 - urls_to_texts - ERROR - ('Connection aborted.', RemoteDisconnected('Remote end closed connection without response'))
2025-09-30 13:26:56,960 - urls_to_texts - WARNING - No document fetched from https://innsynpluss.onacos.no/api/presentation/v2/nye-innsyn/filer/v-9a1e9dfc__3f01__4df5__a599__d213d4fbfca2-78935_1_A!d-1000038840!pypgIg.
2025-09-30 13:26:57,011 - urls_to_texts - INFO - GET [403]: https://prod01.elementscloud.no/publikum/Documents/ShowDmbHandlingDocument/2ff0b82d-4b3d-48b4-987a-ebeff927518a/5028/Protokoll 0.05 0
2025-09-30 13:26:57,012 - urls_to_texts - ERROR - 403 Client Error: Forbidden for url: https://prod01.elementscloud.no/publikum/Documents/ShowDmbHandlingDocument/2ff0b82d-4b3d-48b4-987a-ebeff927518a/5028/Protokoll
2025-09-30 13:26:57,012 - urls_to_texts - WARNING - No document fetched from https://prod01.elementscloud.no/publikum/Documents/ShowDmbHandlingDocument/2ff0b82d-4b3d-48b4-987a-ebeff927518a/5028/Protokoll.
2025-09-30 13:26:57,085 - urls_to_texts - ERROR - Error fetching document: Response ended prematurely
2025-09-30 13:26:57,085 - urls_to_texts - ERROR - Error fetching document 30716e87-f289-53b6-b7d8-8580c4cb0caa from https://www.solund.kommune.no/api/presentation/v2/nye-innsyn/filer/v-e8f93b5a__de8c__4fed__8410__71ae71ffb04f-136116_4_P!d-2022015139!PWiWPw
2025-09-30 13:26:57,129 - urls_to_texts - INFO - GET [403]: https://prod02.elementscloud.no/publikum/Documents/ShowDmbHandlingDocument/a9103361-55ca-477e-ad2b-00f79954109d/1082/CasesFremlegg 0.04 0
2025-09-30 13:26:57,129 - urls_to_texts - ERROR - 403 Client Error: Forbidden for url: https://prod02.elementscloud.no/publikum/Documents/ShowDmbHandlingDocument/a9103361-55ca-477e-ad2b-00f79954109d/1082/CasesFremlegg
2025-09-30 13:26:57,129 - urls_to_texts - WARNING - No document fetched from https://prod02.elementscloud.no/publikum/Documents/ShowDmbHandlingDocument/a9103361-55ca-477e-ad2b-00f79954109d/1082/CasesFremlegg.
2025-09-30 13:26:57,785 - urls_to_texts - ERROR - Error fetching document: Response ended prematurely
2025-09-30 13:26:57,785 - urls_to_texts - ERROR - Error fetching document fb2f7e2a-6c33-5ec6-85fa-ae2527f5bc45 from https://innsynpluss.onacos.no/api/presentation/v2/nye-innsyn/filer/v-084e0747__69df__45ac__bc47__df64cee5aa6d-95499_1_A!d-1100050710!iRka7H
2025-09-30 13:26:57,893 - urls_to_texts - ERROR - Error fetching document: Response ended prematurely
2025-09-30 13:26:57,893 - urls_to_texts - ERROR - Error fetching document 767e0d3b-6ef6-5d90-bb31-13d07d495711 from https://www.eidfjord.kommune.no/api/presentation/v2/nye-innsyn/filer/v-e7a24bb1__f486__46d9__ada4__35680a127e2c-24448_1_A!d-1100011657!OUWZTM
2025-09-30 13:26:57,963 - urls_to_texts - ERROR - Error fetching document: Response ended prematurely
2025-09-30 13:26:57,963 - urls_to_texts - ERROR - Error fetching document 28df52d3-e792-5c4e-ab4b-8f494d0c173f from https://kinn.kommune.no/api/presentation/v2/nye-innsyn/filer/v-e1a6ab11__6b4d__4733__bbeb__849aa26734de-1884199_2_A!d-2022188545!wNpnFf
2025-09-30 13:26:58,330 - urls_to_texts - INFO - GET [200]: https://bjornafjorden.kommune.no/api/presentation/v2/nye-innsyn/filer/v-cc3ede69__97b5__48c8__9b5b__94ea04175932-2126238_7_P!d-2021310047!jdDWzL 0.15 46
2025-09-30 13:26:58,336 - urls_to_texts - INFO - Unsupported file extension: .html
2025-09-30 13:26:58,337 - urls_to_texts - WARNING - No text extracted from document at https://bjornafjorden.kommune.no/api/presentation/v2/nye-innsyn/filer/v-cc3ede69__97b5__48c8__9b5b__94ea04175932-2126238_7_P!d-2021310047!jdDWzL.
2025-09-30 13:26:58,534 - urls_to_texts - INFO - GET [200]: https://publikum.alta.kommune.no/publikum/Documents/ShowMeetingDocument/e2a31df6-dfaa-4708-b7e2-bc4b61898b2d/791/MP/3571 0.2 4
2025-09-30 13:26:58,536 - urls_to_texts - INFO - Unsupported file extension: .html
2025-09-30 13:26:58,536 - urls_to_texts - WARNING - No text extracted from document at https://publikum.alta.kommune.no/publikum/Documents/ShowMeetingDocument/e2a31df6-dfaa-4708-b7e2-bc4b61898b2d/791/MP/3571.
2025-09-30 13:26:58,906 - urls_to_texts - ERROR - Error fetching document: Response ended prematurely
2025-09-30 13:26:58,907 - urls_to_texts - ERROR - Error fetching document 8737e6a3-0b73-562b-b56c-47e0599d94c9 from https://innsynpluss.onacos.no/api/presentation/v2/nye-innsyn/filer/v-5aa3fc36__7e40__40ea__a576__ab19a6e397dc-46368_3_P!d-1100025654!ABNd4F
2025-09-30 13:26:59,247 - urls_to_texts - INFO - GET [200]: https://bjornafjorden.kommune.no/api/presentation/v2/nye-innsyn/filer/v-cc3ede69__97b5__48c8__9b5b__94ea04175932-2184537_6_P!d-2021335946!od2ytW 0.12 46
2025-09-30 13:26:59,254 - urls_to_texts - INFO - Unsupported file extension: .html
2025-09-30 13:26:59,254 - urls_to_texts - WARNING - No text extracted from document at https://bjornafjorden.kommune.no/api/presentation/v2/nye-innsyn/filer/v-cc3ede69__97b5__48c8__9b5b__94ea04175932-2184537_6_P!d-2021335946!od2ytW.
2025-09-30 13:27:03,171 - urls_to_texts - INFO - GET [200]: https://innsynpluss.onacos.no/harstad/moteoversikt/details/m-10785b61__f1ba__405d__8af8__b65017f85ea0-506!cGP8k9 2.88 2
2025-09-30 13:27:03,173 - urls_to_texts - INFO - Unsupported file extension: .html
2025-09-30 13:27:03,173 - urls_to_texts - WARNING - No text extracted from document at https://innsynpluss.onacos.no/harstad/moteoversikt/details/m-10785b61__f1ba__405d__8af8__b65017f85ea0-506!cGP8k9.
2025-09-30 13:27:03,215 - urls_to_texts - INFO - GET [403]: https://prod01.elementscloud.no/publikum/Documents/ShowMeetingDocument/2ff0b82d-4b3d-48b4-987a-ebeff927518a/474/MI/1652 0.04 0
2025-09-30 13:27:03,215 - urls_to_texts - ERROR - 403 Client Error: Forbidden for url: https://prod01.elementscloud.no/publikum/Documents/ShowMeetingDocument/2ff0b82d-4b3d-48b4-987a-ebeff927518a/474/MI/1652
2025-09-30 13:27:03,216 - urls_to_texts - WARNING - No document fetched from https://prod01.elementscloud.no/publikum/Documents/ShowMeetingDocument/2ff0b82d-4b3d-48b4-987a-ebeff927518a/474/MI/1652.
2025-09-30 13:27:03,271 - urls_to_texts - INFO - GET [403]: https://prod01.elementscloud.no/publikum/Documents/ShowDmbHandlingDocument/2ff0b82d-4b3d-48b4-987a-ebeff927518a/4569/Protokoll 0.05 0
2025-09-30 13:27:03,271 - urls_to_texts - ERROR - 403 Client Error: Forbidden for url: https://prod01.elementscloud.no/publikum/Documents/ShowDmbHandlingDocument/2ff0b82d-4b3d-48b4-987a-ebeff927518a/4569/Protokoll
2025-09-30 13:27:03,272 - urls_to_texts - WARNING - No document fetched from https://prod01.elementscloud.no/publikum/Documents/ShowDmbHandlingDocument/2ff0b82d-4b3d-48b4-987a-ebeff927518a/4569/Protokoll.
2025-09-30 13:27:03,613 - urls_to_texts - INFO - GET [200]: https://bjornafjorden.kommune.no/api/presentation/v2/nye-innsyn/filer/v-cc3ede69__97b5__48c8__9b5b__94ea04175932-2473930_1_A!d-2021487544!yDdn3u 0.13 46
2025-09-30 13:27:03,619 - urls_to_texts - INFO - Unsupported file extension: .html
2025-09-30 13:27:03,619 - urls_to_texts - WARNING - No text extracted from document at https://bjornafjorden.kommune.no/api/presentation/v2/nye-innsyn/filer/v-cc3ede69__97b5__48c8__9b5b__94ea04175932-2473930_1_A!d-2021487544!yDdn3u.
2025-09-30 13:27:04,181 - urls_to_texts - ERROR - Error fetching document: Response ended prematurely
2025-09-30 13:27:04,182 - urls_to_texts - ERROR - Error fetching document 686853a6-60d6-5993-8289-da2e38bdd253 from https://innsynpluss.onacos.no/api/presentation/v2/nye-innsyn/filer/v-9a1e9dfc__3f01__4df5__a599__d213d4fbfca2-74879_1_A!d-1000037042!SmzMcW
2025-09-30 13:27:04,226 - urls_to_texts - INFO - GET [403]: https://prod01.elementscloud.no/publikum/Documents/ShowDmbHandlingDocument/35dcc491-8e78-470e-afc8-0db3f930a352/9194/Protokoll 0.04 0
2025-09-30 13:27:04,226 - urls_to_texts - ERROR - 403 Client Error: Forbidden for url: https://prod01.elementscloud.no/publikum/Documents/ShowDmbHandlingDocument/35dcc491-8e78-470e-afc8-0db3f930a352/9194/Protokoll
2025-09-30 13:27:04,226 - urls_to_texts - WARNING - No document fetched from https://prod01.elementscloud.no/publikum/Documents/ShowDmbHandlingDocument/35dcc491-8e78-470e-afc8-0db3f930a352/9194/Protokoll.
2025-09-30 13:27:04,295 - urls_to_texts - ERROR - Error fetching document: Response ended prematurely
2025-09-30 13:27:04,296 - urls_to_texts - ERROR - Error fetching document 6dac569c-1431-5db6-886f-19d69a14e8be from https://sunnfjord.kommune.no/api/presentation/v2/nye-innsyn/filer/v-aba08a8e__580c__4b67__bc21__70eed223f3db-2031802_5_A!d-2022246702!SPOY2D
2025-09-30 13:27:04,407 - urls_to_texts - ERROR - Error fetching document: Response ended prematurely
2025-09-30 13:27:04,407 - urls_to_texts - ERROR - Error fetching document 47afd0bb-0671-5820-b39d-35139d44790f from https://www.hoyanger.kommune.no/api/presentation/v2/nye-innsyn/filer/v-00e4d6e9__78c6__4d36__8fd8__ac504c585036-316724_1_A!d-2022073520!DsISKQ
2025-09-30 13:27:05,150 - urls_to_texts - INFO - GET [200]: https://innsyn.tromso.kommune.no/application/getMoteDokument?dokid=2002117023 0.67 204
2025-09-30 13:27:05,327 - urls_to_texts - INFO - Processed 12/44118 documents (skipped: 108)
2025-09-30 13:27:05,369 - urls_to_texts - INFO - GET [403]: https://prod01.elementscloud.no/publikum/Documents/ShowDmbHandlingDocument/58bcb069-e37a-4130-9be0-e56f6fb533b7/2730/Protokoll 0.04 0
2025-09-30 13:27:05,369 - urls_to_texts - ERROR - 403 Client Error: Forbidden for url: https://prod01.elementscloud.no/publikum/Documents/ShowDmbHandlingDocument/58bcb069-e37a-4130-9be0-e56f6fb533b7/2730/Protokoll
2025-09-30 13:27:05,370 - urls_to_texts - WARNING - No document fetched from https://prod01.elementscloud.no/publikum/Documents/ShowDmbHandlingDocument/58bcb069-e37a-4130-9be0-e56f6fb533b7/2730/Protokoll.
2025-09-30 13:27:05,443 - urls_to_texts - ERROR - Error fetching document: Response ended prematurely
2025-09-30 13:27:05,443 - urls_to_texts - ERROR - Error fetching document 142d3e30-d892-57e9-bd16-3f7ad9ac02cf from https://kinn.kommune.no/api/presentation/v2/nye-innsyn/filer/v-e1a6ab11__6b4d__4733__bbeb__849aa26734de-1951512_1_A!d-2022219504!sHJ9Yg
2025-09-30 13:27:05,485 - urls_to_texts - INFO - GET [403]: https://prod01.elementscloud.no/publikum/Documents/ShowDmbHandlingDocument/a1811a10-8b69-4536-a305-d58a49ce3d91/3263/CasesFremlegg 0.04 0
2025-09-30 13:27:05,485 - urls_to_texts - ERROR - 403 Client Error: Forbidden for url: https://prod01.elementscloud.no/publikum/Documents/ShowDmbHandlingDocument/a1811a10-8b69-4536-a305-d58a49ce3d91/3263/CasesFremlegg
2025-09-30 13:27:05,485 - urls_to_texts - WARNING - No document fetched from https://prod01.elementscloud.no/publikum/Documents/ShowDmbHandlingDocument/a1811a10-8b69-4536-a305-d58a49ce3d91/3263/CasesFremlegg.
2025-09-30 13:27:05,526 - urls_to_texts - INFO - GET [403]: https://prod01.elementscloud.no/publikum/Documents/ShowDmbHandlingDocument/3babd1aa-82df-406b-8a71-390619586974/7903/CasesFremlegg 0.04 0
2025-09-30 13:27:05,527 - urls_to_texts - ERROR - 403 Client Error: Forbidden for url: https://prod01.elementscloud.no/publikum/Documents/ShowDmbHandlingDocument/3babd1aa-82df-406b-8a71-390619586974/7903/CasesFremlegg
2025-09-30 13:27:05,527 - urls_to_texts - WARNING - No document fetched from https://prod01.elementscloud.no/publikum/Documents/ShowDmbHandlingDocument/3babd1aa-82df-406b-8a71-390619586974/7903/CasesFremlegg.
2025-09-30 13:27:05,901 - urls_to_texts - INFO - GET [200]: https://bjornafjorden.kommune.no/api/presentation/v2/nye-innsyn/filer/v-cc3ede69__97b5__48c8__9b5b__94ea04175932-2454344_1_A!d-2021478692!w4sgXX 0.16 46
2025-09-30 13:27:05,907 - urls_to_texts - INFO - Unsupported file extension: .html
2025-09-30 13:27:05,907 - urls_to_texts - WARNING - No text extracted from document at https://bjornafjorden.kommune.no/api/presentation/v2/nye-innsyn/filer/v-cc3ede69__97b5__48c8__9b5b__94ea04175932-2454344_1_A!d-2021478692!w4sgXX.
2025-09-30 13:27:06,071 - urls_to_texts - ERROR - Error fetching document: Response ended prematurely
2025-09-30 13:27:06,071 - urls_to_texts - ERROR - Error fetching document 71935b2f-4796-589b-a696-88578c2ac6ca from https://www.hoyanger.kommune.no/api/presentation/v2/nye-innsyn/filer/v-00e4d6e9__78c6__4d36__8fd8__ac504c585036-305708_6_A!d-2022066747!kdZkzv
2025-09-30 13:27:06,115 - urls_to_texts - INFO - GET [403]: https://prod02.elementscloud.no/publikum/Documents/ShowDmbHandlingDocument/7db3a691-f482-4720-b101-c3a44cb31481/2540/Protokoll 0.04 0
2025-09-30 13:27:06,115 - urls_to_texts - ERROR - 403 Client Error: Forbidden for url: https://prod02.elementscloud.no/publikum/Documents/ShowDmbHandlingDocument/7db3a691-f482-4720-b101-c3a44cb31481/2540/Protokoll
2025-09-30 13:27:06,115 - urls_to_texts - WARNING - No document fetched from https://prod02.elementscloud.no/publikum/Documents/ShowDmbHandlingDocument/7db3a691-f482-4720-b101-c3a44cb31481/2540/Protokoll.
2025-09-30 13:27:06,159 - urls_to_texts - INFO - GET [403]: https://prod02.elementscloud.no/publikum/Documents/ShowDmbHandlingDocument/2d8f53e3-3226-477a-8245-0622ae7edf5d/2311/Protokoll 0.04 0
2025-09-30 13:27:06,159 - urls_to_texts - ERROR - 403 Client Error: Forbidden for url: https://prod02.elementscloud.no/publikum/Documents/ShowDmbHandlingDocument/2d8f53e3-3226-477a-8245-0622ae7edf5d/2311/Protokoll
2025-09-30 13:27:06,160 - urls_to_texts - WARNING - No document fetched from https://prod02.elementscloud.no/publikum/Documents/ShowDmbHandlingDocument/2d8f53e3-3226-477a-8245-0622ae7edf5d/2311/Protokoll.
2025-09-30 13:27:06,240 - urls_to_texts - ERROR - Error fetching document: Response ended prematurely
2025-09-30 13:27:06,240 - urls_to_texts - ERROR - Error fetching document f9eab1f4-12b2-53a3-a890-39a75b387262 from https://kinn.kommune.no/api/presentation/v2/nye-innsyn/filer/v-e1a6ab11__6b4d__4733__bbeb__849aa26734de-1853407_1_A!d-2022172971!3SuVtl
2025-09-30 13:27:06,927 - urls_to_texts - ERROR - Error fetching document: Response ended prematurely
2025-09-30 13:27:06,928 - urls_to_texts - ERROR - Error fetching document 656e29ea-dbfb-5945-b18f-3f6e7c453dde from https://innsynpluss.onacos.no/api/presentation/v2/nye-innsyn/filer/v-9a1e9dfc__3f01__4df5__a599__d213d4fbfca2-74132_1_A!d-1000036746!wRLmoH
2025-09-30 13:27:06,994 - urls_to_texts - ERROR - Error fetching document: Response ended prematurely
2025-09-30 13:27:06,995 - urls_to_texts - ERROR - Error fetching document 15fa5c98-3258-5ac1-93ee-26ad7177b2fa from https://www.askvoll.kommune.no/api/presentation/v2/nye-innsyn/filer/v-d691afea__aaff__43de__a10d__c9d8e8907141-338908_2_A!d-2022050201!10E8Q9
2025-09-30 13:27:07,076 - urls_to_texts - ERROR - Error fetching document: Response ended prematurely
2025-09-30 13:27:07,077 - urls_to_texts - ERROR - Error fetching document cf6c1125-fcd6-59df-8c8a-10e0743d5cac from https://stad.kommune.no/api/presentation/v2/nye-innsyn/filer/v-3dd15a26__96f4__4d7d__a998__45a817cb090e-1784428_6_A!d-2022170157!JkHxC8
2025-09-30 13:27:07,119 - urls_to_texts - INFO - GET [403]: https://prod01.elementscloud.no/publikum/Documents/ShowMeetingDocument/a1811a10-8b69-4536-a305-d58a49ce3d91/336/MP/1516 0.04 0
2025-09-30 13:27:07,120 - urls_to_texts - ERROR - 403 Client Error: Forbidden for url: https://prod01.elementscloud.no/publikum/Documents/ShowMeetingDocument/a1811a10-8b69-4536-a305-d58a49ce3d91/336/MP/1516
2025-09-30 13:27:07,120 - urls_to_texts - WARNING - No document fetched from https://prod01.elementscloud.no/publikum/Documents/ShowMeetingDocument/a1811a10-8b69-4536-a305-d58a49ce3d91/336/MP/1516.
2025-09-30 13:27:07,214 - urls_to_texts - ERROR - Error fetching document: Response ended prematurely
2025-09-30 13:27:07,214 - urls_to_texts - ERROR - Error fetching document 80b7e4e9-4bbf-51ec-b3ef-7eb7df21d11e from https://www.eidfjord.kommune.no/api/presentation/v2/nye-innsyn/filer/v-e7a24bb1__f486__46d9__ada4__35680a127e2c-33307_7_A!d-1100015198!wXaYfM
2025-09-30 13:27:07,544 - urls_to_texts - INFO - GET [200]: https://bjornafjorden.kommune.no/api/presentation/v2/nye-innsyn/filer/v-cc3ede69__97b5__48c8__9b5b__94ea04175932-2395183_1_A!d-2021448456!r8Gr2o 0.15 46
2025-09-30 13:27:07,551 - urls_to_texts - INFO - Unsupported file extension: .html
2025-09-30 13:27:07,551 - urls_to_texts - WARNING - No text extracted from document at https://bjornafjorden.kommune.no/api/presentation/v2/nye-innsyn/filer/v-cc3ede69__97b5__48c8__9b5b__94ea04175932-2395183_1_A!d-2021448456!r8Gr2o.
2025-09-30 13:27:07,596 - urls_to_texts - INFO - GET [403]: https://prod02.elementscloud.no/publikum/Documents/ShowDmbHandlingDocument/76dc8fa9-13be-48a4-b5a8-5168c5a1e3f6/664/Protokoll 0.04 0
2025-09-30 13:27:07,596 - urls_to_texts - ERROR - 403 Client Error: Forbidden for url: https://prod02.elementscloud.no/publikum/Documents/ShowDmbHandlingDocument/76dc8fa9-13be-48a4-b5a8-5168c5a1e3f6/664/Protokoll
2025-09-30 13:27:07,597 - urls_to_texts - WARNING - No document fetched from https://prod02.elementscloud.no/publikum/Documents/ShowDmbHandlingDocument/76dc8fa9-13be-48a4-b5a8-5168c5a1e3f6/664/Protokoll.
2025-09-30 13:27:09,349 - urls_to_texts - ERROR - Error fetching document: Response ended prematurely
2025-09-30 13:27:09,350 - urls_to_texts - ERROR - Error fetching document e9445781-8c9e-5347-bc76-16f69996eef0 from https://innsynpluss.onacos.no/api/presentation/v2/nye-innsyn/filer/v-9a1e9dfc__3f01__4df5__a599__d213d4fbfca2-85924_1_A!d-1000042034!PZsY9C
2025-09-30 13:27:09,393 - urls_to_texts - INFO - GET [403]: https://prod01.elementscloud.no/publikum/Documents/ShowDmbHandlingDocument/0f947f6b-b1b0-4470-840e-4226ef3244af/9955/Protokoll 0.04 0
2025-09-30 13:27:09,393 - urls_to_texts - ERROR - 403 Client Error: Forbidden for url: https://prod01.elementscloud.no/publikum/Documents/ShowDmbHandlingDocument/0f947f6b-b1b0-4470-840e-4226ef3244af/9955/Protokoll
2025-09-30 13:27:09,393 - urls_to_texts - WARNING - No document fetched from https://prod01.elementscloud.no/publikum/Documents/ShowDmbHandlingDocument/0f947f6b-b1b0-4470-840e-4226ef3244af/9955/Protokoll.
2025-09-30 13:27:09,461 - urls_to_texts - ERROR - Error fetching document: Response ended prematurely
2025-09-30 13:27:09,461 - urls_to_texts - ERROR - Error fetching document 73c93ff5-d1b2-5bda-b729-ab75fd986ab3 from https://kinn.kommune.no/api/presentation/v2/nye-innsyn/filer/v-e1a6ab11__6b4d__4733__bbeb__849aa26734de-1894725_1_A!d-2022193587!IIz5tR
2025-09-30 13:27:09,508 - urls_to_texts - INFO - GET [403]: https://prod02.elementscloud.no/publikum/Documents/ShowDmbHandlingDocument/eff08746-5cb4-4d88-aaf4-4bf6cd496e88/3553/CasesFremlegg 0.05 0
2025-09-30 13:27:09,508 - urls_to_texts - ERROR - 403 Client Error: Forbidden for url: https://prod02.elementscloud.no/publikum/Documents/ShowDmbHandlingDocument/eff08746-5cb4-4d88-aaf4-4bf6cd496e88/3553/CasesFremlegg
2025-09-30 13:27:09,508 - urls_to_texts - WARNING - No document fetched from https://prod02.elementscloud.no/publikum/Documents/ShowDmbHandlingDocument/eff08746-5cb4-4d88-aaf4-4bf6cd496e88/3553/CasesFremlegg.
2025-09-30 13:27:09,577 - urls_to_texts - ERROR - Error fetching document: Response ended prematurely
2025-09-30 13:27:09,577 - urls_to_texts - ERROR - Error fetching document 1dd63680-47af-5120-92bd-839e3d858718 from https://kinn.kommune.no/api/presentation/v2/nye-innsyn/filer/v-e1a6ab11__6b4d__4733__bbeb__849aa26734de-1855755_3_A!d-2022174141!QCvWvE
2025-09-30 13:27:09,692 - urls_to_texts - ERROR - Error fetching document: Response ended prematurely
2025-09-30 13:27:09,692 - urls_to_texts - ERROR - Error fetching document 4116cbbf-a368-5621-a1c6-88e6870df78f from https://www.eidfjord.kommune.no/api/presentation/v2/nye-innsyn/filer/v-e7a24bb1__f486__46d9__ada4__35680a127e2c-23378_3_A!d-1100011240!KG7G05
2025-09-30 13:27:09,760 - urls_to_texts - ERROR - Error fetching document: Response ended prematurely
2025-09-30 13:27:09,760 - urls_to_texts - ERROR - Error fetching document 9e738bff-bd9f-5854-afe6-1f18198e4454 from https://voss.herad.no/api/presentation/v2/nye-innsyn/filer/v-b1707b4a__7a25__41f1__939c__a9a8523356cf-279356_2_P!d-1100136954!3PJhiI
2025-09-30 13:27:09,830 - urls_to_texts - ERROR - Error fetching document: Response ended prematurely
2025-09-30 13:27:09,831 - urls_to_texts - ERROR - Error fetching document 50e9d39c-790c-58f4-a910-7fd7fd1a8eff from https://voss.herad.no/api/presentation/v2/nye-innsyn/filer/v-b1707b4a__7a25__41f1__939c__a9a8523356cf-229401_15_P!d-1100113608!1kz6ME
2025-09-30 13:27:09,873 - urls_to_texts - INFO - GET [403]: https://prod02.elementscloud.no/publikum/Documents/ShowDmbHandlingDocument/eff08746-5cb4-4d88-aaf4-4bf6cd496e88/3867/CasesFremlegg 0.04 0
2025-09-30 13:27:09,873 - urls_to_texts - ERROR - 403 Client Error: Forbidden for url: https://prod02.elementscloud.no/publikum/Documents/ShowDmbHandlingDocument/eff08746-5cb4-4d88-aaf4-4bf6cd496e88/3867/CasesFremlegg
2025-09-30 13:27:09,873 - urls_to_texts - WARNING - No document fetched from https://prod02.elementscloud.no/publikum/Documents/ShowDmbHandlingDocument/eff08746-5cb4-4d88-aaf4-4bf6cd496e88/3867/CasesFremlegg.
2025-09-30 13:27:11,612 - urls_to_texts - ERROR - ('Connection aborted.', RemoteDisconnected('Remote end closed connection without response'))
2025-09-30 13:27:11,612 - urls_to_texts - WARNING - No document fetched from https://innsynpluss.onacos.no/api/presentation/v2/nye-innsyn/filer/v-084e0747__69df__45ac__bc47__df64cee5aa6d-102115_1_P!d-1100054009!dg8m2H.
2025-09-30 13:27:11,986 - urls_to_texts - INFO - GET [200]: https://www.etne.kommune.no/api/presentation/v2/nye-innsyn/filer/v-e857a982__e852__4eeb__a914__f85d70e5a42b-1618585_2_P!d-2020094159!QLN6Jd 0.17 45
2025-09-30 13:27:11,992 - urls_to_texts - INFO - Unsupported file extension: .html
2025-09-30 13:27:11,993 - urls_to_texts - WARNING - No text extracted from document at https://www.etne.kommune.no/api/presentation/v2/nye-innsyn/filer/v-e857a982__e852__4eeb__a914__f85d70e5a42b-1618585_2_P!d-2020094159!QLN6Jd.
2025-09-30 13:27:12,083 - urls_to_texts - ERROR - Error fetching document: Response ended prematurely
2025-09-30 13:27:12,083 - urls_to_texts - ERROR - Error fetching document dbcb31a8-6040-5ac2-a658-85dc41171a42 from https://stad.kommune.no/api/presentation/v2/nye-innsyn/filer/v-3dd15a26__96f4__4d7d__a998__45a817cb090e-1727661_2_A!d-2022139048!fhCVRl
2025-09-30 13:27:12,432 - urls_to_texts - INFO - GET [200]: https://laerdal.kommune.no/api/presentation/v2/nye-innsyn/filer/v-f63e1f7f__0e35__4b7d__a71a__b9b0275d02d1-248815_2_P!d-2022028569!voKSw1 0.16 44
2025-09-30 13:27:12,439 - urls_to_texts - INFO - Unsupported file extension: .html
2025-09-30 13:27:12,439 - urls_to_texts - WARNING - No text extracted from document at https://laerdal.kommune.no/api/presentation/v2/nye-innsyn/filer/v-f63e1f7f__0e35__4b7d__a71a__b9b0275d02d1-248815_2_P!d-2022028569!voKSw1.
2025-09-30 13:27:12,481 - urls_to_texts - INFO - GET [403]: https://prod01.elementscloud.no/publikum/Documents/ShowDmbHandlingDocument/35dcc491-8e78-470e-afc8-0db3f930a352/9496/CasesFremlegg 0.04 0
2025-09-30 13:27:12,481 - urls_to_texts - ERROR - 403 Client Error: Forbidden for url: https://prod01.elementscloud.no/publikum/Documents/ShowDmbHandlingDocument/35dcc491-8e78-470e-afc8-0db3f930a352/9496/CasesFremlegg
2025-09-30 13:27:12,482 - urls_to_texts - WARNING - No document fetched from https://prod01.elementscloud.no/publikum/Documents/ShowDmbHandlingDocument/35dcc491-8e78-470e-afc8-0db3f930a352/9496/CasesFremlegg.
2025-09-30 13:27:12,872 - urls_to_texts - INFO - GET [200]: https://bergen.kommune.no/politikere-utvalg/api/fil/bk360/12859149/Innstilling-vedtak-Orientering-om-Bergen-kommunes-handtering-av-regelverket-om-kommunal-forkjopsrett 0.28 44
2025-09-30 13:27:12,938 - urls_to_texts - INFO - Processed 13/44118 documents (skipped: 120)
2025-09-30 13:27:12,988 - urls_to_texts - INFO - GET [403]: https://prod02.elementscloud.no/publikum/Documents/ShowDmbHandlingDocument/eff08746-5cb4-4d88-aaf4-4bf6cd496e88/4253/Protokoll 0.05 0
2025-09-30 13:27:12,988 - urls_to_texts - ERROR - 403 Client Error: Forbidden for url: https://prod02.elementscloud.no/publikum/Documents/ShowDmbHandlingDocument/eff08746-5cb4-4d88-aaf4-4bf6cd496e88/4253/Protokoll
2025-09-30 13:27:12,989 - urls_to_texts - WARNING - No document fetched from https://prod02.elementscloud.no/publikum/Documents/ShowDmbHandlingDocument/eff08746-5cb4-4d88-aaf4-4bf6cd496e88/4253/Protokoll.
2025-09-30 13:27:13,037 - urls_to_texts - INFO - GET [403]: https://prod02.elementscloud.no/publikum/Documents/ShowDmbHandlingDocument/f041b74e-b1e6-4615-987e-387f63721a2e/1044/Protokoll 0.05 0
2025-09-30 13:27:13,037 - urls_to_texts - ERROR - 403 Client Error: Forbidden for url: https://prod02.elementscloud.no/publikum/Documents/ShowDmbHandlingDocument/f041b74e-b1e6-4615-987e-387f63721a2e/1044/Protokoll
2025-09-30 13:27:13,038 - urls_to_texts - WARNING - No document fetched from https://prod02.elementscloud.no/publikum/Documents/ShowDmbHandlingDocument/f041b74e-b1e6-4615-987e-387f63721a2e/1044/Protokoll.
2025-09-30 13:27:13,080 - urls_to_texts - INFO - GET [403]: https://prod02.elementscloud.no/publikum/Documents/ShowDmbHandlingDocument/2d8f53e3-3226-477a-8245-0622ae7edf5d/2202/CasesFremlegg 0.04 0
2025-09-30 13:27:13,080 - urls_to_texts - ERROR - 403 Client Error: Forbidden for url: https://prod02.elementscloud.no/publikum/Documents/ShowDmbHandlingDocument/2d8f53e3-3226-477a-8245-0622ae7edf5d/2202/CasesFremlegg
2025-09-30 13:27:13,081 - urls_to_texts - WARNING - No document fetched from https://prod02.elementscloud.no/publikum/Documents/ShowDmbHandlingDocument/2d8f53e3-3226-477a-8245-0622ae7edf5d/2202/CasesFremlegg.
2025-09-30 13:27:13,124 - urls_to_texts - INFO - GET [403]: https://prod01.elementscloud.no/publikum/Documents/ShowDmbHandlingDocument/58bcb069-e37a-4130-9be0-e56f6fb533b7/2708/CasesFremlegg 0.04 0
2025-09-30 13:27:13,124 - urls_to_texts - ERROR - 403 Client Error: Forbidden for url: https://prod01.elementscloud.no/publikum/Documents/ShowDmbHandlingDocument/58bcb069-e37a-4130-9be0-e56f6fb533b7/2708/CasesFremlegg
2025-09-30 13:27:13,125 - urls_to_texts - WARNING - No document fetched from https://prod01.elementscloud.no/publikum/Documents/ShowDmbHandlingDocument/58bcb069-e37a-4130-9be0-e56f6fb533b7/2708/CasesFremlegg.
2025-09-30 13:27:13,191 - urls_to_texts - ERROR - Error fetching document: Response ended prematurely
2025-09-30 13:27:13,191 - urls_to_texts - ERROR - Error fetching document 75f14b83-5546-58c0-8dc9-cb40784aa5d8 from https://voss.herad.no/api/presentation/v2/nye-innsyn/filer/v-b1707b4a__7a25__41f1__939c__a9a8523356cf-255391_2_A!d-1100125022!TFraua
2025-09-30 13:27:13,927 - urls_to_texts - ERROR - Error fetching document: Response ended prematurely
2025-09-30 13:27:13,927 - urls_to_texts - ERROR - Error fetching document be309994-051e-58d4-90a6-121e1dcc8d0f from https://innsynpluss.onacos.no/api/presentation/v2/nye-innsyn/filer/v-b15978eb__8cc6__45a9__9564__1f28338ca3d7-801704_1_A!d-1100399832!5DjQXk
2025-09-30 13:27:13,995 - urls_to_texts - ERROR - ('Connection aborted.', RemoteDisconnected('Remote end closed connection without response'))
2025-09-30 13:27:13,995 - urls_to_texts - WARNING - No document fetched from https://voss.herad.no/api/presentation/v2/nye-innsyn/filer/v-b1707b4a__7a25__41f1__939c__a9a8523356cf-229982_1_A!d-1100113919!SXIAwa.
2025-09-30 13:27:14,089 - urls_to_texts - ERROR - Error fetching document: Response ended prematurely
2025-09-30 13:27:14,090 - urls_to_texts - ERROR - Error fetching document 671cc0db-b393-57c9-9559-303716547abb from https://ullensvang.kommune.no/api/presentation/v2/nye-innsyn/filer/v-0a336fc1__178f__4c38__8f38__3c7bd5ffdbe6-1708494_2_A!d-2019184751!ouxMuL
2025-09-30 13:27:14,135 - urls_to_texts - INFO - GET [403]: https://prod02.elementscloud.no/publikum/Documents/ShowDmbHandlingDocument/76dc8fa9-13be-48a4-b5a8-5168c5a1e3f6/606/CasesFremlegg 0.04 0
2025-09-30 13:27:14,135 - urls_to_texts - ERROR - 403 Client Error: Forbidden for url: https://prod02.elementscloud.no/publikum/Documents/ShowDmbHandlingDocument/76dc8fa9-13be-48a4-b5a8-5168c5a1e3f6/606/CasesFremlegg
2025-09-30 13:27:14,136 - urls_to_texts - WARNING - No document fetched from https://prod02.elementscloud.no/publikum/Documents/ShowDmbHandlingDocument/76dc8fa9-13be-48a4-b5a8-5168c5a1e3f6/606/CasesFremlegg.
2025-09-30 13:27:15,978 - urls_to_texts - ERROR - Error fetching document: Response ended prematurely
2025-09-30 13:27:15,979 - urls_to_texts - ERROR - Error fetching document cf35199f-8d06-5be6-b4e1-06d3def8dee7 from https://innsynpluss.onacos.no/api/presentation/v2/nye-innsyn/filer/v-10785b61__f1ba__405d__8af8__b65017f85ea0-392233_1_P!d-1100244726!32Ds0C
2025-09-30 13:27:16,050 - urls_to_texts - ERROR - Error fetching document: Response ended prematurely
2025-09-30 13:27:16,051 - urls_to_texts - ERROR - Error fetching document f281c980-b7c1-5a6e-8db0-dcb1ce6865d7 from https://kinn.kommune.no/api/presentation/v2/nye-innsyn/filer/v-e1a6ab11__6b4d__4733__bbeb__849aa26734de-1870206_2_A!d-2022181544!cfyLfN
2025-09-30 13:27:16,139 - urls_to_texts - ERROR - Error fetching document: Response ended prematurely
2025-09-30 13:27:16,139 - urls_to_texts - ERROR - Error fetching document fc756eff-43c8-5506-88fb-e8fcbba73d4f from https://www.luster.kommune.no/api/presentation/v2/nye-innsyn/filer/v-721139d1__230b__45c0__9cf1__92f0ef921828-134456_2_A!d-1100077295!ybY8eF
2025-09-30 13:27:18,416 - urls_to_texts - ERROR - Error fetching document: Response ended prematurely
2025-09-30 13:27:18,416 - urls_to_texts - ERROR - Error fetching document dfbf1f35-3304-5332-aefc-d815ee8275f4 from https://innsynpluss.onacos.no/api/presentation/v2/nye-innsyn/filer/v-b27cb650__363a__4a8b__acee__9e6cafa23ca2-79842_1_A!d-1100044085!9sYGpG
2025-09-30 13:27:19,768 - urls_to_texts - ERROR - Error fetching document: Response ended prematurely
2025-09-30 13:27:19,768 - urls_to_texts - ERROR - Error fetching document 3c298aa3-3eed-5df6-b4f9-6642d714c901 from https://innsynpluss.onacos.no/api/presentation/v2/nye-innsyn/filer/v-eeffc487__2515__47b2__ad08__a5d4f8d5e8f5-219374_3_P!d-2013116982!NIjx8P
2025-09-30 13:27:20,130 - urls_to_texts - INFO - GET [200]: https://bjornafjorden.kommune.no/api/presentation/v2/nye-innsyn/filer/v-cc3ede69__97b5__48c8__9b5b__94ea04175932-2156806_1_A!d-2021323666!cyOcSV 0.17 46
2025-09-30 13:27:20,137 - urls_to_texts - INFO - Unsupported file extension: .html
2025-09-30 13:27:20,137 - urls_to_texts - WARNING - No text extracted from document at https://bjornafjorden.kommune.no/api/presentation/v2/nye-innsyn/filer/v-cc3ede69__97b5__48c8__9b5b__94ea04175932-2156806_1_A!d-2021323666!cyOcSV.
2025-09-30 13:27:21,164 - urls_to_texts - ERROR - Error fetching document: Response ended prematurely
2025-09-30 13:27:21,164 - urls_to_texts - ERROR - Error fetching document b8f4f44e-aa6a-5572-b030-676a06703f16 from https://innsynpluss.onacos.no/api/presentation/v2/nye-innsyn/filer/v-9a1e9dfc__3f01__4df5__a599__d213d4fbfca2-85664_1_P!d-1000041943!jkIjE2
2025-09-30 13:27:21,259 - urls_to_texts - ERROR - Error fetching document: Response ended prematurely
2025-09-30 13:27:21,259 - urls_to_texts - ERROR - Error fetching document 5f46c118-fa40-51ee-bc2c-c5e1cae3b61f from https://ullensvang.kommune.no/api/presentation/v2/nye-innsyn/filer/v-0a336fc1__178f__4c38__8f38__3c7bd5ffdbe6-1705220_22_P!d-2019183258!1lmoJ2
2025-09-30 13:27:21,356 - urls_to_texts - ERROR - Error fetching document: Response ended prematurely
2025-09-30 13:27:21,356 - urls_to_texts - ERROR - Error fetching document bd921aef-1827-5770-b784-469ebb38be23 from https://www.hoyanger.kommune.no/api/presentation/v2/nye-innsyn/filer/v-00e4d6e9__78c6__4d36__8fd8__ac504c585036-266367_1_A!d-2022045663!VeTP24
2025-09-30 13:27:22,048 - urls_to_texts - ERROR - Error fetching document: Response ended prematurely
2025-09-30 13:27:22,048 - urls_to_texts - ERROR - Error fetching document d515e7b8-02f2-5dda-b0b2-7e57c39da2ac from https://innsynpluss.onacos.no/api/presentation/v2/nye-innsyn/filer/v-e52fa2fa__a617__4ce7__b4a3__788287e64f0b-74521_6_A!d-1100040271!XNWqwZ
2025-09-30 13:27:23,145 - urls_to_texts - ERROR - ('Connection aborted.', RemoteDisconnected('Remote end closed connection without response'))
2025-09-30 13:27:23,146 - urls_to_texts - WARNING - No document fetched from https://innsynpluss.onacos.no/api/presentation/v2/nye-innsyn/filer/v-eeffc487__2515__47b2__ad08__a5d4f8d5e8f5-217439_2_A!d-2013116055!Sz5ccI.
2025-09-30 13:27:23,215 - urls_to_texts - ERROR - ('Connection aborted.', RemoteDisconnected('Remote end closed connection without response'))
2025-09-30 13:27:23,215 - urls_to_texts - WARNING - No document fetched from https://bjornafjorden.kommune.no/api/presentation/v2/nye-innsyn/filer/v-cc3ede69__97b5__48c8__9b5b__94ea04175932-2233579_8_P!d-2021363052!R70sh3.
2025-09-30 13:27:23,303 - urls_to_texts - ERROR - Error fetching document: Response ended prematurely
2025-09-30 13:27:23,303 - urls_to_texts - ERROR - Error fetching document c0a9bbce-74a4-52fb-8fb7-991b382592c3 from https://stad.kommune.no/api/presentation/v2/nye-innsyn/filer/v-3dd15a26__96f4__4d7d__a998__45a817cb090e-1724685_2_A!d-2022137683!eolS9g
2025-09-30 13:27:23,351 - urls_to_texts - INFO - GET [403]: https://prod02.elementscloud.no/publikum/Documents/ShowDmbHandlingDocument/a9103361-55ca-477e-ad2b-00f79954109d/1569/CasesFremlegg 0.05 0
2025-09-30 13:27:23,351 - urls_to_texts - ERROR - 403 Client Error: Forbidden for url: https://prod02.elementscloud.no/publikum/Documents/ShowDmbHandlingDocument/a9103361-55ca-477e-ad2b-00f79954109d/1569/CasesFremlegg
2025-09-30 13:27:23,351 - urls_to_texts - WARNING - No document fetched from https://prod02.elementscloud.no/publikum/Documents/ShowDmbHandlingDocument/a9103361-55ca-477e-ad2b-00f79954109d/1569/CasesFremlegg.
2025-09-30 13:27:23,388 - urls_to_texts - INFO - GET [403]: https://prod02.elementscloud.no/publikum/Documents/ShowDmbHandlingDocument/a9103361-55ca-477e-ad2b-00f79954109d/1112/Protokoll 0.04 0
2025-09-30 13:27:23,388 - urls_to_texts - ERROR - 403 Client Error: Forbidden for url: https://prod02.elementscloud.no/publikum/Documents/ShowDmbHandlingDocument/a9103361-55ca-477e-ad2b-00f79954109d/1112/Protokoll
2025-09-30 13:27:23,389 - urls_to_texts - WARNING - No document fetched from https://prod02.elementscloud.no/publikum/Documents/ShowDmbHandlingDocument/a9103361-55ca-477e-ad2b-00f79954109d/1112/Protokoll.
2025-09-30 13:27:24,525 - urls_to_texts - INFO - GET [200]: https://innsyn.tromso.kommune.no/application/getMoteDokument?dokid=2002120142 1.08 122
2025-09-30 13:27:24,608 - urls_to_texts - INFO - Processed 14/44118 documents (skipped: 128)
2025-09-30 13:27:24,674 - urls_to_texts - ERROR - Error fetching document: Response ended prematurely
2025-09-30 13:27:24,674 - urls_to_texts - ERROR - Error fetching document 148a50db-a503-5e98-a1e0-d32a5c3596b4 from https://gloppen.kommune.no/api/presentation/v2/nye-innsyn/filer/v-dd4f3791__13e5__44ce__8656__c0623ce17d55-1605421_2_A!d-2022063710!J2G7nH
2025-09-30 13:27:24,744 - urls_to_texts - ERROR - Error fetching document: Response ended prematurely
2025-09-30 13:27:24,745 - urls_to_texts - ERROR - Error fetching document 60520737-6aa1-5988-8b09-e78ffd269f68 from https://www.hyllestad.kommune.no/api/presentation/v2/nye-innsyn/filer/v-0689a22d__4138__4cb7__ad39__fe9db3885dee-211098_2_A!d-2022026739!f8Ta6E
2025-09-30 13:27:24,785 - urls_to_texts - INFO - GET [403]: https://prod02.elementscloud.no/publikum/Documents/ShowDmbHandlingDocument/e5b0d1f1-00c5-4eb0-a9f2-e3450eb803c9/1378/Protokoll 0.04 0
2025-09-30 13:27:24,786 - urls_to_texts - ERROR - 403 Client Error: Forbidden for url: https://prod02.elementscloud.no/publikum/Documents/ShowDmbHandlingDocument/e5b0d1f1-00c5-4eb0-a9f2-e3450eb803c9/1378/Protokoll
2025-09-30 13:27:24,786 - urls_to_texts - WARNING - No document fetched from https://prod02.elementscloud.no/publikum/Documents/ShowDmbHandlingDocument/e5b0d1f1-00c5-4eb0-a9f2-e3450eb803c9/1378/Protokoll.
2025-09-30 13:27:24,823 - urls_to_texts - INFO - GET [403]: https://prod01.elementscloud.no/publikum/Documents/ShowMeetingDocument/35dcc491-8e78-470e-afc8-0db3f930a352/461/MI/1892 0.04 0
2025-09-30 13:27:24,824 - urls_to_texts - ERROR - 403 Client Error: Forbidden for url: https://prod01.elementscloud.no/publikum/Documents/ShowMeetingDocument/35dcc491-8e78-470e-afc8-0db3f930a352/461/MI/1892
2025-09-30 13:27:24,824 - urls_to_texts - WARNING - No document fetched from https://prod01.elementscloud.no/publikum/Documents/ShowMeetingDocument/35dcc491-8e78-470e-afc8-0db3f930a352/461/MI/1892.
2025-09-30 13:27:25,886 - urls_to_texts - INFO - GET [200]: https://innsyn.lyngen.kommune.no/wfdocument.aspx?journalpostid=2013064900&dokid=129891&versjon=1&variant=O&ct=RA-PDF 0.03 1113
2025-09-30 13:27:27,217 - urls_to_texts - INFO - Processed 15/44118 documents (skipped: 131)
2025-09-30 13:27:27,258 - urls_to_texts - INFO - GET [403]: https://prod01.elementscloud.no/publikum/Documents/ShowMeetingDocument/8d21b1e6-6a6c-419d-87c5-2b551cb056f6/821/MI/3463 0.04 0
2025-09-30 13:27:27,258 - urls_to_texts - ERROR - 403 Client Error: Forbidden for url: https://prod01.elementscloud.no/publikum/Documents/ShowMeetingDocument/8d21b1e6-6a6c-419d-87c5-2b551cb056f6/821/MI/3463
2025-09-30 13:27:27,258 - urls_to_texts - WARNING - No document fetched from https://prod01.elementscloud.no/publikum/Documents/ShowMeetingDocument/8d21b1e6-6a6c-419d-87c5-2b551cb056f6/821/MI/3463.
2025-09-30 13:27:28,140 - urls_to_texts - ERROR - Error fetching document: Response ended prematurely
2025-09-30 13:27:28,140 - urls_to_texts - ERROR - Error fetching document d47f835e-bbbb-5308-a7fd-d62a97e2a9b9 from https://innsynpluss.onacos.no/api/presentation/v2/nye-innsyn/filer/v-b27cb650__363a__4a8b__acee__9e6cafa23ca2-74118_5_A!d-1100040692!vqc13c
2025-09-30 13:27:28,216 - urls_to_texts - ERROR - Error fetching document: Response ended prematurely
2025-09-30 13:27:28,217 - urls_to_texts - ERROR - Error fetching document 2fb020d2-90da-50c9-8934-647ddad1ed2e from https://www.luster.kommune.no/api/presentation/v2/nye-innsyn/filer/v-721139d1__230b__45c0__9cf1__92f0ef921828-138435_2_A!d-1100079266!uGIlbW
2025-09-30 13:27:28,293 - urls_to_texts - ERROR - Error fetching document: Response ended prematurely
2025-09-30 13:27:28,293 - urls_to_texts - ERROR - Error fetching document 9e8a054e-6a98-5513-b2d3-19e58459aa48 from https://voss.herad.no/api/presentation/v2/nye-innsyn/filer/v-b1707b4a__7a25__41f1__939c__a9a8523356cf-233496_2_A!d-1100115773!cuW3Q1
2025-09-30 13:27:28,337 - urls_to_texts - INFO - GET [403]: https://prod01.elementscloud.no/publikum/Documents/ShowMeetingDocument/5ac72eb8-cac7-496a-b9ef-fc393c80a79a/562/MI/1997 0.04 0
2025-09-30 13:27:28,338 - urls_to_texts - ERROR - 403 Client Error: Forbidden for url: https://prod01.elementscloud.no/publikum/Documents/ShowMeetingDocument/5ac72eb8-cac7-496a-b9ef-fc393c80a79a/562/MI/1997
2025-09-30 13:27:28,338 - urls_to_texts - WARNING - No document fetched from https://prod01.elementscloud.no/publikum/Documents/ShowMeetingDocument/5ac72eb8-cac7-496a-b9ef-fc393c80a79a/562/MI/1997.
2025-09-30 13:27:28,619 - urls_to_texts - ERROR - Error fetching document: Response ended prematurely
2025-09-30 13:27:28,620 - urls_to_texts - ERROR - Error fetching document 6f3d3c52-624d-5b1b-a04d-2962d59135a3 from https://innsynpluss.onacos.no/api/presentation/v2/nye-innsyn/filer/v-b15978eb__8cc6__45a9__9564__1f28338ca3d7-588352_2_A!d-1100277301!HxWsws
2025-09-30 13:27:28,660 - urls_to_texts - INFO - GET [403]: https://prod02.elementscloud.no/publikum/Documents/ShowDmbHandlingDocument/2d8f53e3-3226-477a-8245-0622ae7edf5d/1882/Protokoll 0.04 0
2025-09-30 13:27:28,660 - urls_to_texts - ERROR - 403 Client Error: Forbidden for url: https://prod02.elementscloud.no/publikum/Documents/ShowDmbHandlingDocument/2d8f53e3-3226-477a-8245-0622ae7edf5d/1882/Protokoll
2025-09-30 13:27:28,661 - urls_to_texts - WARNING - No document fetched from https://prod02.elementscloud.no/publikum/Documents/ShowDmbHandlingDocument/2d8f53e3-3226-477a-8245-0622ae7edf5d/1882/Protokoll.
2025-09-30 13:27:28,700 - urls_to_texts - INFO - GET [403]: https://prod01.elementscloud.no/publikum/Documents/ShowMeetingDocument/0f947f6b-b1b0-4470-840e-4226ef3244af/640/MP/2737 0.04 0
2025-09-30 13:27:28,701 - urls_to_texts - ERROR - 403 Client Error: Forbidden for url: https://prod01.elementscloud.no/publikum/Documents/ShowMeetingDocument/0f947f6b-b1b0-4470-840e-4226ef3244af/640/MP/2737
2025-09-30 13:27:28,701 - urls_to_texts - WARNING - No document fetched from https://prod01.elementscloud.no/publikum/Documents/ShowMeetingDocument/0f947f6b-b1b0-4470-840e-4226ef3244af/640/MP/2737.
2025-09-30 13:27:28,773 - urls_to_texts - ERROR - Error fetching document: Response ended prematurely
2025-09-30 13:27:28,773 - urls_to_texts - ERROR - Error fetching document 28a615d9-7a03-574f-818f-98c5a9f40d78 from https://www.askvoll.kommune.no/api/presentation/v2/nye-innsyn/filer/v-d691afea__aaff__43de__a10d__c9d8e8907141-355285_1_A!d-2022059530!C2qq6H
2025-09-30 13:27:28,856 - urls_to_texts - ERROR - Error fetching document: Response ended prematurely
2025-09-30 13:27:28,856 - urls_to_texts - ERROR - Error fetching document b0dcb0a9-f6be-5652-96e4-20f9e2a6205a from https://www.luster.kommune.no/api/presentation/v2/nye-innsyn/filer/v-721139d1__230b__45c0__9cf1__92f0ef921828-136539_2_A!d-1100078339!xvfYH3
2025-09-30 13:27:28,896 - urls_to_texts - INFO - GET [403]: https://prod02.elementscloud.no/publikum/Documents/ShowDmbHandlingDocument/a9103361-55ca-477e-ad2b-00f79954109d/1074/Protokoll 0.04 0
2025-09-30 13:27:28,896 - urls_to_texts - ERROR - 403 Client Error: Forbidden for url: https://prod02.elementscloud.no/publikum/Documents/ShowDmbHandlingDocument/a9103361-55ca-477e-ad2b-00f79954109d/1074/Protokoll
2025-09-30 13:27:28,897 - urls_to_texts - WARNING - No document fetched from https://prod02.elementscloud.no/publikum/Documents/ShowDmbHandlingDocument/a9103361-55ca-477e-ad2b-00f79954109d/1074/Protokoll.
2025-09-30 13:27:28,962 - urls_to_texts - ERROR - ('Connection aborted.', RemoteDisconnected('Remote end closed connection without response'))
2025-09-30 13:27:28,962 - urls_to_texts - WARNING - No document fetched from https://bjornafjorden.kommune.no/api/presentation/v2/nye-innsyn/filer/v-cc3ede69__97b5__48c8__9b5b__94ea04175932-2479397_1_A!d-2021489381!d9Pcje.
2025-09-30 13:27:29,002 - urls_to_texts - INFO - GET [403]: https://prod01.elementscloud.no/publikum/Documents/ShowDmbHandlingDocument/5ac72eb8-cac7-496a-b9ef-fc393c80a79a/4536/CasesFremlegg 0.04 0
2025-09-30 13:27:29,002 - urls_to_texts - ERROR - 403 Client Error: Forbidden for url: https://prod01.elementscloud.no/publikum/Documents/ShowDmbHandlingDocument/5ac72eb8-cac7-496a-b9ef-fc393c80a79a/4536/CasesFremlegg
2025-09-30 13:27:29,002 - urls_to_texts - WARNING - No document fetched from https://prod01.elementscloud.no/publikum/Documents/ShowDmbHandlingDocument/5ac72eb8-cac7-496a-b9ef-fc393c80a79a/4536/CasesFremlegg.
2025-09-30 13:27:29,079 - urls_to_texts - ERROR - Error fetching document: Response ended prematurely
2025-09-30 13:27:29,080 - urls_to_texts - ERROR - Error fetching document ae9be518-a4f0-58de-83fa-c74dda74175e from https://stad.kommune.no/api/presentation/v2/nye-innsyn/filer/v-3dd15a26__96f4__4d7d__a998__45a817cb090e-1622059_2_A!d-2022081751!BwZ4pu
2025-09-30 13:27:29,436 - urls_to_texts - ERROR - Error fetching document: Response ended prematurely
2025-09-30 13:27:29,436 - urls_to_texts - ERROR - Error fetching document 9b5575d1-fc38-56f9-8e0e-5157a7f63311 from https://innsynpluss.onacos.no/api/presentation/v2/nye-innsyn/filer/v-b27cb650__363a__4a8b__acee__9e6cafa23ca2-77088_2_A!d-1100042447!r3tSq2
2025-09-30 13:27:29,786 - urls_to_texts - INFO - GET [200]: https://www.etne.kommune.no/api/presentation/v2/nye-innsyn/filer/v-e857a982__e852__4eeb__a914__f85d70e5a42b-1592531_18_P!d-2020085813!C5Evin 0.17 45
2025-09-30 13:27:29,793 - urls_to_texts - INFO - Unsupported file extension: .html
2025-09-30 13:27:29,793 - urls_to_texts - WARNING - No text extracted from document at https://www.etne.kommune.no/api/presentation/v2/nye-innsyn/filer/v-e857a982__e852__4eeb__a914__f85d70e5a42b-1592531_18_P!d-2020085813!C5Evin.
2025-09-30 13:27:29,858 - urls_to_texts - ERROR - Error fetching document: Response ended prematurely
2025-09-30 13:27:29,858 - urls_to_texts - ERROR - Error fetching document 07cec820-5cbb-5860-a2ff-7f8ea9a7b9f7 from https://voss.herad.no/api/presentation/v2/nye-innsyn/filer/v-b1707b4a__7a25__41f1__939c__a9a8523356cf-249327_10_P!d-1100121997!5OP0MR
2025-09-30 13:27:30,186 - urls_to_texts - INFO - GET [200]: https://bjornafjorden.kommune.no/api/presentation/v2/nye-innsyn/filer/v-cc3ede69__97b5__48c8__9b5b__94ea04175932-2181897_1_A!d-2021334764!DbrICn 0.16 46
2025-09-30 13:27:30,192 - urls_to_texts - INFO - Unsupported file extension: .html
2025-09-30 13:27:30,192 - urls_to_texts - WARNING - No text extracted from document at https://bjornafjorden.kommune.no/api/presentation/v2/nye-innsyn/filer/v-cc3ede69__97b5__48c8__9b5b__94ea04175932-2181897_1_A!d-2021334764!DbrICn.
2025-09-30 13:27:30,234 - urls_to_texts - INFO - GET [403]: https://prod01.elementscloud.no/publikum/Documents/ShowDmbHandlingDocument/5ac72eb8-cac7-496a-b9ef-fc393c80a79a/4506/Protokoll 0.04 0
2025-09-30 13:27:30,234 - urls_to_texts - ERROR - 403 Client Error: Forbidden for url: https://prod01.elementscloud.no/publikum/Documents/ShowDmbHandlingDocument/5ac72eb8-cac7-496a-b9ef-fc393c80a79a/4506/Protokoll
2025-09-30 13:27:30,235 - urls_to_texts - WARNING - No document fetched from https://prod01.elementscloud.no/publikum/Documents/ShowDmbHandlingDocument/5ac72eb8-cac7-496a-b9ef-fc393c80a79a/4506/Protokoll.
2025-09-30 13:27:30,303 - urls_to_texts - ERROR - Error fetching document: Response ended prematurely
2025-09-30 13:27:30,303 - urls_to_texts - ERROR - Error fetching document a0478dae-442d-5063-aa77-1c85f96be841 from https://www.oksnes.kommune.no/api/presentation/v2/nye-innsyn/filer/v-d8cad916__46db__494b__a3e7__5241057da539-42181_9_P!d-1100019621!btuA9p
2025-09-30 13:27:30,347 - urls_to_texts - INFO - GET [403]: https://prod01.elementscloud.no/publikum/Documents/ShowDmbHandlingDocument/3babd1aa-82df-406b-8a71-390619586974/8024/Protokoll 0.04 0
2025-09-30 13:27:30,347 - urls_to_texts - ERROR - 403 Client Error: Forbidden for url: https://prod01.elementscloud.no/publikum/Documents/ShowDmbHandlingDocument/3babd1aa-82df-406b-8a71-390619586974/8024/Protokoll
2025-09-30 13:27:30,347 - urls_to_texts - WARNING - No document fetched from https://prod01.elementscloud.no/publikum/Documents/ShowDmbHandlingDocument/3babd1aa-82df-406b-8a71-390619586974/8024/Protokoll.
2025-09-30 13:27:30,390 - urls_to_texts - INFO - GET [403]: https://prod02.elementscloud.no/publikum/Documents/ShowMeetingDocument/eff08746-5cb4-4d88-aaf4-4bf6cd496e88/309/MI/928 0.04 0
2025-09-30 13:27:30,390 - urls_to_texts - ERROR - 403 Client Error: Forbidden for url: https://prod02.elementscloud.no/publikum/Documents/ShowMeetingDocument/eff08746-5cb4-4d88-aaf4-4bf6cd496e88/309/MI/928
2025-09-30 13:27:30,391 - urls_to_texts - WARNING - No document fetched from https://prod02.elementscloud.no/publikum/Documents/ShowMeetingDocument/eff08746-5cb4-4d88-aaf4-4bf6cd496e88/309/MI/928.
2025-09-30 13:27:30,431 - urls_to_texts - INFO - GET [403]: https://prod02.elementscloud.no/publikum/Documents/ShowDmbHandlingDocument/89d4d1c3-cc0e-4497-9af5-bac975eb55e1/1638/CasesFremlegg 0.04 0
2025-09-30 13:27:30,432 - urls_to_texts - ERROR - 403 Client Error: Forbidden for url: https://prod02.elementscloud.no/publikum/Documents/ShowDmbHandlingDocument/89d4d1c3-cc0e-4497-9af5-bac975eb55e1/1638/CasesFremlegg
2025-09-30 13:27:30,432 - urls_to_texts - WARNING - No document fetched from https://prod02.elementscloud.no/publikum/Documents/ShowDmbHandlingDocument/89d4d1c3-cc0e-4497-9af5-bac975eb55e1/1638/CasesFremlegg.
2025-09-30 13:27:30,515 - urls_to_texts - ERROR - Error fetching document: Response ended prematurely
2025-09-30 13:27:30,515 - urls_to_texts - ERROR - Error fetching document 4ce5c0e3-4ef4-5981-8112-5ddf2e8e087d from https://stad.kommune.no/api/presentation/v2/nye-innsyn/filer/v-3dd15a26__96f4__4d7d__a998__45a817cb090e-1754921_2_A!d-2022153456!3aWaJi
2025-09-30 13:27:30,556 - urls_to_texts - INFO - GET [403]: https://prod01.elementscloud.no/publikum/Documents/ShowDmbHandlingDocument/5ac72eb8-cac7-496a-b9ef-fc393c80a79a/5124/CasesFremlegg 0.04 0
2025-09-30 13:27:30,557 - urls_to_texts - ERROR - 403 Client Error: Forbidden for url: https://prod01.elementscloud.no/publikum/Documents/ShowDmbHandlingDocument/5ac72eb8-cac7-496a-b9ef-fc393c80a79a/5124/CasesFremlegg
2025-09-30 13:27:30,557 - urls_to_texts - WARNING - No document fetched from https://prod01.elementscloud.no/publikum/Documents/ShowDmbHandlingDocument/5ac72eb8-cac7-496a-b9ef-fc393c80a79a/5124/CasesFremlegg.
2025-09-30 13:27:30,810 - urls_to_texts - ERROR - Error fetching document: Response ended prematurely
2025-09-30 13:27:30,810 - urls_to_texts - ERROR - Error fetching document 5b6a4950-0f74-5058-b73e-ac92d7efc138 from https://innsynpluss.onacos.no/api/presentation/v2/nye-innsyn/filer/v-f75e6c12__234c__46f2__ba9a__a06c1d8a0442-79243_1_A!d-1100046381!JsfM04
2025-09-30 13:27:30,855 - urls_to_texts - INFO - GET [403]: https://prod02.elementscloud.no/publikum/Documents/ShowDmbHandlingDocument/7db3a691-f482-4720-b101-c3a44cb31481/2592/Protokoll 0.04 0
2025-09-30 13:27:30,856 - urls_to_texts - ERROR - 403 Client Error: Forbidden for url: https://prod02.elementscloud.no/publikum/Documents/ShowDmbHandlingDocument/7db3a691-f482-4720-b101-c3a44cb31481/2592/Protokoll
2025-09-30 13:27:30,856 - urls_to_texts - WARNING - No document fetched from https://prod02.elementscloud.no/publikum/Documents/ShowDmbHandlingDocument/7db3a691-f482-4720-b101-c3a44cb31481/2592/Protokoll.
2025-09-30 13:27:30,898 - urls_to_texts - INFO - GET [403]: https://prod01.elementscloud.no/publikum/Documents/ShowDmbHandlingDocument/3babd1aa-82df-406b-8a71-390619586974/8292/Protokoll 0.04 0
2025-09-30 13:27:30,898 - urls_to_texts - ERROR - 403 Client Error: Forbidden for url: https://prod01.elementscloud.no/publikum/Documents/ShowDmbHandlingDocument/3babd1aa-82df-406b-8a71-390619586974/8292/Protokoll
2025-09-30 13:27:30,899 - urls_to_texts - WARNING - No document fetched from https://prod01.elementscloud.no/publikum/Documents/ShowDmbHandlingDocument/3babd1aa-82df-406b-8a71-390619586974/8292/Protokoll.
2025-09-30 13:27:30,942 - urls_to_texts - INFO - GET [403]: https://prod02.elementscloud.no/publikum/Documents/ShowDmbHandlingDocument/b0d5f453-caf0-475d-b3bc-9f9114471c37/1790/Protokoll 0.04 0
2025-09-30 13:27:30,942 - urls_to_texts - ERROR - 403 Client Error: Forbidden for url: https://prod02.elementscloud.no/publikum/Documents/ShowDmbHandlingDocument/b0d5f453-caf0-475d-b3bc-9f9114471c37/1790/Protokoll
2025-09-30 13:27:30,942 - urls_to_texts - WARNING - No document fetched from https://prod02.elementscloud.no/publikum/Documents/ShowDmbHandlingDocument/b0d5f453-caf0-475d-b3bc-9f9114471c37/1790/Protokoll.
2025-09-30 13:27:30,984 - urls_to_texts - INFO - GET [403]: https://prod02.elementscloud.no/publikum/Documents/ShowDmbHandlingDocument/89d4d1c3-cc0e-4497-9af5-bac975eb55e1/1460/Protokoll 0.04 0
2025-09-30 13:27:30,984 - urls_to_texts - ERROR - 403 Client Error: Forbidden for url: https://prod02.elementscloud.no/publikum/Documents/ShowDmbHandlingDocument/89d4d1c3-cc0e-4497-9af5-bac975eb55e1/1460/Protokoll
2025-09-30 13:27:30,985 - urls_to_texts - WARNING - No document fetched from https://prod02.elementscloud.no/publikum/Documents/ShowDmbHandlingDocument/89d4d1c3-cc0e-4497-9af5-bac975eb55e1/1460/Protokoll.
2025-09-30 13:27:31,052 - urls_to_texts - ERROR - Error fetching document: Response ended prematurely
2025-09-30 13:27:31,053 - urls_to_texts - ERROR - Error fetching document 9063d384-5162-5a39-a79b-7faae9c0f5f1 from https://www.ulvik.kommune.no/api/presentation/v2/nye-innsyn/filer/v-fbd4410b__3d1a__4153__a3c5__50e18ebc878e-222123_1_P!d-2024015045!BwLJwt
2025-09-30 13:27:31,152 - urls_to_texts - ERROR - Error fetching document: Response ended prematurely
2025-09-30 13:27:31,152 - urls_to_texts - ERROR - Error fetching document 0d04150f-8a97-58a1-9891-25ef110855fb from https://stad.kommune.no/api/presentation/v2/nye-innsyn/filer/v-3dd15a26__96f4__4d7d__a998__45a817cb090e-1772372_1_A!d-2022162845!L6W7VV
2025-09-30 13:27:31,196 - urls_to_texts - INFO - GET [403]: https://prod01.elementscloud.no/publikum/Documents/ShowDmbHandlingDocument/0f947f6b-b1b0-4470-840e-4226ef3244af/9267/CasesFremlegg 0.04 0
2025-09-30 13:27:31,196 - urls_to_texts - ERROR - 403 Client Error: Forbidden for url: https://prod01.elementscloud.no/publikum/Documents/ShowDmbHandlingDocument/0f947f6b-b1b0-4470-840e-4226ef3244af/9267/CasesFremlegg
2025-09-30 13:27:31,196 - urls_to_texts - WARNING - No document fetched from https://prod01.elementscloud.no/publikum/Documents/ShowDmbHandlingDocument/0f947f6b-b1b0-4470-840e-4226ef3244af/9267/CasesFremlegg.
2025-09-30 13:27:31,614 - urls_to_texts - INFO - GET [200]: https://www.etne.kommune.no/api/presentation/v2/nye-innsyn/filer/v-e857a982__e852__4eeb__a914__f85d70e5a42b-1595094_1_A!d-2020087179!HPZfc5 0.19 45
2025-09-30 13:27:31,620 - urls_to_texts - INFO - Unsupported file extension: .html
2025-09-30 13:27:31,621 - urls_to_texts - WARNING - No text extracted from document at https://www.etne.kommune.no/api/presentation/v2/nye-innsyn/filer/v-e857a982__e852__4eeb__a914__f85d70e5a42b-1595094_1_A!d-2020087179!HPZfc5.
2025-09-30 13:27:33,000 - urls_to_texts - ERROR - Error fetching document: Response ended prematurely
2025-09-30 13:27:33,000 - urls_to_texts - ERROR - Error fetching document f4fc74e0-e4b1-55b6-a991-51cfb069ddbf from https://innsynpluss.onacos.no/api/presentation/v2/nye-innsyn/filer/v-b27cb650__363a__4a8b__acee__9e6cafa23ca2-74361_2_A!d-1100040843!eqBJA0
2025-09-30 13:27:33,050 - urls_to_texts - INFO - GET [403]: https://prod01.elementscloud.no/publikum/Documents/ShowMeetingDocument/58bcb069-e37a-4130-9be0-e56f6fb533b7/297/MP/1190 0.05 0
2025-09-30 13:27:33,050 - urls_to_texts - ERROR - 403 Client Error: Forbidden for url: https://prod01.elementscloud.no/publikum/Documents/ShowMeetingDocument/58bcb069-e37a-4130-9be0-e56f6fb533b7/297/MP/1190
2025-09-30 13:27:33,050 - urls_to_texts - WARNING - No document fetched from https://prod01.elementscloud.no/publikum/Documents/ShowMeetingDocument/58bcb069-e37a-4130-9be0-e56f6fb533b7/297/MP/1190.
2025-09-30 13:27:33,091 - urls_to_texts - INFO - GET [403]: https://prod02.elementscloud.no/publikum/Documents/ShowDmbHandlingDocument/7db3a691-f482-4720-b101-c3a44cb31481/2580/Protokoll 0.04 0
2025-09-30 13:27:33,091 - urls_to_texts - ERROR - 403 Client Error: Forbidden for url: https://prod02.elementscloud.no/publikum/Documents/ShowDmbHandlingDocument/7db3a691-f482-4720-b101-c3a44cb31481/2580/Protokoll
2025-09-30 13:27:33,091 - urls_to_texts - WARNING - No document fetched from https://prod02.elementscloud.no/publikum/Documents/ShowDmbHandlingDocument/7db3a691-f482-4720-b101-c3a44cb31481/2580/Protokoll.
2025-09-30 13:27:33,139 - urls_to_texts - INFO - GET [403]: https://prod01.elementscloud.no/publikum/Documents/ShowDmbHandlingDocument/35dcc491-8e78-470e-afc8-0db3f930a352/9739/Protokoll 0.05 0
2025-09-30 13:27:33,139 - urls_to_texts - ERROR - 403 Client Error: Forbidden for url: https://prod01.elementscloud.no/publikum/Documents/ShowDmbHandlingDocument/35dcc491-8e78-470e-afc8-0db3f930a352/9739/Protokoll
2025-09-30 13:27:33,140 - urls_to_texts - WARNING - No document fetched from https://prod01.elementscloud.no/publikum/Documents/ShowDmbHandlingDocument/35dcc491-8e78-470e-afc8-0db3f930a352/9739/Protokoll.
2025-09-30 13:27:33,208 - urls_to_texts - ERROR - Error fetching document: Response ended prematurely
2025-09-30 13:27:33,208 - urls_to_texts - ERROR - Error fetching document 3d289275-2cea-56ec-b1c4-b2cb73542513 from https://www.oksnes.kommune.no/api/presentation/v2/nye-innsyn/filer/v-d8cad916__46db__494b__a3e7__5241057da539-47320_12_P!d-1100021660!dEy5bh
2025-09-30 13:27:33,558 - urls_to_texts - INFO - GET [200]: https://laerdal.kommune.no/api/presentation/v2/nye-innsyn/filer/v-f63e1f7f__0e35__4b7d__a71a__b9b0275d02d1-240257_1_A!d-2022024868!sQrf4Q 0.17 44
2025-09-30 13:27:33,562 - urls_to_texts - INFO - Unsupported file extension: .html
2025-09-30 13:27:33,562 - urls_to_texts - WARNING - No text extracted from document at https://laerdal.kommune.no/api/presentation/v2/nye-innsyn/filer/v-f63e1f7f__0e35__4b7d__a71a__b9b0275d02d1-240257_1_A!d-2022024868!sQrf4Q.
2025-09-30 13:27:34,602 - urls_to_texts - ERROR - Error fetching document: Response ended prematurely
2025-09-30 13:27:34,602 - urls_to_texts - ERROR - Error fetching document 3f3ccbef-5bc3-58a1-b5e5-24f183e1d4ad from https://innsynpluss.onacos.no/api/presentation/v2/nye-innsyn/filer/v-10785b61__f1ba__405d__8af8__b65017f85ea0-370492_22_A!d-1100232659!GY7gX6
2025-09-30 13:27:34,639 - urls_to_texts - INFO - GET [403]: https://prod01.elementscloud.no/publikum/Documents/ShowDmbHandlingDocument/0f947f6b-b1b0-4470-840e-4226ef3244af/9687/Protokoll 0.04 0
2025-09-30 13:27:34,639 - urls_to_texts - ERROR - 403 Client Error: Forbidden for url: https://prod01.elementscloud.no/publikum/Documents/ShowDmbHandlingDocument/0f947f6b-b1b0-4470-840e-4226ef3244af/9687/Protokoll
2025-09-30 13:27:34,640 - urls_to_texts - WARNING - No document fetched from https://prod01.elementscloud.no/publikum/Documents/ShowDmbHandlingDocument/0f947f6b-b1b0-4470-840e-4226ef3244af/9687/Protokoll.
2025-09-30 13:27:34,705 - urls_to_texts - ERROR - Error fetching document: Response ended prematurely
2025-09-30 13:27:34,705 - urls_to_texts - ERROR - Error fetching document 5a498512-1b6e-53c7-90a5-b055c2139c8b from https://gloppen.kommune.no/api/presentation/v2/nye-innsyn/filer/v-dd4f3791__13e5__44ce__8656__c0623ce17d55-1618244_4_A!d-2022070466!P9Oz30
2025-09-30 13:27:35,086 - urls_to_texts - INFO - GET [200]: https://www.etne.kommune.no/api/presentation/v2/nye-innsyn/filer/v-e857a982__e852__4eeb__a914__f85d70e5a42b-1609743_1_A!d-2020092328!wLt3x0 0.16 45
2025-09-30 13:27:35,092 - urls_to_texts - INFO - Unsupported file extension: .html
2025-09-30 13:27:35,092 - urls_to_texts - WARNING - No text extracted from document at https://www.etne.kommune.no/api/presentation/v2/nye-innsyn/filer/v-e857a982__e852__4eeb__a914__f85d70e5a42b-1609743_1_A!d-2020092328!wLt3x0.
2025-09-30 13:27:35,164 - urls_to_texts - ERROR - Error fetching document: Response ended prematurely
2025-09-30 13:27:35,165 - urls_to_texts - ERROR - Error fetching document 06d7592c-091a-5195-9b24-ba6515a22039 from https://voss.herad.no/api/presentation/v2/nye-innsyn/filer/v-b1707b4a__7a25__41f1__939c__a9a8523356cf-255430_2_A!d-1100125051!NwlOOO
2025-09-30 13:27:35,205 - urls_to_texts - INFO - GET [403]: https://prod01.elementscloud.no/publikum/Documents/ShowDmbHandlingDocument/5ac72eb8-cac7-496a-b9ef-fc393c80a79a/4472/Protokoll 0.04 0
2025-09-30 13:27:35,206 - urls_to_texts - ERROR - 403 Client Error: Forbidden for url: https://prod01.elementscloud.no/publikum/Documents/ShowDmbHandlingDocument/5ac72eb8-cac7-496a-b9ef-fc393c80a79a/4472/Protokoll
2025-09-30 13:27:35,206 - urls_to_texts - WARNING - No document fetched from https://prod01.elementscloud.no/publikum/Documents/ShowDmbHandlingDocument/5ac72eb8-cac7-496a-b9ef-fc393c80a79a/4472/Protokoll.
2025-09-30 13:27:35,486 - urls_to_texts - INFO - GET [200]: https://kinn.kommune.no/api/presentation/v2/nye-innsyn/filer/v-e1a6ab11__6b4d__4733__bbeb__849aa26734de-1964498_1_A!d-2022225405!74PH2Q?pid=1 0.25 97
2025-09-30 13:27:35,585 - urls_to_texts - INFO - Processed 16/44118 documents (skipped: 150)
2025-09-30 13:27:35,655 - urls_to_texts - ERROR - Error fetching document: Response ended prematurely
2025-09-30 13:27:35,655 - urls_to_texts - ERROR - Error fetching document 33c00554-8acf-57d0-9f5d-0f941b7c52be from https://stryn.kommune.no/api/presentation/v2/nye-innsyn/filer/v-f3f0e6ef__50a2__4329__8558__fe6057bcc9dc-1666062_2_A!d-2022068198!eBzKzS
2025-09-30 13:27:36,567 - urls_to_texts - ERROR - Error fetching document: Response ended prematurely
2025-09-30 13:27:36,567 - urls_to_texts - ERROR - Error fetching document d6577103-2e3d-519c-b6b0-bdb11a06713f from https://innsynpluss.onacos.no/api/presentation/v2/nye-innsyn/filer/v-f75e6c12__234c__46f2__ba9a__a06c1d8a0442-79793_1_A!d-1100046711!NOOGXG
2025-09-30 13:27:37,273 - urls_to_texts - ERROR - Error fetching document: Response ended prematurely
2025-09-30 13:27:37,273 - urls_to_texts - ERROR - Error fetching document 3a10bfa8-a268-5363-9b0c-a21038ba2f1c from https://innsynpluss.onacos.no/api/presentation/v2/nye-innsyn/filer/v-9a1e9dfc__3f01__4df5__a599__d213d4fbfca2-91556_1_P!d-1000044334!MPVUs0
2025-09-30 13:27:37,342 - urls_to_texts - ERROR - Error fetching document: Response ended prematurely
2025-09-30 13:27:37,343 - urls_to_texts - ERROR - Error fetching document 11e53bbb-6278-5643-b132-c6e4715bc8dd from https://www.askvoll.kommune.no/api/presentation/v2/nye-innsyn/filer/v-d691afea__aaff__43de__a10d__c9d8e8907141-342208_1_A!d-2022051834!SS2OgP
2025-09-30 13:27:37,383 - urls_to_texts - INFO - GET [403]: https://prod02.elementscloud.no/publikum/Documents/ShowDmbHandlingDocument/f041b74e-b1e6-4615-987e-387f63721a2e/1001/Protokoll 0.04 0
2025-09-30 13:27:37,383 - urls_to_texts - ERROR - 403 Client Error: Forbidden for url: https://prod02.elementscloud.no/publikum/Documents/ShowDmbHandlingDocument/f041b74e-b1e6-4615-987e-387f63721a2e/1001/Protokoll
2025-09-30 13:27:37,384 - urls_to_texts - WARNING - No document fetched from https://prod02.elementscloud.no/publikum/Documents/ShowDmbHandlingDocument/f041b74e-b1e6-4615-987e-387f63721a2e/1001/Protokoll.
2025-09-30 13:27:37,457 - urls_to_texts - ERROR - Error fetching document: Response ended prematurely
2025-09-30 13:27:37,457 - urls_to_texts - ERROR - Error fetching document 2fce26ac-bd1e-5ff0-83c3-1511e5b71f4e from https://stryn.kommune.no/api/presentation/v2/nye-innsyn/filer/v-f3f0e6ef__50a2__4329__8558__fe6057bcc9dc-1691051_1_A!d-2022080491!1PihNt
2025-09-30 13:27:37,525 - urls_to_texts - ERROR - Error fetching document: Response ended prematurely
2025-09-30 13:27:37,525 - urls_to_texts - ERROR - Error fetching document 7adada36-62d6-539d-9a06-5dc2fb4cc676 from https://kinn.kommune.no/api/presentation/v2/nye-innsyn/filer/v-e1a6ab11__6b4d__4733__bbeb__849aa26734de-1859383_1_A!d-2022176109!cwJ4Bw
2025-09-30 13:27:37,566 - urls_to_texts - INFO - GET [403]: https://prod02.elementscloud.no/publikum/Documents/ShowMeetingDocument/eff08746-5cb4-4d88-aaf4-4bf6cd496e88/215/MP/806 0.04 0
2025-09-30 13:27:37,567 - urls_to_texts - ERROR - 403 Client Error: Forbidden for url: https://prod02.elementscloud.no/publikum/Documents/ShowMeetingDocument/eff08746-5cb4-4d88-aaf4-4bf6cd496e88/215/MP/806
2025-09-30 13:27:37,567 - urls_to_texts - WARNING - No document fetched from https://prod02.elementscloud.no/publikum/Documents/ShowMeetingDocument/eff08746-5cb4-4d88-aaf4-4bf6cd496e88/215/MP/806.
2025-09-30 13:27:37,609 - urls_to_texts - INFO - GET [403]: https://prod01.elementscloud.no/publikum/Documents/ShowDmbHandlingDocument/5ac72eb8-cac7-496a-b9ef-fc393c80a79a/4754/CasesFremlegg 0.04 0
2025-09-30 13:27:37,609 - urls_to_texts - ERROR - 403 Client Error: Forbidden for url: https://prod01.elementscloud.no/publikum/Documents/ShowDmbHandlingDocument/5ac72eb8-cac7-496a-b9ef-fc393c80a79a/4754/CasesFremlegg
2025-09-30 13:27:37,609 - urls_to_texts - WARNING - No document fetched from https://prod01.elementscloud.no/publikum/Documents/ShowDmbHandlingDocument/5ac72eb8-cac7-496a-b9ef-fc393c80a79a/4754/CasesFremlegg.
2025-09-30 13:27:37,651 - urls_to_texts - INFO - GET [403]: https://prod02.elementscloud.no/publikum/Documents/ShowDmbHandlingDocument/b0d5f453-caf0-475d-b3bc-9f9114471c37/1612/Protokoll 0.04 0
2025-09-30 13:27:37,652 - urls_to_texts - ERROR - 403 Client Error: Forbidden for url: https://prod02.elementscloud.no/publikum/Documents/ShowDmbHandlingDocument/b0d5f453-caf0-475d-b3bc-9f9114471c37/1612/Protokoll
2025-09-30 13:27:37,652 - urls_to_texts - WARNING - No document fetched from https://prod02.elementscloud.no/publikum/Documents/ShowDmbHandlingDocument/b0d5f453-caf0-475d-b3bc-9f9114471c37/1612/Protokoll.
2025-09-30 13:27:38,357 - urls_to_texts - ERROR - Error fetching document: Response ended prematurely
2025-09-30 13:27:38,357 - urls_to_texts - ERROR - Error fetching document 004ddec7-23c8-5c4f-93a7-f43f0a5b56b3 from https://innsynpluss.onacos.no/api/presentation/v2/nye-innsyn/filer/v-b15978eb__8cc6__45a9__9564__1f28338ca3d7-560866_11_A!d-1100265431!zmT7lu
2025-09-30 13:27:38,400 - urls_to_texts - INFO - GET [403]: https://prod02.elementscloud.no/publikum/Documents/ShowDmbHandlingDocument/2a1bb891-5516-42d4-a811-e6b86a7862b3/1761/CasesFremlegg 0.04 0
2025-09-30 13:27:38,400 - urls_to_texts - ERROR - 403 Client Error: Forbidden for url: https://prod02.elementscloud.no/publikum/Documents/ShowDmbHandlingDocument/2a1bb891-5516-42d4-a811-e6b86a7862b3/1761/CasesFremlegg
2025-09-30 13:27:38,401 - urls_to_texts - WARNING - No document fetched from https://prod02.elementscloud.no/publikum/Documents/ShowDmbHandlingDocument/2a1bb891-5516-42d4-a811-e6b86a7862b3/1761/CasesFremlegg.
2025-09-30 13:27:38,443 - urls_to_texts - INFO - GET [403]: https://prod01.elementscloud.no/publikum/Documents/ShowDmbHandlingDocument/7c1f435b-d2ae-4dd1-9dbd-18aef55dc2df/60/CasesFremlegg 0.04 0
2025-09-30 13:27:38,444 - urls_to_texts - ERROR - 403 Client Error: Forbidden for url: https://prod01.elementscloud.no/publikum/Documents/ShowDmbHandlingDocument/7c1f435b-d2ae-4dd1-9dbd-18aef55dc2df/60/CasesFremlegg
2025-09-30 13:27:38,444 - urls_to_texts - WARNING - No document fetched from https://prod01.elementscloud.no/publikum/Documents/ShowDmbHandlingDocument/7c1f435b-d2ae-4dd1-9dbd-18aef55dc2df/60/CasesFremlegg.
2025-09-30 13:27:38,532 - urls_to_texts - ERROR - Error fetching document: Response ended prematurely
2025-09-30 13:27:38,532 - urls_to_texts - ERROR - Error fetching document 4eeffd72-727d-5893-a4b2-3eff6d27099a from https://sunnfjord.kommune.no/api/presentation/v2/nye-innsyn/filer/v-aba08a8e__580c__4b67__bc21__70eed223f3db-1988984_4_A!d-2022226626!d2nmKK
2025-09-30 13:27:38,915 - urls_to_texts - INFO - GET [200]: https://www.eidfjord.kommune.no/api/presentation/v2/nye-innsyn/filer/v-e7a24bb1__f486__46d9__ada4__35680a127e2c-42196_1_A!d-1100019484!r5R1W4?pid=1 0.35 109
2025-09-30 13:27:39,092 - urls_to_texts - INFO - Processed 17/44118 documents (skipped: 160)
2025-09-30 13:27:39,138 - urls_to_texts - INFO - GET [403]: https://prod02.elementscloud.no/publikum/Documents/ShowDmbHandlingDocument/a9103361-55ca-477e-ad2b-00f79954109d/1579/CasesFremlegg 0.04 0
2025-09-30 13:27:39,138 - urls_to_texts - ERROR - 403 Client Error: Forbidden for url: https://prod02.elementscloud.no/publikum/Documents/ShowDmbHandlingDocument/a9103361-55ca-477e-ad2b-00f79954109d/1579/CasesFremlegg
2025-09-30 13:27:39,138 - urls_to_texts - WARNING - No document fetched from https://prod02.elementscloud.no/publikum/Documents/ShowDmbHandlingDocument/a9103361-55ca-477e-ad2b-00f79954109d/1579/CasesFremlegg.
2025-09-30 13:27:39,205 - urls_to_texts - ERROR - Error fetching document: Response ended prematurely
2025-09-30 13:27:39,206 - urls_to_texts - ERROR - Error fetching document 65e7c5c6-543e-5606-8951-905579c306e5 from https://www.hyllestad.kommune.no/api/presentation/v2/nye-innsyn/filer/v-0689a22d__4138__4cb7__ad39__fe9db3885dee-206637_2_A!d-2022024477!qsJlTm
2025-09-30 13:27:39,248 - urls_to_texts - INFO - GET [403]: https://prod01.elementscloud.no/publikum/Documents/ShowDmbHandlingDocument/35dcc491-8e78-470e-afc8-0db3f930a352/10017/Protokoll 0.04 0
2025-09-30 13:27:39,248 - urls_to_texts - ERROR - 403 Client Error: Forbidden for url: https://prod01.elementscloud.no/publikum/Documents/ShowDmbHandlingDocument/35dcc491-8e78-470e-afc8-0db3f930a352/10017/Protokoll
2025-09-30 13:27:39,249 - urls_to_texts - WARNING - No document fetched from https://prod01.elementscloud.no/publikum/Documents/ShowDmbHandlingDocument/35dcc491-8e78-470e-afc8-0db3f930a352/10017/Protokoll.
2025-09-30 13:27:39,291 - urls_to_texts - INFO - GET [403]: https://prod02.elementscloud.no/publikum/Documents/ShowDmbHandlingDocument/2d8f53e3-3226-477a-8245-0622ae7edf5d/2044/Protokoll 0.04 0
2025-09-30 13:27:39,291 - urls_to_texts - ERROR - 403 Client Error: Forbidden for url: https://prod02.elementscloud.no/publikum/Documents/ShowDmbHandlingDocument/2d8f53e3-3226-477a-8245-0622ae7edf5d/2044/Protokoll
2025-09-30 13:27:39,291 - urls_to_texts - WARNING - No document fetched from https://prod02.elementscloud.no/publikum/Documents/ShowDmbHandlingDocument/2d8f53e3-3226-477a-8245-0622ae7edf5d/2044/Protokoll.
2025-09-30 13:27:39,332 - urls_to_texts - INFO - GET [403]: https://prod02.elementscloud.no/publikum/Documents/ShowDmbHandlingDocument/76dc8fa9-13be-48a4-b5a8-5168c5a1e3f6/693/Protokoll 0.04 0
2025-09-30 13:27:39,332 - urls_to_texts - ERROR - 403 Client Error: Forbidden for url: https://prod02.elementscloud.no/publikum/Documents/ShowDmbHandlingDocument/76dc8fa9-13be-48a4-b5a8-5168c5a1e3f6/693/Protokoll
2025-09-30 13:27:39,332 - urls_to_texts - WARNING - No document fetched from https://prod02.elementscloud.no/publikum/Documents/ShowDmbHandlingDocument/76dc8fa9-13be-48a4-b5a8-5168c5a1e3f6/693/Protokoll.
2025-09-30 13:27:39,399 - urls_to_texts - ERROR - Error fetching document: Response ended prematurely
2025-09-30 13:27:39,399 - urls_to_texts - ERROR - Error fetching document 556a096f-eb3e-5dc3-b048-9d025d319ffd from https://www.solund.kommune.no/api/presentation/v2/nye-innsyn/filer/v-e8f93b5a__de8c__4fed__8410__71ae71ffb04f-136062_7_P!d-2022015121!Q5ilCm
2025-09-30 13:27:39,443 - urls_to_texts - INFO - GET [403]: https://prod01.elementscloud.no/publikum/Documents/ShowDmbHandlingDocument/3babd1aa-82df-406b-8a71-390619586974/7774/Protokoll 0.04 0
2025-09-30 13:27:39,443 - urls_to_texts - ERROR - 403 Client Error: Forbidden for url: https://prod01.elementscloud.no/publikum/Documents/ShowDmbHandlingDocument/3babd1aa-82df-406b-8a71-390619586974/7774/Protokoll
2025-09-30 13:27:39,443 - urls_to_texts - WARNING - No document fetched from https://prod01.elementscloud.no/publikum/Documents/ShowDmbHandlingDocument/3babd1aa-82df-406b-8a71-390619586974/7774/Protokoll.
2025-09-30 13:27:39,514 - urls_to_texts - ERROR - Error fetching document: Response ended prematurely
2025-09-30 13:27:39,514 - urls_to_texts - ERROR - Error fetching document d697477f-8803-57cb-8d7b-cc882186f23a from https://kinn.kommune.no/api/presentation/v2/nye-innsyn/filer/v-e1a6ab11__6b4d__4733__bbeb__849aa26734de-1907467_1_A!d-2022199796!VnYlEa
2025-09-30 13:27:39,572 - urls_to_texts - INFO - GET [403]: https://prod02.elementscloud.no/publikum/Documents/ShowDmbHandlingDocument/f041b74e-b1e6-4615-987e-387f63721a2e/1254/Protokoll 0.06 0
2025-09-30 13:27:39,572 - urls_to_texts - ERROR - 403 Client Error: Forbidden for url: https://prod02.elementscloud.no/publikum/Documents/ShowDmbHandlingDocument/f041b74e-b1e6-4615-987e-387f63721a2e/1254/Protokoll
2025-09-30 13:27:39,573 - urls_to_texts - WARNING - No document fetched from https://prod02.elementscloud.no/publikum/Documents/ShowDmbHandlingDocument/f041b74e-b1e6-4615-987e-387f63721a2e/1254/Protokoll.
2025-09-30 13:27:39,652 - urls_to_texts - ERROR - Error fetching document: Response ended prematurely
2025-09-30 13:27:39,652 - urls_to_texts - ERROR - Error fetching document 3157f092-a9ca-50ea-a007-7b851f4599f0 from https://stad.kommune.no/api/presentation/v2/nye-innsyn/filer/v-3dd15a26__96f4__4d7d__a998__45a817cb090e-1784121_2_A!d-2022169973!CrjmSD
2025-09-30 13:27:39,695 - urls_to_texts - INFO - GET [403]: https://prod01.elementscloud.no/publikum/Documents/ShowDmbHandlingDocument/0f947f6b-b1b0-4470-840e-4226ef3244af/9751/Protokoll 0.04 0
2025-09-30 13:27:39,695 - urls_to_texts - ERROR - 403 Client Error: Forbidden for url: https://prod01.elementscloud.no/publikum/Documents/ShowDmbHandlingDocument/0f947f6b-b1b0-4470-840e-4226ef3244af/9751/Protokoll
2025-09-30 13:27:39,695 - urls_to_texts - WARNING - No document fetched from https://prod01.elementscloud.no/publikum/Documents/ShowDmbHandlingDocument/0f947f6b-b1b0-4470-840e-4226ef3244af/9751/Protokoll.
2025-09-30 13:27:39,737 - urls_to_texts - INFO - GET [403]: https://prod01.elementscloud.no/publikum/Documents/ShowDmbHandlingDocument/35dcc491-8e78-470e-afc8-0db3f930a352/9852/Protokoll 0.04 0
2025-09-30 13:27:39,737 - urls_to_texts - ERROR - 403 Client Error: Forbidden for url: https://prod01.elementscloud.no/publikum/Documents/ShowDmbHandlingDocument/35dcc491-8e78-470e-afc8-0db3f930a352/9852/Protokoll
2025-09-30 13:27:39,737 - urls_to_texts - WARNING - No document fetched from https://prod01.elementscloud.no/publikum/Documents/ShowDmbHandlingDocument/35dcc491-8e78-470e-afc8-0db3f930a352/9852/Protokoll.
2025-09-30 13:27:39,788 - urls_to_texts - INFO - GET [403]: https://prod01.elementscloud.no/publikum/Documents/ShowDmbHandlingDocument/0f947f6b-b1b0-4470-840e-4226ef3244af/9685/Protokoll 0.05 0
2025-09-30 13:27:39,788 - urls_to_texts - ERROR - 403 Client Error: Forbidden for url: https://prod01.elementscloud.no/publikum/Documents/ShowDmbHandlingDocument/0f947f6b-b1b0-4470-840e-4226ef3244af/9685/Protokoll
2025-09-30 13:27:39,789 - urls_to_texts - WARNING - No document fetched from https://prod01.elementscloud.no/publikum/Documents/ShowDmbHandlingDocument/0f947f6b-b1b0-4470-840e-4226ef3244af/9685/Protokoll.
2025-09-30 13:27:39,832 - urls_to_texts - INFO - GET [403]: https://prod02.elementscloud.no/publikum/Documents/ShowDmbHandlingDocument/89d4d1c3-cc0e-4497-9af5-bac975eb55e1/1647/CasesFremlegg 0.04 0
2025-09-30 13:27:39,832 - urls_to_texts - ERROR - 403 Client Error: Forbidden for url: https://prod02.elementscloud.no/publikum/Documents/ShowDmbHandlingDocument/89d4d1c3-cc0e-4497-9af5-bac975eb55e1/1647/CasesFremlegg
2025-09-30 13:27:39,832 - urls_to_texts - WARNING - No document fetched from https://prod02.elementscloud.no/publikum/Documents/ShowDmbHandlingDocument/89d4d1c3-cc0e-4497-9af5-bac975eb55e1/1647/CasesFremlegg.
2025-09-30 13:27:39,876 - urls_to_texts - INFO - GET [403]: https://prod02.elementscloud.no/publikum/Documents/ShowMeetingDocument/2d8f53e3-3226-477a-8245-0622ae7edf5d/103/MI/445 0.04 0
2025-09-30 13:27:39,876 - urls_to_texts - ERROR - 403 Client Error: Forbidden for url: https://prod02.elementscloud.no/publikum/Documents/ShowMeetingDocument/2d8f53e3-3226-477a-8245-0622ae7edf5d/103/MI/445
2025-09-30 13:27:39,876 - urls_to_texts - WARNING - No document fetched from https://prod02.elementscloud.no/publikum/Documents/ShowMeetingDocument/2d8f53e3-3226-477a-8245-0622ae7edf5d/103/MI/445.
2025-09-30 13:27:39,928 - urls_to_texts - INFO - GET [403]: https://prod01.elementscloud.no/publikum/Documents/ShowDmbHandlingDocument/58bcb069-e37a-4130-9be0-e56f6fb533b7/2904/CasesFremlegg 0.05 0
2025-09-30 13:27:39,928 - urls_to_texts - ERROR - 403 Client Error: Forbidden for url: https://prod01.elementscloud.no/publikum/Documents/ShowDmbHandlingDocument/58bcb069-e37a-4130-9be0-e56f6fb533b7/2904/CasesFremlegg
2025-09-30 13:27:39,928 - urls_to_texts - WARNING - No document fetched from https://prod01.elementscloud.no/publikum/Documents/ShowDmbHandlingDocument/58bcb069-e37a-4130-9be0-e56f6fb533b7/2904/CasesFremlegg.
2025-09-30 13:27:40,018 - urls_to_texts - ERROR - Error fetching document: Response ended prematurely
2025-09-30 13:27:40,018 - urls_to_texts - ERROR - Error fetching document 85ef00fb-21ad-5292-9df6-1f60a7945b9b from https://www.luster.kommune.no/api/presentation/v2/nye-innsyn/filer/v-721139d1__230b__45c0__9cf1__92f0ef921828-162867_2_A!d-1100093118!hwDkvM
2025-09-30 13:27:40,369 - urls_to_texts - INFO - GET [200]: https://bjornafjorden.kommune.no/api/presentation/v2/nye-innsyn/filer/v-cc3ede69__97b5__48c8__9b5b__94ea04175932-2412349_1_A!d-2021458667!1jrrnj 0.18 46
2025-09-30 13:27:40,376 - urls_to_texts - INFO - Unsupported file extension: .html
2025-09-30 13:27:40,376 - urls_to_texts - WARNING - No text extracted from document at https://bjornafjorden.kommune.no/api/presentation/v2/nye-innsyn/filer/v-cc3ede69__97b5__48c8__9b5b__94ea04175932-2412349_1_A!d-2021458667!1jrrnj.
2025-09-30 13:27:40,418 - urls_to_texts - INFO - GET [403]: https://prod02.elementscloud.no/publikum/Documents/ShowDmbHandlingDocument/eff08746-5cb4-4d88-aaf4-4bf6cd496e88/4553/CasesFremlegg 0.04 0
2025-09-30 13:27:40,418 - urls_to_texts - ERROR - 403 Client Error: Forbidden for url: https://prod02.elementscloud.no/publikum/Documents/ShowDmbHandlingDocument/eff08746-5cb4-4d88-aaf4-4bf6cd496e88/4553/CasesFremlegg
2025-09-30 13:27:40,419 - urls_to_texts - WARNING - No document fetched from https://prod02.elementscloud.no/publikum/Documents/ShowDmbHandlingDocument/eff08746-5cb4-4d88-aaf4-4bf6cd496e88/4553/CasesFremlegg.
2025-09-30 13:27:40,488 - urls_to_texts - ERROR - Error fetching document: Response ended prematurely
2025-09-30 13:27:40,488 - urls_to_texts - ERROR - Error fetching document 9f531670-ed05-5711-88e4-317c8d1e3d99 from https://www.hyllestad.kommune.no/api/presentation/v2/nye-innsyn/filer/v-0689a22d__4138__4cb7__ad39__fe9db3885dee-215201_2_A!d-2022029318!69AYmV
2025-09-30 13:27:40,533 - urls_to_texts - INFO - GET [403]: https://prod01.elementscloud.no/publikum/Documents/ShowDmbHandlingDocument/0f947f6b-b1b0-4470-840e-4226ef3244af/9214/CasesFremlegg 0.04 0
2025-09-30 13:27:40,534 - urls_to_texts - ERROR - 403 Client Error: Forbidden for url: https://prod01.elementscloud.no/publikum/Documents/ShowDmbHandlingDocument/0f947f6b-b1b0-4470-840e-4226ef3244af/9214/CasesFremlegg
2025-09-30 13:27:40,534 - urls_to_texts - WARNING - No document fetched from https://prod01.elementscloud.no/publikum/Documents/ShowDmbHandlingDocument/0f947f6b-b1b0-4470-840e-4226ef3244af/9214/CasesFremlegg.
2025-09-30 13:27:40,605 - urls_to_texts - ERROR - Error fetching document: Response ended prematurely
2025-09-30 13:27:40,605 - urls_to_texts - ERROR - Error fetching document db21f2dd-840a-5078-a6dc-9e5841addf7b from https://voss.herad.no/api/presentation/v2/nye-innsyn/filer/v-b1707b4a__7a25__41f1__939c__a9a8523356cf-216583_1_A!d-1100108144!TwF5OY
2025-09-30 13:27:40,673 - urls_to_texts - ERROR - Error fetching document: Response ended prematurely
2025-09-30 13:27:40,673 - urls_to_texts - ERROR - Error fetching document 286e55ab-32f4-5ebb-b180-f293b1324d83 from https://www.ulvik.kommune.no/api/presentation/v2/nye-innsyn/filer/v-fbd4410b__3d1a__4153__a3c5__50e18ebc878e-214426_17_P!d-2024012560!ZLqilU
2025-09-30 13:27:40,743 - urls_to_texts - ERROR - Error fetching document: Response ended prematurely
2025-09-30 13:27:40,743 - urls_to_texts - ERROR - Error fetching document ee848363-9597-52a4-9ab9-3e2d19377b5e from https://stryn.kommune.no/api/presentation/v2/nye-innsyn/filer/v-f3f0e6ef__50a2__4329__8558__fe6057bcc9dc-1666327_2_A!d-2022068306!BgusLM
2025-09-30 13:27:40,792 - urls_to_texts - INFO - GET [403]: https://prod02.elementscloud.no/publikum/Documents/ShowDmbHandlingDocument/e5b0d1f1-00c5-4eb0-a9f2-e3450eb803c9/1561/Protokoll 0.05 0
2025-09-30 13:27:40,792 - urls_to_texts - ERROR - 403 Client Error: Forbidden for url: https://prod02.elementscloud.no/publikum/Documents/ShowDmbHandlingDocument/e5b0d1f1-00c5-4eb0-a9f2-e3450eb803c9/1561/Protokoll
2025-09-30 13:27:40,792 - urls_to_texts - WARNING - No document fetched from https://prod02.elementscloud.no/publikum/Documents/ShowDmbHandlingDocument/e5b0d1f1-00c5-4eb0-a9f2-e3450eb803c9/1561/Protokoll.
2025-09-30 13:27:40,873 - urls_to_texts - ERROR - Error fetching document: Response ended prematurely
2025-09-30 13:27:40,874 - urls_to_texts - ERROR - Error fetching document 7056557e-17f9-5114-9bbe-431768fd10c2 from https://www.hoyanger.kommune.no/api/presentation/v2/nye-innsyn/filer/v-00e4d6e9__78c6__4d36__8fd8__ac504c585036-292410_9_A!d-2022060123!HcTOCM
2025-09-30 13:27:40,917 - urls_to_texts - INFO - GET [403]: https://prod02.elementscloud.no/publikum/Documents/ShowDmbHandlingDocument/eff08746-5cb4-4d88-aaf4-4bf6cd496e88/3828/Protokoll 0.04 0
2025-09-30 13:27:40,918 - urls_to_texts - ERROR - 403 Client Error: Forbidden for url: https://prod02.elementscloud.no/publikum/Documents/ShowDmbHandlingDocument/eff08746-5cb4-4d88-aaf4-4bf6cd496e88/3828/Protokoll
2025-09-30 13:27:40,918 - urls_to_texts - WARNING - No document fetched from https://prod02.elementscloud.no/publikum/Documents/ShowDmbHandlingDocument/eff08746-5cb4-4d88-aaf4-4bf6cd496e88/3828/Protokoll.
2025-09-30 13:27:41,488 - urls_to_texts - ERROR - Error fetching document: Response ended prematurely
2025-09-30 13:27:41,488 - urls_to_texts - ERROR - Error fetching document c69e27ba-7311-5c98-a490-0c74670fbcd9 from https://innsynpluss.onacos.no/api/presentation/v2/nye-innsyn/filer/v-b27cb650__363a__4a8b__acee__9e6cafa23ca2-76415_3_A!d-1100042127!AikFwG
2025-09-30 13:27:41,558 - urls_to_texts - ERROR - Error fetching document: Response ended prematurely
2025-09-30 13:27:41,559 - urls_to_texts - ERROR - Error fetching document 34f04c57-622d-56c6-9b72-f080b37d8b87 from https://voss.herad.no/api/presentation/v2/nye-innsyn/filer/v-b1707b4a__7a25__41f1__939c__a9a8523356cf-263485_2_A!d-1100128939!iDnpo1
2025-09-30 13:27:41,599 - urls_to_texts - INFO - GET [403]: https://prod02.elementscloud.no/publikum/Documents/ShowDmbHandlingDocument/a9103361-55ca-477e-ad2b-00f79954109d/1372/CasesFremlegg 0.04 0
2025-09-30 13:27:41,599 - urls_to_texts - ERROR - 403 Client Error: Forbidden for url: https://prod02.elementscloud.no/publikum/Documents/ShowDmbHandlingDocument/a9103361-55ca-477e-ad2b-00f79954109d/1372/CasesFremlegg
2025-09-30 13:27:41,599 - urls_to_texts - WARNING - No document fetched from https://prod02.elementscloud.no/publikum/Documents/ShowDmbHandlingDocument/a9103361-55ca-477e-ad2b-00f79954109d/1372/CasesFremlegg.
2025-09-30 13:27:42,100 - urls_to_texts - ERROR - Error fetching document: Response ended prematurely
2025-09-30 13:27:42,100 - urls_to_texts - ERROR - Error fetching document 79ad7432-348e-56f4-a092-a5f0faffe611 from https://innsynpluss.onacos.no/api/presentation/v2/nye-innsyn/filer/v-b27cb650__363a__4a8b__acee__9e6cafa23ca2-67045_2_A!d-1100036315!GsJVUk
2025-09-30 13:27:42,147 - urls_to_texts - INFO - GET [403]: https://prod01.elementscloud.no/publikum/Documents/ShowDmbHandlingDocument/35dcc491-8e78-470e-afc8-0db3f930a352/9305/Protokoll 0.05 0
2025-09-30 13:27:42,147 - urls_to_texts - ERROR - 403 Client Error: Forbidden for url: https://prod01.elementscloud.no/publikum/Documents/ShowDmbHandlingDocument/35dcc491-8e78-470e-afc8-0db3f930a352/9305/Protokoll
2025-09-30 13:27:42,148 - urls_to_texts - WARNING - No document fetched from https://prod01.elementscloud.no/publikum/Documents/ShowDmbHandlingDocument/35dcc491-8e78-470e-afc8-0db3f930a352/9305/Protokoll.
2025-09-30 13:27:42,190 - urls_to_texts - INFO - GET [403]: https://prod01.elementscloud.no/publikum/Documents/ShowMeetingDocument/3babd1aa-82df-406b-8a71-390619586974/484/MP/2034 0.04 0
2025-09-30 13:27:42,190 - urls_to_texts - ERROR - 403 Client Error: Forbidden for url: https://prod01.elementscloud.no/publikum/Documents/ShowMeetingDocument/3babd1aa-82df-406b-8a71-390619586974/484/MP/2034
2025-09-30 13:27:42,191 - urls_to_texts - WARNING - No document fetched from https://prod01.elementscloud.no/publikum/Documents/ShowMeetingDocument/3babd1aa-82df-406b-8a71-390619586974/484/MP/2034.
2025-09-30 13:27:42,291 - urls_to_texts - ERROR - Error fetching document: Response ended prematurely
2025-09-30 13:27:42,291 - urls_to_texts - ERROR - Error fetching document 9a59f34a-bcde-5e41-aafe-6be992c75190 from https://ullensvang.kommune.no/api/presentation/v2/nye-innsyn/filer/v-0a336fc1__178f__4c38__8f38__3c7bd5ffdbe6-1761820_7_P!d-2019207145!jjrtYg
2025-09-30 13:27:42,358 - urls_to_texts - ERROR - Error fetching document: Response ended prematurely
2025-09-30 13:27:42,359 - urls_to_texts - ERROR - Error fetching document 8a0f5697-cb4b-57a5-bae3-f857de59410b from https://www.fjaler.kommune.no/api/presentation/v2/nye-innsyn/filer/v-c903bb4a__6810__4e47__bfc9__e72698345f9f-344264_1_A!d-2022040007!dvZRvu
2025-09-30 13:27:42,435 - urls_to_texts - ERROR - Error fetching document: Response ended prematurely
2025-09-30 13:27:42,435 - urls_to_texts - ERROR - Error fetching document cf29b87f-d8cd-5028-be7c-bf392e21b11d from https://voss.herad.no/api/presentation/v2/nye-innsyn/filer/v-b1707b4a__7a25__41f1__939c__a9a8523356cf-238501_2_P!d-1100118317!ol2Iqd
2025-09-30 13:27:42,839 - urls_to_texts - INFO - GET [200]: https://bergen.kommune.no/politikere-utvalg/api/fil/bk360/12812531/Innstilling-vedtak-Et-nystemt-Bergen-Kommuneplanens-samfunnsdel 0.27 62
2025-09-30 13:27:42,917 - urls_to_texts - INFO - Processed 18/44118 documents (skipped: 174)
2025-09-30 13:27:43,307 - urls_to_texts - INFO - GET [200]: https://bergen.kommune.no/politikere-utvalg/api/fil/bk360/12904586/Innstilling-vedtak-Horinger-som-fagbyradene-anbefaler-at-Bergen-kommune-ikke-avgir-horingsuttalelse-til 0.28 47
2025-09-30 13:27:43,391 - urls_to_texts - INFO - Processed 19/44118 documents (skipped: 174)
2025-09-30 13:27:43,431 - urls_to_texts - INFO - GET [403]: https://prod02.elementscloud.no/publikum/Documents/ShowMeetingDocument/e5b0d1f1-00c5-4eb0-a9f2-e3450eb803c9/117/MP/384 0.04 0
2025-09-30 13:27:43,431 - urls_to_texts - ERROR - 403 Client Error: Forbidden for url: https://prod02.elementscloud.no/publikum/Documents/ShowMeetingDocument/e5b0d1f1-00c5-4eb0-a9f2-e3450eb803c9/117/MP/384
2025-09-30 13:27:43,431 - urls_to_texts - WARNING - No document fetched from https://prod02.elementscloud.no/publikum/Documents/ShowMeetingDocument/e5b0d1f1-00c5-4eb0-a9f2-e3450eb803c9/117/MP/384.
2025-09-30 13:27:43,528 - urls_to_texts - ERROR - ('Connection aborted.', RemoteDisconnected('Remote end closed connection without response'))
2025-09-30 13:27:43,529 - urls_to_texts - WARNING - No document fetched from https://ullensvang.kommune.no/api/presentation/v2/nye-innsyn/filer/v-0a336fc1__178f__4c38__8f38__3c7bd5ffdbe6-1687588_5_A!d-2019174748!bGIVke.
2025-09-30 13:27:43,621 - urls_to_texts - ERROR - Error fetching document: Response ended prematurely
2025-09-30 13:27:43,622 - urls_to_texts - ERROR - Error fetching document 33e5d197-0505-5ead-853c-184000c26f34 from https://www.eidfjord.kommune.no/api/presentation/v2/nye-innsyn/filer/v-e7a24bb1__f486__46d9__ada4__35680a127e2c-22565_3_A!d-1100010874!6EYcRp
2025-09-30 13:27:43,675 - urls_to_texts - INFO - GET [403]: https://prod02.elementscloud.no/publikum/Documents/ShowDmbHandlingDocument/eff08746-5cb4-4d88-aaf4-4bf6cd496e88/4378/Protokoll 0.05 0
2025-09-30 13:27:43,675 - urls_to_texts - ERROR - 403 Client Error: Forbidden for url: https://prod02.elementscloud.no/publikum/Documents/ShowDmbHandlingDocument/eff08746-5cb4-4d88-aaf4-4bf6cd496e88/4378/Protokoll
2025-09-30 13:27:43,675 - urls_to_texts - WARNING - No document fetched from https://prod02.elementscloud.no/publikum/Documents/ShowDmbHandlingDocument/eff08746-5cb4-4d88-aaf4-4bf6cd496e88/4378/Protokoll.
2025-09-30 13:27:43,716 - urls_to_texts - INFO - GET [403]: https://prod02.elementscloud.no/publikum/Documents/ShowDmbHandlingDocument/f041b74e-b1e6-4615-987e-387f63721a2e/1472/CasesFremlegg 0.04 0
2025-09-30 13:27:43,716 - urls_to_texts - ERROR - 403 Client Error: Forbidden for url: https://prod02.elementscloud.no/publikum/Documents/ShowDmbHandlingDocument/f041b74e-b1e6-4615-987e-387f63721a2e/1472/CasesFremlegg
2025-09-30 13:27:43,717 - urls_to_texts - WARNING - No document fetched from https://prod02.elementscloud.no/publikum/Documents/ShowDmbHandlingDocument/f041b74e-b1e6-4615-987e-387f63721a2e/1472/CasesFremlegg.
2025-09-30 13:27:43,914 - urls_to_texts - ERROR - Error fetching document: Response ended prematurely
2025-09-30 13:27:43,914 - urls_to_texts - ERROR - Error fetching document 57e1246a-535a-5339-b1c7-089c3cab9eaf from https://innsynpluss.onacos.no/api/presentation/v2/nye-innsyn/filer/v-b15978eb__8cc6__45a9__9564__1f28338ca3d7-738730_5_A!d-1100365017!dxFzxY
2025-09-30 13:27:44,087 - urls_to_texts - ERROR - Error fetching document: Response ended prematurely
2025-09-30 13:27:44,087 - urls_to_texts - ERROR - Error fetching document 9ed0de04-594c-5a0d-9c2f-9d35f08b1d42 from https://innsynpluss.onacos.no/api/presentation/v2/nye-innsyn/filer/v-e52fa2fa__a617__4ce7__b4a3__788287e64f0b-71709_3_A!d-1100038635!B51zuj
2025-09-30 13:27:44,422 - urls_to_texts - INFO - GET [200]: https://www.ardal.kommune.no/api/presentation/v2/nye-innsyn/filer/v-1e069db9__ef6b__4b2b__9616__406836b162cc-455930_10_A!d-2022051934!2rpiWA 0.12 45
2025-09-30 13:27:44,428 - urls_to_texts - INFO - Unsupported file extension: .html
2025-09-30 13:27:44,428 - urls_to_texts - WARNING - No text extracted from document at https://www.ardal.kommune.no/api/presentation/v2/nye-innsyn/filer/v-1e069db9__ef6b__4b2b__9616__406836b162cc-455930_10_A!d-2022051934!2rpiWA.
2025-09-30 13:27:44,466 - urls_to_texts - INFO - GET [403]: https://prod01.elementscloud.no/publikum/Documents/ShowDmbHandlingDocument/0f947f6b-b1b0-4470-840e-4226ef3244af/9473/Protokoll 0.04 0
2025-09-30 13:27:44,466 - urls_to_texts - ERROR - 403 Client Error: Forbidden for url: https://prod01.elementscloud.no/publikum/Documents/ShowDmbHandlingDocument/0f947f6b-b1b0-4470-840e-4226ef3244af/9473/Protokoll
2025-09-30 13:27:44,466 - urls_to_texts - WARNING - No document fetched from https://prod01.elementscloud.no/publikum/Documents/ShowDmbHandlingDocument/0f947f6b-b1b0-4470-840e-4226ef3244af/9473/Protokoll.
2025-09-30 13:27:44,679 - urls_to_texts - ERROR - Error fetching document: Response ended prematurely
2025-09-30 13:27:44,679 - urls_to_texts - ERROR - Error fetching document 9862c068-eda8-5a5d-b0f4-46cdad3ec320 from https://innsynpluss.onacos.no/api/presentation/v2/nye-innsyn/filer/v-9a1e9dfc__3f01__4df5__a599__d213d4fbfca2-87441_20_P!d-1000042729!Pr79jN
2025-09-30 13:27:44,943 - urls_to_texts - ERROR - Error fetching document: Response ended prematurely
2025-09-30 13:27:44,943 - urls_to_texts - ERROR - Error fetching document c1250448-c03e-5ebc-bd1c-9dea75cac042 from https://innsynpluss.onacos.no/api/presentation/v2/nye-innsyn/filer/v-e52fa2fa__a617__4ce7__b4a3__788287e64f0b-73514_7_A!d-1100039664!UIHmaO
2025-09-30 13:27:44,990 - urls_to_texts - INFO - GET [403]: https://prod02.elementscloud.no/publikum/Documents/ShowDmbHandlingDocument/99585028-0782-4cec-8366-2e0dbc25d0f4/630/Protokoll 0.05 0
2025-09-30 13:27:44,991 - urls_to_texts - ERROR - 403 Client Error: Forbidden for url: https://prod02.elementscloud.no/publikum/Documents/ShowDmbHandlingDocument/99585028-0782-4cec-8366-2e0dbc25d0f4/630/Protokoll
2025-09-30 13:27:44,991 - urls_to_texts - WARNING - No document fetched from https://prod02.elementscloud.no/publikum/Documents/ShowDmbHandlingDocument/99585028-0782-4cec-8366-2e0dbc25d0f4/630/Protokoll.
2025-09-30 13:27:45,348 - urls_to_texts - INFO - GET [200]: https://www.ardal.kommune.no/api/presentation/v2/nye-innsyn/filer/v-1e069db9__ef6b__4b2b__9616__406836b162cc-449729_9_A!d-2022048929!lYG1Tn 0.14 45
2025-09-30 13:27:45,354 - urls_to_texts - INFO - Unsupported file extension: .html
2025-09-30 13:27:45,355 - urls_to_texts - WARNING - No text extracted from document at https://www.ardal.kommune.no/api/presentation/v2/nye-innsyn/filer/v-1e069db9__ef6b__4b2b__9616__406836b162cc-449729_9_A!d-2022048929!lYG1Tn.
2025-09-30 13:27:45,535 - urls_to_texts - ERROR - Error fetching document: Response ended prematurely
2025-09-30 13:27:45,535 - urls_to_texts - ERROR - Error fetching document 64660b95-00bf-5c9e-bebf-d024031892e2 from https://innsynpluss.onacos.no/api/presentation/v2/nye-innsyn/filer/v-b15978eb__8cc6__45a9__9564__1f28338ca3d7-579044_1_A!d-1100273759!YWp5xP
2025-09-30 13:27:45,578 - urls_to_texts - INFO - GET [403]: https://prod02.elementscloud.no/publikum/Documents/ShowDmbHandlingDocument/7db3a691-f482-4720-b101-c3a44cb31481/3620/Protokoll 0.04 0
2025-09-30 13:27:45,579 - urls_to_texts - ERROR - 403 Client Error: Forbidden for url: https://prod02.elementscloud.no/publikum/Documents/ShowDmbHandlingDocument/7db3a691-f482-4720-b101-c3a44cb31481/3620/Protokoll
2025-09-30 13:27:45,579 - urls_to_texts - WARNING - No document fetched from https://prod02.elementscloud.no/publikum/Documents/ShowDmbHandlingDocument/7db3a691-f482-4720-b101-c3a44cb31481/3620/Protokoll.
2025-09-30 13:27:45,806 - urls_to_texts - ERROR - Error fetching document: Response ended prematurely
2025-09-30 13:27:45,807 - urls_to_texts - ERROR - Error fetching document d642b5cf-a4c8-5cdb-b98a-043de96c564b from https://innsynpluss.onacos.no/api/presentation/v2/nye-innsyn/filer/v-b27cb650__363a__4a8b__acee__9e6cafa23ca2-71121_1_A!d-1100038779!vqE9bz
2025-09-30 13:27:45,848 - urls_to_texts - INFO - GET [403]: https://prod02.elementscloud.no/publikum/Documents/ShowDmbHandlingDocument/7db3a691-f482-4720-b101-c3a44cb31481/2700/Protokoll 0.04 0
2025-09-30 13:27:45,848 - urls_to_texts - ERROR - 403 Client Error: Forbidden for url: https://prod02.elementscloud.no/publikum/Documents/ShowDmbHandlingDocument/7db3a691-f482-4720-b101-c3a44cb31481/2700/Protokoll
2025-09-30 13:27:45,849 - urls_to_texts - WARNING - No document fetched from https://prod02.elementscloud.no/publikum/Documents/ShowDmbHandlingDocument/7db3a691-f482-4720-b101-c3a44cb31481/2700/Protokoll.
2025-09-30 13:27:45,891 - urls_to_texts - INFO - GET [403]: https://prod02.elementscloud.no/publikum/Documents/ShowDmbHandlingDocument/f041b74e-b1e6-4615-987e-387f63721a2e/1079/Protokoll 0.04 0
2025-09-30 13:27:45,891 - urls_to_texts - ERROR - 403 Client Error: Forbidden for url: https://prod02.elementscloud.no/publikum/Documents/ShowDmbHandlingDocument/f041b74e-b1e6-4615-987e-387f63721a2e/1079/Protokoll
2025-09-30 13:27:45,891 - urls_to_texts - WARNING - No document fetched from https://prod02.elementscloud.no/publikum/Documents/ShowDmbHandlingDocument/f041b74e-b1e6-4615-987e-387f63721a2e/1079/Protokoll.
2025-09-30 13:27:45,980 - urls_to_texts - ERROR - Error fetching document: Response ended prematurely
2025-09-30 13:27:45,980 - urls_to_texts - ERROR - Error fetching document 6dfbecec-e5e8-57ae-8b92-d5b260370673 from https://www.hoyanger.kommune.no/api/presentation/v2/nye-innsyn/filer/v-00e4d6e9__78c6__4d36__8fd8__ac504c585036-295190_1_A!d-2022061192!4U7CeK
2025-09-30 13:27:46,024 - urls_to_texts - INFO - GET [403]: https://prod02.elementscloud.no/publikum/Documents/ShowDmbHandlingDocument/b0d5f453-caf0-475d-b3bc-9f9114471c37/2246/Protokoll 0.04 0
2025-09-30 13:27:46,024 - urls_to_texts - ERROR - 403 Client Error: Forbidden for url: https://prod02.elementscloud.no/publikum/Documents/ShowDmbHandlingDocument/b0d5f453-caf0-475d-b3bc-9f9114471c37/2246/Protokoll
2025-09-30 13:27:46,025 - urls_to_texts - WARNING - No document fetched from https://prod02.elementscloud.no/publikum/Documents/ShowDmbHandlingDocument/b0d5f453-caf0-475d-b3bc-9f9114471c37/2246/Protokoll.
2025-09-30 13:27:46,392 - urls_to_texts - INFO - GET [200]: https://bjornafjorden.kommune.no/api/presentation/v2/nye-innsyn/filer/v-cc3ede69__97b5__48c8__9b5b__94ea04175932-2409351_1_A!d-2021457429!WLvIRq 0.16 46
2025-09-30 13:27:46,398 - urls_to_texts - INFO - Unsupported file extension: .html
2025-09-30 13:27:46,399 - urls_to_texts - WARNING - No text extracted from document at https://bjornafjorden.kommune.no/api/presentation/v2/nye-innsyn/filer/v-cc3ede69__97b5__48c8__9b5b__94ea04175932-2409351_1_A!d-2021457429!WLvIRq.
2025-09-30 13:27:46,440 - urls_to_texts - INFO - GET [403]: https://prod01.elementscloud.no/publikum/Documents/ShowDmbHandlingDocument/58bcb069-e37a-4130-9be0-e56f6fb533b7/2555/Protokoll 0.04 0
2025-09-30 13:27:46,440 - urls_to_texts - ERROR - 403 Client Error: Forbidden for url: https://prod01.elementscloud.no/publikum/Documents/ShowDmbHandlingDocument/58bcb069-e37a-4130-9be0-e56f6fb533b7/2555/Protokoll
2025-09-30 13:27:46,441 - urls_to_texts - WARNING - No document fetched from https://prod01.elementscloud.no/publikum/Documents/ShowDmbHandlingDocument/58bcb069-e37a-4130-9be0-e56f6fb533b7/2555/Protokoll.
2025-09-30 13:27:46,483 - urls_to_texts - INFO - GET [403]: https://prod02.elementscloud.no/publikum/Documents/ShowDmbHandlingDocument/b0d5f453-caf0-475d-b3bc-9f9114471c37/2448/Protokoll 0.04 0
2025-09-30 13:27:46,483 - urls_to_texts - ERROR - 403 Client Error: Forbidden for url: https://prod02.elementscloud.no/publikum/Documents/ShowDmbHandlingDocument/b0d5f453-caf0-475d-b3bc-9f9114471c37/2448/Protokoll
2025-09-30 13:27:46,483 - urls_to_texts - WARNING - No document fetched from https://prod02.elementscloud.no/publikum/Documents/ShowDmbHandlingDocument/b0d5f453-caf0-475d-b3bc-9f9114471c37/2448/Protokoll.
2025-09-30 13:27:46,531 - urls_to_texts - INFO - GET [403]: https://prod01.elementscloud.no/publikum/Documents/ShowMeetingDocument/5ac72eb8-cac7-496a-b9ef-fc393c80a79a/435/MP/2261 0.05 0
2025-09-30 13:27:46,531 - urls_to_texts - ERROR - 403 Client Error: Forbidden for url: https://prod01.elementscloud.no/publikum/Documents/ShowMeetingDocument/5ac72eb8-cac7-496a-b9ef-fc393c80a79a/435/MP/2261
2025-09-30 13:27:46,532 - urls_to_texts - WARNING - No document fetched from https://prod01.elementscloud.no/publikum/Documents/ShowMeetingDocument/5ac72eb8-cac7-496a-b9ef-fc393c80a79a/435/MP/2261.
2025-09-30 13:27:46,744 - urls_to_texts - ERROR - Error fetching document: Response ended prematurely
2025-09-30 13:27:46,744 - urls_to_texts - ERROR - Error fetching document 9aa3bc52-54ff-5eb4-8bc4-11651b63400d from https://innsynpluss.onacos.no/api/presentation/v2/nye-innsyn/filer/v-5aa3fc36__7e40__40ea__a576__ab19a6e397dc-45948_3_P!d-1100025420!5qS0WV
2025-09-30 13:27:47,111 - urls_to_texts - INFO - GET [200]: https://www.ardal.kommune.no/api/presentation/v2/nye-innsyn/filer/v-1e069db9__ef6b__4b2b__9616__406836b162cc-466404_12_P!d-2022058098!9TJbdH 0.16 45
2025-09-30 13:27:47,118 - urls_to_texts - INFO - Unsupported file extension: .html
2025-09-30 13:27:47,118 - urls_to_texts - WARNING - No text extracted from document at https://www.ardal.kommune.no/api/presentation/v2/nye-innsyn/filer/v-1e069db9__ef6b__4b2b__9616__406836b162cc-466404_12_P!d-2022058098!9TJbdH.
2025-09-30 13:27:47,286 - urls_to_texts - ERROR - Error fetching document: Response ended prematurely
2025-09-30 13:27:47,286 - urls_to_texts - ERROR - Error fetching document b27160d5-3fd8-5ef4-8157-0a3bc3f23a35 from https://innsynpluss.onacos.no/api/presentation/v2/nye-innsyn/filer/v-b15978eb__8cc6__45a9__9564__1f28338ca3d7-732334_3_A!d-1100361838!y90LnW
2025-09-30 13:27:47,456 - urls_to_texts - ERROR - Error fetching document: Response ended prematurely
2025-09-30 13:27:47,457 - urls_to_texts - ERROR - Error fetching document cf39392f-02e0-5504-9669-ff2d6d4e050a from https://innsynpluss.onacos.no/api/presentation/v2/nye-innsyn/filer/v-10785b61__f1ba__405d__8af8__b65017f85ea0-307637_30_A!d-1100201356!4Q6Opk
2025-09-30 13:27:47,835 - urls_to_texts - INFO - GET [200]: https://bjornafjorden.kommune.no/api/presentation/v2/nye-innsyn/filer/v-cc3ede69__97b5__48c8__9b5b__94ea04175932-2230984_2_A!d-2021361816!nQYymq 0.14 46
2025-09-30 13:27:47,842 - urls_to_texts - INFO - Unsupported file extension: .html
2025-09-30 13:27:47,842 - urls_to_texts - WARNING - No text extracted from document at https://bjornafjorden.kommune.no/api/presentation/v2/nye-innsyn/filer/v-cc3ede69__97b5__48c8__9b5b__94ea04175932-2230984_2_A!d-2021361816!nQYymq.
2025-09-30 13:27:47,996 - urls_to_texts - INFO - GET [200]: https://www.askvoll.kommune.no/api/presentation/v2/nye-innsyn/filer/v-d691afea__aaff__43de__a10d__c9d8e8907141-359304_1_A!d-2022061739!qOX2Pv?pid=10 0.13 58
2025-09-30 13:27:48,044 - urls_to_texts - INFO - Processed 20/44118 documents (skipped: 189)
2025-09-30 13:27:48,087 - urls_to_texts - INFO - GET [403]: https://prod01.elementscloud.no/publikum/Documents/ShowDmbHandlingDocument/5ac72eb8-cac7-496a-b9ef-fc393c80a79a/4464/Protokoll 0.04 0
2025-09-30 13:27:48,087 - urls_to_texts - ERROR - 403 Client Error: Forbidden for url: https://prod01.elementscloud.no/publikum/Documents/ShowDmbHandlingDocument/5ac72eb8-cac7-496a-b9ef-fc393c80a79a/4464/Protokoll
2025-09-30 13:27:48,087 - urls_to_texts - WARNING - No document fetched from https://prod01.elementscloud.no/publikum/Documents/ShowDmbHandlingDocument/5ac72eb8-cac7-496a-b9ef-fc393c80a79a/4464/Protokoll.
2025-09-30 13:27:48,359 - urls_to_texts - ERROR - ('Connection aborted.', RemoteDisconnected('Remote end closed connection without response'))
2025-09-30 13:27:48,359 - urls_to_texts - WARNING - No document fetched from https://innsynpluss.onacos.no/api/presentation/v2/nye-innsyn/filer/v-9a1e9dfc__3f01__4df5__a599__d213d4fbfca2-84531_1_P!d-1000041421!nGiZe3.
2025-09-30 13:27:48,863 - urls_to_texts - INFO - GET [200]: https://bergen.kommune.no/politikere-utvalg/api/fil/bk360/13198649/Framstilling-Soknad-om-tilleggsbevilgning-Veivalgdagene-2025 0.32 202
2025-09-30 13:27:48,978 - urls_to_texts - INFO - Processed 21/44118 documents (skipped: 190)
2025-09-30 13:27:49,055 - urls_to_texts - ERROR - Error fetching document: Response ended prematurely
2025-09-30 13:27:49,055 - urls_to_texts - ERROR - Error fetching document a56076b0-1367-5dab-a2eb-da87d9e07338 from https://www.hoyanger.kommune.no/api/presentation/v2/nye-innsyn/filer/v-00e4d6e9__78c6__4d36__8fd8__ac504c585036-300791_10_A!d-2022064199!wSHMkV
2025-09-30 13:27:49,378 - urls_to_texts - INFO - GET [200]: https://bjornafjorden.kommune.no/api/presentation/v2/nye-innsyn/filer/v-cc3ede69__97b5__48c8__9b5b__94ea04175932-2400566_1_A!d-2021451105!xfoCwq 0.12 46
2025-09-30 13:27:49,385 - urls_to_texts - INFO - Unsupported file extension: .html
2025-09-30 13:27:49,385 - urls_to_texts - WARNING - No text extracted from document at https://bjornafjorden.kommune.no/api/presentation/v2/nye-innsyn/filer/v-cc3ede69__97b5__48c8__9b5b__94ea04175932-2400566_1_A!d-2021451105!xfoCwq.
2025-09-30 13:27:49,424 - urls_to_texts - INFO - GET [403]: https://prod02.elementscloud.no/publikum/Documents/ShowMeetingDocument/eff08746-5cb4-4d88-aaf4-4bf6cd496e88/240/MP/1056 0.04 0
2025-09-30 13:27:49,424 - urls_to_texts - ERROR - 403 Client Error: Forbidden for url: https://prod02.elementscloud.no/publikum/Documents/ShowMeetingDocument/eff08746-5cb4-4d88-aaf4-4bf6cd496e88/240/MP/1056
2025-09-30 13:27:49,424 - urls_to_texts - WARNING - No document fetched from https://prod02.elementscloud.no/publikum/Documents/ShowMeetingDocument/eff08746-5cb4-4d88-aaf4-4bf6cd496e88/240/MP/1056.
2025-09-30 13:27:50,265 - urls_to_texts - INFO - GET [200]: https://innsyn.tromso.kommune.no/application/getMoteDokument?dokid=2002119171 0.79 130
2025-09-30 13:27:50,378 - urls_to_texts - INFO - Processed 22/44118 documents (skipped: 193)
2025-09-30 13:27:50,682 - urls_to_texts - ERROR - Error fetching document: Response ended prematurely
2025-09-30 13:27:50,683 - urls_to_texts - ERROR - Error fetching document a5b57fbf-fc84-5422-8adf-f2404e1ce268 from https://innsynpluss.onacos.no/api/presentation/v2/nye-innsyn/filer/v-084e0747__69df__45ac__bc47__df64cee5aa6d-102781_1_P!d-1100054122!IifhgH
2025-09-30 13:27:50,837 - urls_to_texts - INFO - GET [200]: https://innsyn.onacos.no/oygarden/mote/wfdocument.ashx?journalpostid=2022559240&dokid=2735334&versjon=3&variant=A& 0.07 602
2025-09-30 13:27:50,870 - urls_to_texts - INFO - Processed 23/44118 documents (skipped: 195)
2025-09-30 13:27:50,915 - urls_to_texts - INFO - GET [403]: https://prod01.elementscloud.no/publikum/Documents/ShowDmbHandlingDocument/3babd1aa-82df-406b-8a71-390619586974/7707/Protokoll 0.04 0
2025-09-30 13:27:50,915 - urls_to_texts - ERROR - 403 Client Error: Forbidden for url: https://prod01.elementscloud.no/publikum/Documents/ShowDmbHandlingDocument/3babd1aa-82df-406b-8a71-390619586974/7707/Protokoll
2025-09-30 13:27:50,916 - urls_to_texts - WARNING - No document fetched from https://prod01.elementscloud.no/publikum/Documents/ShowDmbHandlingDocument/3babd1aa-82df-406b-8a71-390619586974/7707/Protokoll.
2025-09-30 13:27:51,003 - urls_to_texts - ERROR - Error fetching document: Response ended prematurely
2025-09-30 13:27:51,003 - urls_to_texts - ERROR - Error fetching document 7d4b2dfd-1e05-5234-8a3a-af10f8359365 from https://innsynpluss.onacos.no/api/presentation/v2/nye-innsyn/filer/v-9a1e9dfc__3f01__4df5__a599__d213d4fbfca2-96447_1_P!d-1000046441!wqhzFj
2025-09-30 13:27:51,074 - urls_to_texts - ERROR - Error fetching document: Response ended prematurely
2025-09-30 13:27:51,074 - urls_to_texts - ERROR - Error fetching document f5f6e210-8d39-5da7-9590-f803a9022a5c from https://voss.herad.no/api/presentation/v2/nye-innsyn/filer/v-b1707b4a__7a25__41f1__939c__a9a8523356cf-217105_4_P!d-1100108362!AMg7Sm
2025-09-30 13:27:51,119 - urls_to_texts - INFO - GET [403]: https://prod01.elementscloud.no/publikum/Documents/ShowDmbHandlingDocument/58bcb069-e37a-4130-9be0-e56f6fb533b7/2498/Protokoll 0.04 0
2025-09-30 13:27:51,120 - urls_to_texts - ERROR - 403 Client Error: Forbidden for url: https://prod01.elementscloud.no/publikum/Documents/ShowDmbHandlingDocument/58bcb069-e37a-4130-9be0-e56f6fb533b7/2498/Protokoll
2025-09-30 13:27:51,120 - urls_to_texts - WARNING - No document fetched from https://prod01.elementscloud.no/publikum/Documents/ShowDmbHandlingDocument/58bcb069-e37a-4130-9be0-e56f6fb533b7/2498/Protokoll.
2025-09-30 13:27:51,287 - urls_to_texts - ERROR - Error fetching document: Response ended prematurely
2025-09-30 13:27:51,287 - urls_to_texts - ERROR - Error fetching document f5f2d85d-0211-5796-8fe1-efbcdd66606e from https://innsynpluss.onacos.no/api/presentation/v2/nye-innsyn/filer/v-f75e6c12__234c__46f2__ba9a__a06c1d8a0442-76277_1_A!d-1100044766!dTkrm1
2025-09-30 13:27:51,332 - urls_to_texts - INFO - GET [403]: https://prod01.elementscloud.no/publikum/Documents/ShowDmbHandlingDocument/0f947f6b-b1b0-4470-840e-4226ef3244af/9739/Protokoll 0.04 0
2025-09-30 13:27:51,332 - urls_to_texts - ERROR - 403 Client Error: Forbidden for url: https://prod01.elementscloud.no/publikum/Documents/ShowDmbHandlingDocument/0f947f6b-b1b0-4470-840e-4226ef3244af/9739/Protokoll
2025-09-30 13:27:51,333 - urls_to_texts - WARNING - No document fetched from https://prod01.elementscloud.no/publikum/Documents/ShowDmbHandlingDocument/0f947f6b-b1b0-4470-840e-4226ef3244af/9739/Protokoll.
2025-09-30 13:27:51,375 - urls_to_texts - INFO - GET [403]: https://prod01.elementscloud.no/publikum/Documents/ShowDmbHandlingDocument/8d21b1e6-6a6c-419d-87c5-2b551cb056f6/5096/CasesFremlegg 0.04 0
2025-09-30 13:27:51,376 - urls_to_texts - ERROR - 403 Client Error: Forbidden for url: https://prod01.elementscloud.no/publikum/Documents/ShowDmbHandlingDocument/8d21b1e6-6a6c-419d-87c5-2b551cb056f6/5096/CasesFremlegg
2025-09-30 13:27:51,376 - urls_to_texts - WARNING - No document fetched from https://prod01.elementscloud.no/publikum/Documents/ShowDmbHandlingDocument/8d21b1e6-6a6c-419d-87c5-2b551cb056f6/5096/CasesFremlegg.
2025-09-30 13:27:51,532 - urls_to_texts - INFO - GET [200]: https://www.eidfjord.kommune.no//innsyn/moteoversikt/#/details/m-e7a24bb1__f486__46d9__ada4__35680a127e2c-77!OaFXJz 0.15 41
2025-09-30 13:27:51,534 - urls_to_texts - INFO - Unsupported file extension: 
2025-09-30 13:27:51,534 - urls_to_texts - WARNING - No text extracted from document at https://www.eidfjord.kommune.no//innsyn/moteoversikt/#/details/m-e7a24bb1__f486__46d9__ada4__35680a127e2c-77!OaFXJz.
2025-09-30 13:27:52,276 - urls_to_texts - INFO - GET [200]: https://innsyn.tromso.kommune.no/application/getMoteDokument?dokid=2002106804 0.69 114
2025-09-30 13:27:52,355 - urls_to_texts - INFO - Processed 24/44118 documents (skipped: 202)
2025-09-30 13:27:52,401 - urls_to_texts - INFO - GET [403]: https://prod01.elementscloud.no/publikum/Documents/ShowMeetingDocument/35dcc491-8e78-470e-afc8-0db3f930a352/469/MP/1987 0.05 0
2025-09-30 13:27:52,401 - urls_to_texts - ERROR - 403 Client Error: Forbidden for url: https://prod01.elementscloud.no/publikum/Documents/ShowMeetingDocument/35dcc491-8e78-470e-afc8-0db3f930a352/469/MP/1987
2025-09-30 13:27:52,401 - urls_to_texts - WARNING - No document fetched from https://prod01.elementscloud.no/publikum/Documents/ShowMeetingDocument/35dcc491-8e78-470e-afc8-0db3f930a352/469/MP/1987.
2025-09-30 13:27:52,746 - urls_to_texts - INFO - GET [200]: https://bjornafjorden.kommune.no/api/presentation/v2/nye-innsyn/filer/v-cc3ede69__97b5__48c8__9b5b__94ea04175932-2488028_2_P!d-2021492683!Mxa9TC 0.14 46
2025-09-30 13:27:52,752 - urls_to_texts - INFO - Unsupported file extension: .html
2025-09-30 13:27:52,752 - urls_to_texts - WARNING - No text extracted from document at https://bjornafjorden.kommune.no/api/presentation/v2/nye-innsyn/filer/v-cc3ede69__97b5__48c8__9b5b__94ea04175932-2488028_2_P!d-2021492683!Mxa9TC.
2025-09-30 13:27:52,819 - urls_to_texts - ERROR - Error fetching document: Response ended prematurely
2025-09-30 13:27:52,819 - urls_to_texts - ERROR - Error fetching document 8076f9e3-1526-53f0-98a8-3707dbd7addc from https://www.askvoll.kommune.no/api/presentation/v2/nye-innsyn/filer/v-d691afea__aaff__43de__a10d__c9d8e8907141-349163_2_A!d-2022055301!jimmd4
2025-09-30 13:27:52,903 - urls_to_texts - ERROR - Error fetching document: Response ended prematurely
2025-09-30 13:27:52,903 - urls_to_texts - ERROR - Error fetching document a53ba645-9416-51a5-9f52-e27361e0c232 from https://stad.kommune.no/api/presentation/v2/nye-innsyn/filer/v-3dd15a26__96f4__4d7d__a998__45a817cb090e-1759124_2_A!d-2022155781!0QZDuY
2025-09-30 13:27:53,055 - urls_to_texts - ERROR - Error fetching document: Response ended prematurely
2025-09-30 13:27:53,056 - urls_to_texts - ERROR - Error fetching document 06bd3773-e7c1-5bf4-bce1-f8ddcb888e9c from https://innsynpluss.onacos.no/api/presentation/v2/nye-innsyn/filer/v-10785b61__f1ba__405d__8af8__b65017f85ea0-298416_13_A!d-1100196591!FFqLAR
2025-09-30 13:27:53,096 - urls_to_texts - INFO - GET [403]: https://prod02.elementscloud.no/publikum/Documents/ShowDmbHandlingDocument/76dc8fa9-13be-48a4-b5a8-5168c5a1e3f6/552/Protokoll 0.04 0
2025-09-30 13:27:53,096 - urls_to_texts - ERROR - 403 Client Error: Forbidden for url: https://prod02.elementscloud.no/publikum/Documents/ShowDmbHandlingDocument/76dc8fa9-13be-48a4-b5a8-5168c5a1e3f6/552/Protokoll
2025-09-30 13:27:53,097 - urls_to_texts - WARNING - No document fetched from https://prod02.elementscloud.no/publikum/Documents/ShowDmbHandlingDocument/76dc8fa9-13be-48a4-b5a8-5168c5a1e3f6/552/Protokoll.
2025-09-30 13:27:53,179 - urls_to_texts - ERROR - Error fetching document: Response ended prematurely
2025-09-30 13:27:53,179 - urls_to_texts - ERROR - Error fetching document 99320db3-07b4-5713-89c2-2a9591b69db7 from https://stad.kommune.no/api/presentation/v2/nye-innsyn/filer/v-3dd15a26__96f4__4d7d__a998__45a817cb090e-1767995_10_A!d-2022160523!Am2dYE
2025-09-30 13:27:53,544 - urls_to_texts - INFO - GET [200]: https://laerdal.kommune.no/api/presentation/v2/nye-innsyn/filer/v-f63e1f7f__0e35__4b7d__a71a__b9b0275d02d1-244456_1_A!d-2022026375!6K9Ud2 0.15 44
2025-09-30 13:27:53,549 - urls_to_texts - INFO - Unsupported file extension: .html
2025-09-30 13:27:53,550 - urls_to_texts - WARNING - No text extracted from document at https://laerdal.kommune.no/api/presentation/v2/nye-innsyn/filer/v-f63e1f7f__0e35__4b7d__a71a__b9b0275d02d1-244456_1_A!d-2022026375!6K9Ud2.
2025-09-30 13:27:53,592 - urls_to_texts - INFO - GET [403]: https://prod01.elementscloud.no/publikum/Documents/ShowDmbHandlingDocument/2ff0b82d-4b3d-48b4-987a-ebeff927518a/5118/Protokoll 0.04 0
2025-09-30 13:27:53,592 - urls_to_texts - ERROR - 403 Client Error: Forbidden for url: https://prod01.elementscloud.no/publikum/Documents/ShowDmbHandlingDocument/2ff0b82d-4b3d-48b4-987a-ebeff927518a/5118/Protokoll
2025-09-30 13:27:53,592 - urls_to_texts - WARNING - No document fetched from https://prod01.elementscloud.no/publikum/Documents/ShowDmbHandlingDocument/2ff0b82d-4b3d-48b4-987a-ebeff927518a/5118/Protokoll.
2025-09-30 13:27:53,677 - urls_to_texts - ERROR - Error fetching document: Response ended prematurely
2025-09-30 13:27:53,677 - urls_to_texts - ERROR - Error fetching document 7dd36705-f1ad-53cb-81ae-d98d175a03b8 from https://ullensvang.kommune.no/api/presentation/v2/nye-innsyn/filer/v-0a336fc1__178f__4c38__8f38__3c7bd5ffdbe6-1763252_3_A!d-2019207797!OMilb6
2025-09-30 13:27:53,720 - urls_to_texts - INFO - GET [403]: https://prod01.elementscloud.no/publikum/Documents/ShowMeetingDocument/8d21b1e6-6a6c-419d-87c5-2b551cb056f6/853/MP/3534 0.04 0
2025-09-30 13:27:53,720 - urls_to_texts - ERROR - 403 Client Error: Forbidden for url: https://prod01.elementscloud.no/publikum/Documents/ShowMeetingDocument/8d21b1e6-6a6c-419d-87c5-2b551cb056f6/853/MP/3534
2025-09-30 13:27:53,721 - urls_to_texts - WARNING - No document fetched from https://prod01.elementscloud.no/publikum/Documents/ShowMeetingDocument/8d21b1e6-6a6c-419d-87c5-2b551cb056f6/853/MP/3534.
2025-09-30 13:27:53,813 - urls_to_texts - ERROR - Error fetching document: Response ended prematurely
2025-09-30 13:27:53,813 - urls_to_texts - ERROR - Error fetching document 508e3f21-7eba-5dff-9a2c-49a1618b54e0 from https://www.hoyanger.kommune.no/api/presentation/v2/nye-innsyn/filer/v-00e4d6e9__78c6__4d36__8fd8__ac504c585036-300380_5_A!d-2022064011!1kY1CL
2025-09-30 13:27:54,151 - urls_to_texts - INFO - GET [200]: https://www.ardal.kommune.no/api/presentation/v2/nye-innsyn/filer/v-1e069db9__ef6b__4b2b__9616__406836b162cc-459779_1_A!d-2022054182!9j0xRv 0.14 44
2025-09-30 13:27:54,158 - urls_to_texts - INFO - Unsupported file extension: .html
2025-09-30 13:27:54,158 - urls_to_texts - WARNING - No text extracted from document at https://www.ardal.kommune.no/api/presentation/v2/nye-innsyn/filer/v-1e069db9__ef6b__4b2b__9616__406836b162cc-459779_1_A!d-2022054182!9j0xRv.
2025-09-30 13:27:54,259 - urls_to_texts - ERROR - Error fetching document: Response ended prematurely
2025-09-30 13:27:54,260 - urls_to_texts - ERROR - Error fetching document 138676fd-c92b-5859-aa52-63e25c9138be from https://ullensvang.kommune.no/api/presentation/v2/nye-innsyn/filer/v-0a336fc1__178f__4c38__8f38__3c7bd5ffdbe6-1712714_1_A!d-2019186625!EESJMI
2025-09-30 13:27:54,665 - urls_to_texts - INFO - GET [200]: https://bergen.kommune.no/politikere-utvalg/api/fil/bk360/12833364/Innstilling-vedtak-Et-nystemt-Bergen-Kommuneplanens-samfunnsdel 0.28 65
2025-09-30 13:27:54,772 - urls_to_texts - INFO - Processed 25/44118 documents (skipped: 209)
2025-09-30 13:27:54,836 - urls_to_texts - ERROR - Error fetching document: Response ended prematurely
2025-09-30 13:27:54,837 - urls_to_texts - ERROR - Error fetching document 5c797bc8-55ec-5355-8c49-2f0a47144086 from https://kinn.kommune.no/api/presentation/v2/nye-innsyn/filer/v-e1a6ab11__6b4d__4733__bbeb__849aa26734de-1856113_2_A!d-2022174347!HJ7w3e
2025-09-30 13:27:55,077 - urls_to_texts - ERROR - Error fetching document: Response ended prematurely
2025-09-30 13:27:55,077 - urls_to_texts - ERROR - Error fetching document d11bf930-87b7-55cc-a037-dce27b27b1ec from https://innsynpluss.onacos.no/api/presentation/v2/nye-innsyn/filer/v-9a1e9dfc__3f01__4df5__a599__d213d4fbfca2-88436_2_A!d-1000043143!RzkrSM
2025-09-30 13:27:55,121 - urls_to_texts - INFO - GET [403]: https://prod01.elementscloud.no/publikum/Documents/ShowMeetingDocument/3babd1aa-82df-406b-8a71-390619586974/542/MP/2110 0.04 0
2025-09-30 13:27:55,121 - urls_to_texts - ERROR - 403 Client Error: Forbidden for url: https://prod01.elementscloud.no/publikum/Documents/ShowMeetingDocument/3babd1aa-82df-406b-8a71-390619586974/542/MP/2110
2025-09-30 13:27:55,121 - urls_to_texts - WARNING - No document fetched from https://prod01.elementscloud.no/publikum/Documents/ShowMeetingDocument/3babd1aa-82df-406b-8a71-390619586974/542/MP/2110.
2025-09-30 13:27:55,188 - urls_to_texts - ERROR - Error fetching document: Response ended prematurely
2025-09-30 13:27:55,188 - urls_to_texts - ERROR - Error fetching document d37fa016-159c-51c3-9321-eed6841bc010 from https://sunnfjord.kommune.no/api/presentation/v2/nye-innsyn/filer/v-aba08a8e__580c__4b67__bc21__70eed223f3db-2040417_2_A!d-2022250820!BU9lA4
2025-09-30 13:27:55,253 - urls_to_texts - INFO - GET [403]: https://prod01.elementscloud.no/publikum/Documents/ShowDmbHandlingDocument/3babd1aa-82df-406b-8a71-390619586974/8685/Protokoll 0.06 0
2025-09-30 13:27:55,253 - urls_to_texts - ERROR - 403 Client Error: Forbidden for url: https://prod01.elementscloud.no/publikum/Documents/ShowDmbHandlingDocument/3babd1aa-82df-406b-8a71-390619586974/8685/Protokoll
2025-09-30 13:27:55,254 - urls_to_texts - WARNING - No document fetched from https://prod01.elementscloud.no/publikum/Documents/ShowDmbHandlingDocument/3babd1aa-82df-406b-8a71-390619586974/8685/Protokoll.
2025-09-30 13:27:55,348 - urls_to_texts - ERROR - Error fetching document: Response ended prematurely
2025-09-30 13:27:55,348 - urls_to_texts - ERROR - Error fetching document e28ee121-03b7-5a46-8935-7657560f701e from https://www.luster.kommune.no/api/presentation/v2/nye-innsyn/filer/v-721139d1__230b__45c0__9cf1__92f0ef921828-151912_3_A!d-1100085799!ocoF7A
2025-09-30 13:27:55,602 - urls_to_texts - ERROR - Error fetching document: Response ended prematurely
2025-09-30 13:27:55,603 - urls_to_texts - ERROR - Error fetching document 517f32db-528b-53d4-9056-ae32165300c2 from https://innsynpluss.onacos.no/api/presentation/v2/nye-innsyn/filer/v-e52fa2fa__a617__4ce7__b4a3__788287e64f0b-74463_20_A!d-1100040230!Mv7eGV
2025-09-30 13:27:56,344 - urls_to_texts - INFO - GET [500]: https://ullensvang.kommune.no/api/presentation/v2/nye-innsyn/filer/v-0a336fc1__178f__4c38__8f38__3c7bd5ffdbe6-1745165_1_A!d-2019199546!zw0Yts?pid=1 0.43 2693
2025-09-30 13:27:56,344 - urls_to_texts - ERROR - 500 Server Error: Internal Server Error for url: https://ullensvang.kommune.no/api/presentation/v2/nye-innsyn/filer/v-0a336fc1__178f__4c38__8f38__3c7bd5ffdbe6-1745165_1_A!d-2019199546!zw0Yts?pid=1
2025-09-30 13:27:56,345 - urls_to_texts - WARNING - No document fetched from https://ullensvang.kommune.no/api/presentation/v2/nye-innsyn/filer/v-0a336fc1__178f__4c38__8f38__3c7bd5ffdbe6-1745165_1_A!d-2019199546!zw0Yts?pid=1.
2025-09-30 13:27:56,388 - urls_to_texts - INFO - GET [403]: https://prod01.elementscloud.no/publikum/Documents/ShowDmbHandlingDocument/35dcc491-8e78-470e-afc8-0db3f930a352/9366/CasesFremlegg 0.04 0
2025-09-30 13:27:56,388 - urls_to_texts - ERROR - 403 Client Error: Forbidden for url: https://prod01.elementscloud.no/publikum/Documents/ShowDmbHandlingDocument/35dcc491-8e78-470e-afc8-0db3f930a352/9366/CasesFremlegg
2025-09-30 13:27:56,388 - urls_to_texts - WARNING - No document fetched from https://prod01.elementscloud.no/publikum/Documents/ShowDmbHandlingDocument/35dcc491-8e78-470e-afc8-0db3f930a352/9366/CasesFremlegg.
2025-09-30 13:27:56,474 - urls_to_texts - ERROR - Error fetching document: Response ended prematurely
2025-09-30 13:27:56,475 - urls_to_texts - ERROR - Error fetching document 0d5af07c-002b-5306-8786-23766939c259 from https://gloppen.kommune.no/api/presentation/v2/nye-innsyn/filer/v-dd4f3791__13e5__44ce__8656__c0623ce17d55-1623922_9_A!d-2022073548!KUmWSq
2025-09-30 13:27:56,543 - urls_to_texts - ERROR - Error fetching document: Response ended prematurely
2025-09-30 13:27:56,543 - urls_to_texts - ERROR - Error fetching document 0189ed4b-bb50-580e-a927-3cb6df4a4003 from https://voss.herad.no/api/presentation/v2/nye-innsyn/filer/v-b1707b4a__7a25__41f1__939c__a9a8523356cf-255399_2_A!d-1100125030!gGC9C6
2025-09-30 13:27:56,619 - urls_to_texts - ERROR - Error fetching document: Response ended prematurely
2025-09-30 13:27:56,619 - urls_to_texts - ERROR - Error fetching document 1eb24b05-6b7a-502c-b951-ff1b02786275 from https://stad.kommune.no/api/presentation/v2/nye-innsyn/filer/v-3dd15a26__96f4__4d7d__a998__45a817cb090e-1784571_16_A!d-2022170230!wJVlP6
2025-09-30 13:27:56,662 - urls_to_texts - INFO - GET [403]: https://prod02.elementscloud.no/publikum/Documents/ShowDmbHandlingDocument/f041b74e-b1e6-4615-987e-387f63721a2e/1470/CasesFremlegg 0.04 0
2025-09-30 13:27:56,663 - urls_to_texts - ERROR - 403 Client Error: Forbidden for url: https://prod02.elementscloud.no/publikum/Documents/ShowDmbHandlingDocument/f041b74e-b1e6-4615-987e-387f63721a2e/1470/CasesFremlegg
2025-09-30 13:27:56,663 - urls_to_texts - WARNING - No document fetched from https://prod02.elementscloud.no/publikum/Documents/ShowDmbHandlingDocument/f041b74e-b1e6-4615-987e-387f63721a2e/1470/CasesFremlegg.
2025-09-30 13:27:56,732 - urls_to_texts - ERROR - Error fetching document: Response ended prematurely
2025-09-30 13:27:56,732 - urls_to_texts - ERROR - Error fetching document a1f6bc9a-edfe-56bd-a8ab-68c5c70e7644 from https://voss.herad.no/api/presentation/v2/nye-innsyn/filer/v-b1707b4a__7a25__41f1__939c__a9a8523356cf-224228_2_A!d-1100110973!WXphDl
2025-09-30 13:27:56,781 - urls_to_texts - INFO - GET [403]: https://prod02.elementscloud.no/publikum/Documents/ShowDmbHandlingDocument/b0d5f453-caf0-475d-b3bc-9f9114471c37/2261/CasesFremlegg 0.05 0
2025-09-30 13:27:56,781 - urls_to_texts - ERROR - 403 Client Error: Forbidden for url: https://prod02.elementscloud.no/publikum/Documents/ShowDmbHandlingDocument/b0d5f453-caf0-475d-b3bc-9f9114471c37/2261/CasesFremlegg
2025-09-30 13:27:56,781 - urls_to_texts - WARNING - No document fetched from https://prod02.elementscloud.no/publikum/Documents/ShowDmbHandlingDocument/b0d5f453-caf0-475d-b3bc-9f9114471c37/2261/CasesFremlegg.
2025-09-30 13:27:56,962 - urls_to_texts - ERROR - Error fetching document: Response ended prematurely
2025-09-30 13:27:56,962 - urls_to_texts - ERROR - Error fetching document a8835ca9-c0e6-5436-b888-2f6711a56494 from https://innsynpluss.onacos.no/api/presentation/v2/nye-innsyn/filer/v-10785b61__f1ba__405d__8af8__b65017f85ea0-320118_16_A!d-1100206699!FmtB5T
2025-09-30 13:27:57,005 - urls_to_texts - INFO - GET [403]: https://prod02.elementscloud.no/publikum/Documents/ShowDmbHandlingDocument/2d8f53e3-3226-477a-8245-0622ae7edf5d/2472/CasesFremlegg 0.04 0
2025-09-30 13:27:57,005 - urls_to_texts - ERROR - 403 Client Error: Forbidden for url: https://prod02.elementscloud.no/publikum/Documents/ShowDmbHandlingDocument/2d8f53e3-3226-477a-8245-0622ae7edf5d/2472/CasesFremlegg
2025-09-30 13:27:57,006 - urls_to_texts - WARNING - No document fetched from https://prod02.elementscloud.no/publikum/Documents/ShowDmbHandlingDocument/2d8f53e3-3226-477a-8245-0622ae7edf5d/2472/CasesFremlegg.
2025-09-30 13:27:57,351 - urls_to_texts - INFO - GET [500]: https://ullensvang.kommune.no/api/presentation/v2/nye-innsyn/filer/v-0a336fc1__178f__4c38__8f38__3c7bd5ffdbe6-1764175_1_A!d-2019208248!2jY1M4?pid=1 0.29 496
2025-09-30 13:27:57,351 - urls_to_texts - ERROR - 500 Server Error: Internal Server Error for url: https://ullensvang.kommune.no/api/presentation/v2/nye-innsyn/filer/v-0a336fc1__178f__4c38__8f38__3c7bd5ffdbe6-1764175_1_A!d-2019208248!2jY1M4?pid=1
2025-09-30 13:27:57,351 - urls_to_texts - WARNING - No document fetched from https://ullensvang.kommune.no/api/presentation/v2/nye-innsyn/filer/v-0a336fc1__178f__4c38__8f38__3c7bd5ffdbe6-1764175_1_A!d-2019208248!2jY1M4?pid=1.
2025-09-30 13:27:57,418 - urls_to_texts - ERROR - Error fetching document: Response ended prematurely
2025-09-30 13:27:57,418 - urls_to_texts - ERROR - Error fetching document 2299f3ce-7dd6-5ecb-83e2-f5671d96f574 from https://voss.herad.no/api/presentation/v2/nye-innsyn/filer/v-b1707b4a__7a25__41f1__939c__a9a8523356cf-236384_2_A!d-1100117177!Bt02L5
2025-09-30 13:27:57,460 - urls_to_texts - INFO - GET [403]: https://prod01.elementscloud.no/publikum/Documents/ShowDmbHandlingDocument/2ff0b82d-4b3d-48b4-987a-ebeff927518a/5443/CasesFremlegg 0.04 0
2025-09-30 13:27:57,461 - urls_to_texts - ERROR - 403 Client Error: Forbidden for url: https://prod01.elementscloud.no/publikum/Documents/ShowDmbHandlingDocument/2ff0b82d-4b3d-48b4-987a-ebeff927518a/5443/CasesFremlegg
2025-09-30 13:27:57,461 - urls_to_texts - WARNING - No document fetched from https://prod01.elementscloud.no/publikum/Documents/ShowDmbHandlingDocument/2ff0b82d-4b3d-48b4-987a-ebeff927518a/5443/CasesFremlegg.
2025-09-30 13:27:57,544 - urls_to_texts - ERROR - Error fetching document: Response ended prematurely
2025-09-30 13:27:57,545 - urls_to_texts - ERROR - Error fetching document 8b7bb17a-6757-51d8-9ac0-7f8fd9f060fd from https://www.luster.kommune.no/api/presentation/v2/nye-innsyn/filer/v-721139d1__230b__45c0__9cf1__92f0ef921828-138380_1_A!d-1100079231!8wiQu6
2025-09-30 13:27:58,091 - urls_to_texts - INFO - GET [200]: https://bergen.kommune.no/politikere-utvalg/api/fil/bk360/13069946/Framstilling-Krav-om-lovlighetskontroll-i-sak-164-25-Status-pa-skogsbilveier-og-oppfolgning-av-horing-om-skogsbilveier 0.29 233
2025-09-30 13:27:58,198 - urls_to_texts - INFO - Processed 26/44118 documents (skipped: 216)
2025-09-30 13:27:58,244 - urls_to_texts - INFO - GET [403]: https://prod01.elementscloud.no/publikum/Documents/ShowDmbHandlingDocument/0f947f6b-b1b0-4470-840e-4226ef3244af/9735/Protokoll 0.04 0
2025-09-30 13:27:58,244 - urls_to_texts - ERROR - 403 Client Error: Forbidden for url: https://prod01.elementscloud.no/publikum/Documents/ShowDmbHandlingDocument/0f947f6b-b1b0-4470-840e-4226ef3244af/9735/Protokoll
2025-09-30 13:27:58,244 - urls_to_texts - WARNING - No document fetched from https://prod01.elementscloud.no/publikum/Documents/ShowDmbHandlingDocument/0f947f6b-b1b0-4470-840e-4226ef3244af/9735/Protokoll.
2025-09-30 13:27:58,288 - urls_to_texts - INFO - GET [403]: https://prod02.elementscloud.no/publikum/Documents/ShowMeetingDocument/eff08746-5cb4-4d88-aaf4-4bf6cd496e88/304/MI/885 0.04 0
2025-09-30 13:27:58,288 - urls_to_texts - ERROR - 403 Client Error: Forbidden for url: https://prod02.elementscloud.no/publikum/Documents/ShowMeetingDocument/eff08746-5cb4-4d88-aaf4-4bf6cd496e88/304/MI/885
2025-09-30 13:27:58,288 - urls_to_texts - WARNING - No document fetched from https://prod02.elementscloud.no/publikum/Documents/ShowMeetingDocument/eff08746-5cb4-4d88-aaf4-4bf6cd496e88/304/MI/885.
2025-09-30 13:27:58,687 - urls_to_texts - INFO - GET [200]: https://www.etne.kommune.no/api/presentation/v2/nye-innsyn/filer/v-e857a982__e852__4eeb__a914__f85d70e5a42b-1589602_3_P!d-2020084179!DODgjX 0.2 45
2025-09-30 13:27:58,693 - urls_to_texts - INFO - Unsupported file extension: .html
2025-09-30 13:27:58,693 - urls_to_texts - WARNING - No text extracted from document at https://www.etne.kommune.no/api/presentation/v2/nye-innsyn/filer/v-e857a982__e852__4eeb__a914__f85d70e5a42b-1589602_3_P!d-2020084179!DODgjX.
2025-09-30 13:27:58,742 - urls_to_texts - INFO - GET [403]: https://prod02.elementscloud.no/publikum/Documents/ShowDmbHandlingDocument/76dc8fa9-13be-48a4-b5a8-5168c5a1e3f6/972/Protokoll 0.05 0
2025-09-30 13:27:58,742 - urls_to_texts - ERROR - 403 Client Error: Forbidden for url: https://prod02.elementscloud.no/publikum/Documents/ShowDmbHandlingDocument/76dc8fa9-13be-48a4-b5a8-5168c5a1e3f6/972/Protokoll
2025-09-30 13:27:58,742 - urls_to_texts - WARNING - No document fetched from https://prod02.elementscloud.no/publikum/Documents/ShowDmbHandlingDocument/76dc8fa9-13be-48a4-b5a8-5168c5a1e3f6/972/Protokoll.
2025-09-30 13:27:59,051 - urls_to_texts - INFO - GET [200]: https://innsyn.lyngen.kommune.no/wfdocument.aspx?journalpostid=2013068556&dokid=137550&versjon=1&variant=O&ct=RA-PDF 0.03 686
2025-09-30 13:28:00,107 - urls_to_texts - INFO - Processed 27/44118 documents (skipped: 218)
2025-09-30 13:28:00,574 - urls_to_texts - ERROR - ('Connection aborted.', RemoteDisconnected('Remote end closed connection without response'))
2025-09-30 13:28:00,574 - urls_to_texts - WARNING - No document fetched from https://innsynpluss.onacos.no/api/presentation/v2/nye-innsyn/filer/v-9a1e9dfc__3f01__4df5__a599__d213d4fbfca2-82526_9_P!d-1000040490!2BzhfS.
2025-09-30 13:28:00,939 - urls_to_texts - ERROR - Error fetching document: Response ended prematurely
2025-09-30 13:28:00,939 - urls_to_texts - ERROR - Error fetching document 9f16ed4b-80b1-5cdb-ab9d-4bcda8d60d4e from https://innsynpluss.onacos.no/api/presentation/v2/nye-innsyn/filer/v-9a1e9dfc__3f01__4df5__a599__d213d4fbfca2-95602_1_P!d-1000046032!5S2ysg
2025-09-30 13:28:01,009 - urls_to_texts - ERROR - Error fetching document: Response ended prematurely
2025-09-30 13:28:01,009 - urls_to_texts - ERROR - Error fetching document 9b4a59ae-da26-596e-9843-93a1d399c57e from https://stryn.kommune.no/api/presentation/v2/nye-innsyn/filer/v-f3f0e6ef__50a2__4329__8558__fe6057bcc9dc-1688766_1_A!d-2022079308!AzEcyq
2025-09-30 13:28:01,056 - urls_to_texts - INFO - GET [403]: https://prod02.elementscloud.no/publikum/Documents/ShowDmbHandlingDocument/89d4d1c3-cc0e-4497-9af5-bac975eb55e1/1387/CasesFremlegg 0.05 0
2025-09-30 13:28:01,057 - urls_to_texts - ERROR - 403 Client Error: Forbidden for url: https://prod02.elementscloud.no/publikum/Documents/ShowDmbHandlingDocument/89d4d1c3-cc0e-4497-9af5-bac975eb55e1/1387/CasesFremlegg
2025-09-30 13:28:01,057 - urls_to_texts - WARNING - No document fetched from https://prod02.elementscloud.no/publikum/Documents/ShowDmbHandlingDocument/89d4d1c3-cc0e-4497-9af5-bac975eb55e1/1387/CasesFremlegg.
2025-09-30 13:28:01,129 - urls_to_texts - ERROR - Error fetching document: Response ended prematurely
2025-09-30 13:28:01,130 - urls_to_texts - ERROR - Error fetching document 06d0084f-671a-5486-add9-f0fbbe8c3194 from https://voss.herad.no/api/presentation/v2/nye-innsyn/filer/v-b1707b4a__7a25__41f1__939c__a9a8523356cf-214277_1_A!d-1100107141!hY0Dn6
2025-09-30 13:28:01,170 - urls_to_texts - INFO - GET [403]: https://prod02.elementscloud.no/publikum/Documents/ShowDmbHandlingDocument/a9103361-55ca-477e-ad2b-00f79954109d/1366/CasesFremlegg 0.04 0
2025-09-30 13:28:01,170 - urls_to_texts - ERROR - 403 Client Error: Forbidden for url: https://prod02.elementscloud.no/publikum/Documents/ShowDmbHandlingDocument/a9103361-55ca-477e-ad2b-00f79954109d/1366/CasesFremlegg
2025-09-30 13:28:01,171 - urls_to_texts - WARNING - No document fetched from https://prod02.elementscloud.no/publikum/Documents/ShowDmbHandlingDocument/a9103361-55ca-477e-ad2b-00f79954109d/1366/CasesFremlegg.
2025-09-30 13:28:01,492 - urls_to_texts - INFO - GET [200]: https://bjornafjorden.kommune.no/api/presentation/v2/nye-innsyn/filer/v-cc3ede69__97b5__48c8__9b5b__94ea04175932-2279467_1_A!d-2021400108!f60HVm 0.12 46
2025-09-30 13:28:01,499 - urls_to_texts - INFO - Unsupported file extension: .html
2025-09-30 13:28:01,499 - urls_to_texts - WARNING - No text extracted from document at https://bjornafjorden.kommune.no/api/presentation/v2/nye-innsyn/filer/v-cc3ede69__97b5__48c8__9b5b__94ea04175932-2279467_1_A!d-2021400108!f60HVm.
2025-09-30 13:28:01,754 - urls_to_texts - ERROR - ('Connection aborted.', RemoteDisconnected('Remote end closed connection without response'))
2025-09-30 13:28:01,754 - urls_to_texts - WARNING - No document fetched from https://innsynpluss.onacos.no/api/presentation/v2/nye-innsyn/filer/v-b15978eb__8cc6__45a9__9564__1f28338ca3d7-726082_1_A!d-1100358493!XsF6zL.
2025-09-30 13:28:01,796 - urls_to_texts - INFO - GET [403]: https://prod02.elementscloud.no/publikum/Documents/ShowDmbHandlingDocument/7db3a691-f482-4720-b101-c3a44cb31481/2677/Protokoll 0.04 0
2025-09-30 13:28:01,796 - urls_to_texts - ERROR - 403 Client Error: Forbidden for url: https://prod02.elementscloud.no/publikum/Documents/ShowDmbHandlingDocument/7db3a691-f482-4720-b101-c3a44cb31481/2677/Protokoll
2025-09-30 13:28:01,796 - urls_to_texts - WARNING - No document fetched from https://prod02.elementscloud.no/publikum/Documents/ShowDmbHandlingDocument/7db3a691-f482-4720-b101-c3a44cb31481/2677/Protokoll.
2025-09-30 13:28:02,129 - urls_to_texts - ERROR - Error fetching document: Response ended prematurely
2025-09-30 13:28:02,130 - urls_to_texts - ERROR - Error fetching document 82fc3664-09b7-5a0b-9f75-c2a8052f5ed7 from https://innsynpluss.onacos.no/api/presentation/v2/nye-innsyn/filer/v-b27cb650__363a__4a8b__acee__9e6cafa23ca2-74152_10_A!d-1100040720!A9Lw1v
2025-09-30 13:28:02,199 - urls_to_texts - ERROR - Error fetching document: Response ended prematurely
2025-09-30 13:28:02,199 - urls_to_texts - ERROR - Error fetching document faca99ac-aa4c-5113-8447-85fb099fdae2 from https://voss.herad.no/api/presentation/v2/nye-innsyn/filer/v-b1707b4a__7a25__41f1__939c__a9a8523356cf-236385_2_A!d-1100117178!UiYU81
2025-09-30 13:28:02,946 - urls_to_texts - INFO - GET [200]: https://innsyn.tromso.kommune.no/application/getMoteDokument?dokid=2002177707 0.69 101
2025-09-30 13:28:03,005 - urls_to_texts - INFO - Processed 28/44118 documents (skipped: 228)
2025-09-30 13:28:03,249 - urls_to_texts - ERROR - Error fetching document: Response ended prematurely
2025-09-30 13:28:03,249 - urls_to_texts - ERROR - Error fetching document 14cd081f-eca6-568a-9ea8-756d6314cc6f from https://innsynpluss.onacos.no/api/presentation/v2/nye-innsyn/filer/v-b27cb650__363a__4a8b__acee__9e6cafa23ca2-84626_6_A!d-1100046603!kFbAke
2025-09-30 13:28:03,299 - urls_to_texts - INFO - GET [403]: https://prod02.elementscloud.no/publikum/Documents/ShowDmbHandlingDocument/a9103361-55ca-477e-ad2b-00f79954109d/1525/CasesFremlegg 0.05 0
2025-09-30 13:28:03,299 - urls_to_texts - ERROR - 403 Client Error: Forbidden for url: https://prod02.elementscloud.no/publikum/Documents/ShowDmbHandlingDocument/a9103361-55ca-477e-ad2b-00f79954109d/1525/CasesFremlegg
2025-09-30 13:28:03,300 - urls_to_texts - WARNING - No document fetched from https://prod02.elementscloud.no/publikum/Documents/ShowDmbHandlingDocument/a9103361-55ca-477e-ad2b-00f79954109d/1525/CasesFremlegg.
2025-09-30 13:28:03,344 - urls_to_texts - INFO - GET [403]: https://prod02.elementscloud.no/publikum/Documents/ShowDmbHandlingDocument/99585028-0782-4cec-8366-2e0dbc25d0f4/776/CasesFremlegg 0.04 0
2025-09-30 13:28:03,344 - urls_to_texts - ERROR - 403 Client Error: Forbidden for url: https://prod02.elementscloud.no/publikum/Documents/ShowDmbHandlingDocument/99585028-0782-4cec-8366-2e0dbc25d0f4/776/CasesFremlegg
2025-09-30 13:28:03,344 - urls_to_texts - WARNING - No document fetched from https://prod02.elementscloud.no/publikum/Documents/ShowDmbHandlingDocument/99585028-0782-4cec-8366-2e0dbc25d0f4/776/CasesFremlegg.
2025-09-30 13:28:03,385 - urls_to_texts - INFO - GET [403]: https://prod01.elementscloud.no/publikum/Documents/ShowDmbHandlingDocument/0f947f6b-b1b0-4470-840e-4226ef3244af/9644/CasesFremlegg 0.04 0
2025-09-30 13:28:03,385 - urls_to_texts - ERROR - 403 Client Error: Forbidden for url: https://prod01.elementscloud.no/publikum/Documents/ShowDmbHandlingDocument/0f947f6b-b1b0-4470-840e-4226ef3244af/9644/CasesFremlegg
2025-09-30 13:28:03,385 - urls_to_texts - WARNING - No document fetched from https://prod01.elementscloud.no/publikum/Documents/ShowDmbHandlingDocument/0f947f6b-b1b0-4470-840e-4226ef3244af/9644/CasesFremlegg.
2025-09-30 13:28:03,702 - urls_to_texts - ERROR - Error fetching document: Response ended prematurely
2025-09-30 13:28:03,702 - urls_to_texts - ERROR - Error fetching document 85d75515-8968-5366-8337-429232f14232 from https://innsynpluss.onacos.no/api/presentation/v2/nye-innsyn/filer/v-b27cb650__363a__4a8b__acee__9e6cafa23ca2-84365_1_A!d-1100046465!sgyWTy
2025-09-30 13:28:03,885 - urls_to_texts - ERROR - Error fetching document: Response ended prematurely
2025-09-30 13:28:03,885 - urls_to_texts - ERROR - Error fetching document 20985d68-fe03-53a5-b4b5-610478f2ad33 from https://innsynpluss.onacos.no/api/presentation/v2/nye-innsyn/filer/v-9a1e9dfc__3f01__4df5__a599__d213d4fbfca2-81827_4_A!d-1000040138!RKNez7
2025-09-30 13:28:03,927 - urls_to_texts - INFO - GET [403]: https://prod01.elementscloud.no/publikum/Documents/ShowDmbHandlingDocument/0f947f6b-b1b0-4470-840e-4226ef3244af/9755/CasesFremlegg 0.04 0
2025-09-30 13:28:03,927 - urls_to_texts - ERROR - 403 Client Error: Forbidden for url: https://prod01.elementscloud.no/publikum/Documents/ShowDmbHandlingDocument/0f947f6b-b1b0-4470-840e-4226ef3244af/9755/CasesFremlegg
2025-09-30 13:28:03,928 - urls_to_texts - WARNING - No document fetched from https://prod01.elementscloud.no/publikum/Documents/ShowDmbHandlingDocument/0f947f6b-b1b0-4470-840e-4226ef3244af/9755/CasesFremlegg.
2025-09-30 13:28:04,000 - urls_to_texts - ERROR - Error fetching document: Response ended prematurely
2025-09-30 13:28:04,000 - urls_to_texts - ERROR - Error fetching document bcd47003-5873-5d48-a301-2990737a783c from https://voss.herad.no/api/presentation/v2/nye-innsyn/filer/v-b1707b4a__7a25__41f1__939c__a9a8523356cf-259977_11_P!d-1100127344!3kGhfE
2025-09-30 13:28:04,040 - urls_to_texts - INFO - GET [403]: https://prod01.elementscloud.no/publikum/Documents/ShowDmbHandlingDocument/3babd1aa-82df-406b-8a71-390619586974/8194/CasesFremlegg 0.04 0
2025-09-30 13:28:04,041 - urls_to_texts - ERROR - 403 Client Error: Forbidden for url: https://prod01.elementscloud.no/publikum/Documents/ShowDmbHandlingDocument/3babd1aa-82df-406b-8a71-390619586974/8194/CasesFremlegg
2025-09-30 13:28:04,041 - urls_to_texts - WARNING - No document fetched from https://prod01.elementscloud.no/publikum/Documents/ShowDmbHandlingDocument/3babd1aa-82df-406b-8a71-390619586974/8194/CasesFremlegg.
2025-09-30 13:28:04,084 - urls_to_texts - INFO - GET [403]: https://prod01.elementscloud.no/publikum/Documents/ShowDmbHandlingDocument/2ff0b82d-4b3d-48b4-987a-ebeff927518a/5395/Protokoll 0.04 0
2025-09-30 13:28:04,084 - urls_to_texts - ERROR - 403 Client Error: Forbidden for url: https://prod01.elementscloud.no/publikum/Documents/ShowDmbHandlingDocument/2ff0b82d-4b3d-48b4-987a-ebeff927518a/5395/Protokoll
2025-09-30 13:28:04,085 - urls_to_texts - WARNING - No document fetched from https://prod01.elementscloud.no/publikum/Documents/ShowDmbHandlingDocument/2ff0b82d-4b3d-48b4-987a-ebeff927518a/5395/Protokoll.
2025-09-30 13:28:05,795 - urls_to_texts - INFO - GET [200]: https://innsynpluss.onacos.no/askoy/moteoversikt/#/details/m-b15978eb__8cc6__45a9__9564__1f28338ca3d7-1291!35JsdP 1.71 39
2025-09-30 13:28:05,798 - urls_to_texts - INFO - Unsupported file extension: 
2025-09-30 13:28:05,798 - urls_to_texts - WARNING - No text extracted from document at https://innsynpluss.onacos.no/askoy/moteoversikt/#/details/m-b15978eb__8cc6__45a9__9564__1f28338ca3d7-1291!35JsdP.
2025-09-30 13:28:06,803 - urls_to_texts - ERROR - Error fetching document: Response ended prematurely
2025-09-30 13:28:06,803 - urls_to_texts - ERROR - Error fetching document 2b5b5a08-0ad3-507f-a88b-95b10b9ffa90 from https://innsynpluss.onacos.no/api/presentation/v2/nye-innsyn/filer/v-084e0747__69df__45ac__bc47__df64cee5aa6d-101881_1_A!d-1100053900!627ZWV
2025-09-30 13:28:06,870 - urls_to_texts - ERROR - ('Connection aborted.', RemoteDisconnected('Remote end closed connection without response'))
2025-09-30 13:28:06,871 - urls_to_texts - WARNING - No document fetched from https://sunnfjord.kommune.no/api/presentation/v2/nye-innsyn/filer/v-aba08a8e__580c__4b67__bc21__70eed223f3db-2044191_1_A!d-2022252991!SEOSum.
2025-09-30 13:28:06,911 - urls_to_texts - INFO - GET [403]: https://prod01.elementscloud.no/publikum/Documents/ShowDmbHandlingDocument/5ac72eb8-cac7-496a-b9ef-fc393c80a79a/5062/CasesFremlegg 0.04 0
2025-09-30 13:28:06,911 - urls_to_texts - ERROR - 403 Client Error: Forbidden for url: https://prod01.elementscloud.no/publikum/Documents/ShowDmbHandlingDocument/5ac72eb8-cac7-496a-b9ef-fc393c80a79a/5062/CasesFremlegg
2025-09-30 13:28:06,911 - urls_to_texts - WARNING - No document fetched from https://prod01.elementscloud.no/publikum/Documents/ShowDmbHandlingDocument/5ac72eb8-cac7-496a-b9ef-fc393c80a79a/5062/CasesFremlegg.
2025-09-30 13:28:08,088 - urls_to_texts - ERROR - Error fetching document: Response ended prematurely
2025-09-30 13:28:08,088 - urls_to_texts - ERROR - Error fetching document 5dfcf16f-b636-5ba4-9d13-d416cff00f4c from https://innsynpluss.onacos.no/api/presentation/v2/nye-innsyn/filer/v-10785b61__f1ba__405d__8af8__b65017f85ea0-342406_1_A!d-1100217260!RSra2b
2025-09-30 13:28:08,488 - urls_to_texts - ERROR - Error fetching document: Response ended prematurely
2025-09-30 13:28:08,488 - urls_to_texts - ERROR - Error fetching document 43695958-7531-5d31-9b87-ed0304df3d12 from https://innsynpluss.onacos.no/api/presentation/v2/nye-innsyn/filer/v-f75e6c12__234c__46f2__ba9a__a06c1d8a0442-79907_8_P!d-1100046802!qoSpUJ
2025-09-30 13:28:08,570 - urls_to_texts - ERROR - Error fetching document: Response ended prematurely
2025-09-30 13:28:08,570 - urls_to_texts - ERROR - Error fetching document 1deb42f9-c870-5978-a0d7-d2ab466c41d1 from https://voss.herad.no/api/presentation/v2/nye-innsyn/filer/v-b1707b4a__7a25__41f1__939c__a9a8523356cf-260014_1_A!d-1100127358!Op4ElY
2025-09-30 13:28:08,620 - urls_to_texts - INFO - GET [403]: https://prod02.elementscloud.no/publikum/Documents/ShowDmbHandlingDocument/99585028-0782-4cec-8366-2e0dbc25d0f4/582/Protokoll 0.05 0
2025-09-30 13:28:08,620 - urls_to_texts - ERROR - 403 Client Error: Forbidden for url: https://prod02.elementscloud.no/publikum/Documents/ShowDmbHandlingDocument/99585028-0782-4cec-8366-2e0dbc25d0f4/582/Protokoll
2025-09-30 13:28:08,621 - urls_to_texts - WARNING - No document fetched from https://prod02.elementscloud.no/publikum/Documents/ShowDmbHandlingDocument/99585028-0782-4cec-8366-2e0dbc25d0f4/582/Protokoll.
2025-09-30 13:28:08,699 - urls_to_texts - ERROR - Error fetching document: Response ended prematurely
2025-09-30 13:28:08,699 - urls_to_texts - ERROR - Error fetching document 2d4d44fd-6794-500a-ab98-c05f2aa5144d from https://stad.kommune.no/api/presentation/v2/nye-innsyn/filer/v-3dd15a26__96f4__4d7d__a998__45a817cb090e-1727658_2_A!d-2022139045!xpvA1m
2025-09-30 13:28:09,044 - urls_to_texts - INFO - GET [200]: https://bjornafjorden.kommune.no/api/presentation/v2/nye-innsyn/filer/v-cc3ede69__97b5__48c8__9b5b__94ea04175932-2203466_1_A!d-2021344814!8jYaio 0.15 46
2025-09-30 13:28:09,050 - urls_to_texts - INFO - Unsupported file extension: .html
2025-09-30 13:28:09,051 - urls_to_texts - WARNING - No text extracted from document at https://bjornafjorden.kommune.no/api/presentation/v2/nye-innsyn/filer/v-cc3ede69__97b5__48c8__9b5b__94ea04175932-2203466_1_A!d-2021344814!8jYaio.
2025-09-30 13:28:09,125 - urls_to_texts - ERROR - Error fetching document: Response ended prematurely
2025-09-30 13:28:09,126 - urls_to_texts - ERROR - Error fetching document ba1efc09-9a75-5ae1-b602-94391f556267 from https://bremanger.kommune.no/api/presentation/v2/nye-innsyn/filer/v-0baea8f5__defa__4603__b396__17b5d409cf0e-1537264_4_A!d-2022044097!KbTStu
2025-09-30 13:28:09,192 - urls_to_texts - ERROR - Error fetching document: Response ended prematurely
2025-09-30 13:28:09,193 - urls_to_texts - ERROR - Error fetching document cfafe2ef-1a3e-58b9-8676-f39b74fda618 from https://sunnfjord.kommune.no/api/presentation/v2/nye-innsyn/filer/v-aba08a8e__580c__4b67__bc21__70eed223f3db-2070816_11_A!d-2022268206!XOrk38
2025-09-30 13:28:09,242 - urls_to_texts - INFO - GET [403]: https://prod02.elementscloud.no/publikum/Documents/ShowDmbHandlingDocument/2a1bb891-5516-42d4-a811-e6b86a7862b3/1524/CasesFremlegg 0.05 0
2025-09-30 13:28:09,242 - urls_to_texts - ERROR - 403 Client Error: Forbidden for url: https://prod02.elementscloud.no/publikum/Documents/ShowDmbHandlingDocument/2a1bb891-5516-42d4-a811-e6b86a7862b3/1524/CasesFremlegg
2025-09-30 13:28:09,243 - urls_to_texts - WARNING - No document fetched from https://prod02.elementscloud.no/publikum/Documents/ShowDmbHandlingDocument/2a1bb891-5516-42d4-a811-e6b86a7862b3/1524/CasesFremlegg.
2025-09-30 13:28:09,288 - urls_to_texts - INFO - GET [403]: https://prod01.elementscloud.no/publikum/Documents/ShowDmbHandlingDocument/35dcc491-8e78-470e-afc8-0db3f930a352/10394/Protokoll 0.04 0
2025-09-30 13:28:09,288 - urls_to_texts - ERROR - 403 Client Error: Forbidden for url: https://prod01.elementscloud.no/publikum/Documents/ShowDmbHandlingDocument/35dcc491-8e78-470e-afc8-0db3f930a352/10394/Protokoll
2025-09-30 13:28:09,289 - urls_to_texts - WARNING - No document fetched from https://prod01.elementscloud.no/publikum/Documents/ShowDmbHandlingDocument/35dcc491-8e78-470e-afc8-0db3f930a352/10394/Protokoll.
2025-09-30 13:28:09,603 - urls_to_texts - ERROR - Error fetching document: Response ended prematurely
2025-09-30 13:28:09,604 - urls_to_texts - ERROR - Error fetching document fab99a62-10ab-553b-898d-81b018776910 from https://innsynpluss.onacos.no/api/presentation/v2/nye-innsyn/filer/v-9a1e9dfc__3f01__4df5__a599__d213d4fbfca2-91603_1_A!d-1000044356!b7gLbh
2025-09-30 13:28:09,679 - urls_to_texts - ERROR - Error fetching document: Response ended prematurely
2025-09-30 13:28:09,680 - urls_to_texts - ERROR - Error fetching document 5ab702cb-e278-5283-bc27-313d1c81d445 from https://gloppen.kommune.no/api/presentation/v2/nye-innsyn/filer/v-dd4f3791__13e5__44ce__8656__c0623ce17d55-1628485_1_A!d-2022075972!O36fgD
2025-09-30 13:28:09,729 - urls_to_texts - INFO - GET [403]: https://prod02.elementscloud.no/publikum/Documents/ShowDmbHandlingDocument/2d8f53e3-3226-477a-8245-0622ae7edf5d/1851/Protokoll 0.05 0
2025-09-30 13:28:09,730 - urls_to_texts - ERROR - 403 Client Error: Forbidden for url: https://prod02.elementscloud.no/publikum/Documents/ShowDmbHandlingDocument/2d8f53e3-3226-477a-8245-0622ae7edf5d/1851/Protokoll
2025-09-30 13:28:09,730 - urls_to_texts - WARNING - No document fetched from https://prod02.elementscloud.no/publikum/Documents/ShowDmbHandlingDocument/2d8f53e3-3226-477a-8245-0622ae7edf5d/1851/Protokoll.
2025-09-30 13:28:09,797 - urls_to_texts - ERROR - Error fetching document: Response ended prematurely
2025-09-30 13:28:09,797 - urls_to_texts - ERROR - Error fetching document 0e45f15a-ae84-518c-923f-92d2f4636121 from https://kinn.kommune.no/api/presentation/v2/nye-innsyn/filer/v-e1a6ab11__6b4d__4733__bbeb__849aa26734de-1932098_1_A!d-2022212058!F3zj0T
2025-09-30 13:28:09,864 - urls_to_texts - ERROR - ('Connection aborted.', RemoteDisconnected('Remote end closed connection without response'))
2025-09-30 13:28:09,865 - urls_to_texts - WARNING - No document fetched from https://www.ulvik.kommune.no/api/presentation/v2/nye-innsyn/filer/v-fbd4410b__3d1a__4153__a3c5__50e18ebc878e-227142_1_A!d-2024017671!WdyRcz.
2025-09-30 13:28:09,907 - urls_to_texts - INFO - GET [403]: https://prod01.elementscloud.no/publikum/Documents/ShowDmbHandlingDocument/0f947f6b-b1b0-4470-840e-4226ef3244af/9122/CasesFremlegg 0.04 0
2025-09-30 13:28:09,907 - urls_to_texts - ERROR - 403 Client Error: Forbidden for url: https://prod01.elementscloud.no/publikum/Documents/ShowDmbHandlingDocument/0f947f6b-b1b0-4470-840e-4226ef3244af/9122/CasesFremlegg
2025-09-30 13:28:09,908 - urls_to_texts - WARNING - No document fetched from https://prod01.elementscloud.no/publikum/Documents/ShowDmbHandlingDocument/0f947f6b-b1b0-4470-840e-4226ef3244af/9122/CasesFremlegg.
2025-09-30 13:28:09,949 - urls_to_texts - INFO - GET [403]: https://prod02.elementscloud.no/publikum/Documents/ShowDmbHandlingDocument/89d4d1c3-cc0e-4497-9af5-bac975eb55e1/1473/Protokoll 0.04 0
2025-09-30 13:28:09,949 - urls_to_texts - ERROR - 403 Client Error: Forbidden for url: https://prod02.elementscloud.no/publikum/Documents/ShowDmbHandlingDocument/89d4d1c3-cc0e-4497-9af5-bac975eb55e1/1473/Protokoll
2025-09-30 13:28:09,949 - urls_to_texts - WARNING - No document fetched from https://prod02.elementscloud.no/publikum/Documents/ShowDmbHandlingDocument/89d4d1c3-cc0e-4497-9af5-bac975eb55e1/1473/Protokoll.
2025-09-30 13:28:10,310 - urls_to_texts - ERROR - Error fetching document: Response ended prematurely
2025-09-30 13:28:10,311 - urls_to_texts - ERROR - Error fetching document dd321b2e-d938-57ac-a69b-d7af21cabc86 from https://innsynpluss.onacos.no/api/presentation/v2/nye-innsyn/filer/v-084e0747__69df__45ac__bc47__df64cee5aa6d-87924_7_A!d-1100047117!rRuugP
2025-09-30 13:28:10,396 - urls_to_texts - ERROR - Error fetching document: Response ended prematurely
2025-09-30 13:28:10,396 - urls_to_texts - ERROR - Error fetching document 770f6cc7-2055-5361-8eb1-4b415712267d from https://www.luster.kommune.no/api/presentation/v2/nye-innsyn/filer/v-721139d1__230b__45c0__9cf1__92f0ef921828-150516_10_A!d-1100085156!0u4Far
2025-09-30 13:28:10,442 - urls_to_texts - INFO - GET [403]: https://prod02.elementscloud.no/publikum/Documents/ShowDmbHandlingDocument/7db3a691-f482-4720-b101-c3a44cb31481/3543/Protokoll 0.04 0
2025-09-30 13:28:10,442 - urls_to_texts - ERROR - 403 Client Error: Forbidden for url: https://prod02.elementscloud.no/publikum/Documents/ShowDmbHandlingDocument/7db3a691-f482-4720-b101-c3a44cb31481/3543/Protokoll
2025-09-30 13:28:10,443 - urls_to_texts - WARNING - No document fetched from https://prod02.elementscloud.no/publikum/Documents/ShowDmbHandlingDocument/7db3a691-f482-4720-b101-c3a44cb31481/3543/Protokoll.
2025-09-30 13:28:10,485 - urls_to_texts - INFO - GET [403]: https://prod01.elementscloud.no/publikum/Documents/ShowMeetingDocument/8d21b1e6-6a6c-419d-87c5-2b551cb056f6/836/MP/3628 0.04 0
2025-09-30 13:28:10,485 - urls_to_texts - ERROR - 403 Client Error: Forbidden for url: https://prod01.elementscloud.no/publikum/Documents/ShowMeetingDocument/8d21b1e6-6a6c-419d-87c5-2b551cb056f6/836/MP/3628
2025-09-30 13:28:10,485 - urls_to_texts - WARNING - No document fetched from https://prod01.elementscloud.no/publikum/Documents/ShowMeetingDocument/8d21b1e6-6a6c-419d-87c5-2b551cb056f6/836/MP/3628.
2025-09-30 13:28:11,239 - urls_to_texts - INFO - GET [200]: https://innsyn.tromso.kommune.no/application/getMoteDokument?dokid=2002139944 0.7 104
2025-09-30 13:28:11,299 - urls_to_texts - INFO - Processed 29/44118 documents (skipped: 235)
2025-09-30 13:28:11,783 - urls_to_texts - ERROR - Error fetching document: Response ended prematurely
2025-09-30 13:28:11,783 - urls_to_texts - ERROR - Error fetching document 8f66746b-9e60-5eaa-9cac-06a34d403713 from https://innsynpluss.onacos.no/api/presentation/v2/nye-innsyn/filer/v-084e0747__69df__45ac__bc47__df64cee5aa6d-94458_8_P!d-1100050250!oPYdfm
2025-09-30 13:28:12,168 - urls_to_texts - ERROR - Error fetching document: Response ended prematurely
2025-09-30 13:28:12,168 - urls_to_texts - ERROR - Error fetching document 50882ac6-6525-52b1-96bd-5c05bff8b528 from https://innsynpluss.onacos.no/api/presentation/v2/nye-innsyn/filer/v-9a1e9dfc__3f01__4df5__a599__d213d4fbfca2-83331_1_A!d-1000040831!gb7DOR
2025-09-30 13:28:12,546 - urls_to_texts - ERROR - Error fetching document: Response ended prematurely
2025-09-30 13:28:12,546 - urls_to_texts - ERROR - Error fetching document 9981568f-185a-5292-be7b-1c1938a8108d from https://innsynpluss.onacos.no/api/presentation/v2/nye-innsyn/filer/v-9a1e9dfc__3f01__4df5__a599__d213d4fbfca2-81348_2_P!d-1000039977!vaz77J
2025-09-30 13:28:12,619 - urls_to_texts - ERROR - Error fetching document: Response ended prematurely
2025-09-30 13:28:12,619 - urls_to_texts - ERROR - Error fetching document aa15e621-8d5c-59e6-9259-0466708246c5 from https://www.askvoll.kommune.no/api/presentation/v2/nye-innsyn/filer/v-d691afea__aaff__43de__a10d__c9d8e8907141-344961_1_A!d-2022053022!1ifKT4
2025-09-30 13:28:12,935 - urls_to_texts - INFO - GET [200]: https://bjornafjorden.kommune.no/api/presentation/v2/nye-innsyn/filer/v-cc3ede69__97b5__48c8__9b5b__94ea04175932-2215523_1_A!d-2021352407!7uzCw6 0.14 46
2025-09-30 13:28:12,942 - urls_to_texts - INFO - Unsupported file extension: .html
2025-09-30 13:28:12,942 - urls_to_texts - WARNING - No text extracted from document at https://bjornafjorden.kommune.no/api/presentation/v2/nye-innsyn/filer/v-cc3ede69__97b5__48c8__9b5b__94ea04175932-2215523_1_A!d-2021352407!7uzCw6.
2025-09-30 13:28:12,991 - urls_to_texts - INFO - GET [403]: https://prod02.elementscloud.no/publikum/Documents/ShowDmbHandlingDocument/f041b74e-b1e6-4615-987e-387f63721a2e/1274/Protokoll 0.05 0
2025-09-30 13:28:12,991 - urls_to_texts - ERROR - 403 Client Error: Forbidden for url: https://prod02.elementscloud.no/publikum/Documents/ShowDmbHandlingDocument/f041b74e-b1e6-4615-987e-387f63721a2e/1274/Protokoll
2025-09-30 13:28:12,991 - urls_to_texts - WARNING - No document fetched from https://prod02.elementscloud.no/publikum/Documents/ShowDmbHandlingDocument/f041b74e-b1e6-4615-987e-387f63721a2e/1274/Protokoll.
2025-09-30 13:28:13,031 - urls_to_texts - INFO - GET [403]: https://prod01.elementscloud.no/publikum/Documents/ShowDmbHandlingDocument/2ff0b82d-4b3d-48b4-987a-ebeff927518a/4693/Protokoll 0.04 0
2025-09-30 13:28:13,031 - urls_to_texts - ERROR - 403 Client Error: Forbidden for url: https://prod01.elementscloud.no/publikum/Documents/ShowDmbHandlingDocument/2ff0b82d-4b3d-48b4-987a-ebeff927518a/4693/Protokoll
2025-09-30 13:28:13,032 - urls_to_texts - WARNING - No document fetched from https://prod01.elementscloud.no/publikum/Documents/ShowDmbHandlingDocument/2ff0b82d-4b3d-48b4-987a-ebeff927518a/4693/Protokoll.
2025-09-30 13:28:13,073 - urls_to_texts - INFO - GET [403]: https://prod02.elementscloud.no/publikum/Documents/ShowMeetingDocument/a9103361-55ca-477e-ad2b-00f79954109d/119/MI/523 0.04 0
2025-09-30 13:28:13,074 - urls_to_texts - ERROR - 403 Client Error: Forbidden for url: https://prod02.elementscloud.no/publikum/Documents/ShowMeetingDocument/a9103361-55ca-477e-ad2b-00f79954109d/119/MI/523
2025-09-30 13:28:13,074 - urls_to_texts - WARNING - No document fetched from https://prod02.elementscloud.no/publikum/Documents/ShowMeetingDocument/a9103361-55ca-477e-ad2b-00f79954109d/119/MI/523.
2025-09-30 13:28:13,440 - urls_to_texts - INFO - GET [200]: https://bjornafjorden.kommune.no/api/presentation/v2/nye-innsyn/filer/v-cc3ede69__97b5__48c8__9b5b__94ea04175932-2478960_1_A!d-2021489197!us8jSb 0.16 46
2025-09-30 13:28:13,446 - urls_to_texts - INFO - Unsupported file extension: .html
2025-09-30 13:28:13,446 - urls_to_texts - WARNING - No text extracted from document at https://bjornafjorden.kommune.no/api/presentation/v2/nye-innsyn/filer/v-cc3ede69__97b5__48c8__9b5b__94ea04175932-2478960_1_A!d-2021489197!us8jSb.
2025-09-30 13:28:13,488 - urls_to_texts - INFO - GET [403]: https://prod02.elementscloud.no/publikum/Documents/ShowDmbHandlingDocument/7db3a691-f482-4720-b101-c3a44cb31481/3653/CasesFremlegg 0.04 0
2025-09-30 13:28:13,489 - urls_to_texts - ERROR - 403 Client Error: Forbidden for url: https://prod02.elementscloud.no/publikum/Documents/ShowDmbHandlingDocument/7db3a691-f482-4720-b101-c3a44cb31481/3653/CasesFremlegg
2025-09-30 13:28:13,489 - urls_to_texts - WARNING - No document fetched from https://prod02.elementscloud.no/publikum/Documents/ShowDmbHandlingDocument/7db3a691-f482-4720-b101-c3a44cb31481/3653/CasesFremlegg.
2025-09-30 13:28:13,530 - urls_to_texts - INFO - GET [403]: https://prod02.elementscloud.no/publikum/Documents/ShowDmbHandlingDocument/2d8f53e3-3226-477a-8245-0622ae7edf5d/2502/CasesFremlegg 0.04 0
2025-09-30 13:28:13,530 - urls_to_texts - ERROR - 403 Client Error: Forbidden for url: https://prod02.elementscloud.no/publikum/Documents/ShowDmbHandlingDocument/2d8f53e3-3226-477a-8245-0622ae7edf5d/2502/CasesFremlegg
2025-09-30 13:28:13,530 - urls_to_texts - WARNING - No document fetched from https://prod02.elementscloud.no/publikum/Documents/ShowDmbHandlingDocument/2d8f53e3-3226-477a-8245-0622ae7edf5d/2502/CasesFremlegg.
2025-09-30 13:28:13,571 - urls_to_texts - INFO - GET [403]: https://prod02.elementscloud.no/publikum/Documents/ShowDmbHandlingDocument/f041b74e-b1e6-4615-987e-387f63721a2e/1276/CasesFremlegg 0.04 0
2025-09-30 13:28:13,571 - urls_to_texts - ERROR - 403 Client Error: Forbidden for url: https://prod02.elementscloud.no/publikum/Documents/ShowDmbHandlingDocument/f041b74e-b1e6-4615-987e-387f63721a2e/1276/CasesFremlegg
2025-09-30 13:28:13,571 - urls_to_texts - WARNING - No document fetched from https://prod02.elementscloud.no/publikum/Documents/ShowDmbHandlingDocument/f041b74e-b1e6-4615-987e-387f63721a2e/1276/CasesFremlegg.
2025-09-30 13:28:13,634 - urls_to_texts - INFO - GET [403]: https://prod01.elementscloud.no/publikum/Documents/ShowDmbHandlingDocument/3babd1aa-82df-406b-8a71-390619586974/7968/CasesFremlegg 0.06 0
2025-09-30 13:28:13,635 - urls_to_texts - ERROR - 403 Client Error: Forbidden for url: https://prod01.elementscloud.no/publikum/Documents/ShowDmbHandlingDocument/3babd1aa-82df-406b-8a71-390619586974/7968/CasesFremlegg
2025-09-30 13:28:13,635 - urls_to_texts - WARNING - No document fetched from https://prod01.elementscloud.no/publikum/Documents/ShowDmbHandlingDocument/3babd1aa-82df-406b-8a71-390619586974/7968/CasesFremlegg.
2025-09-30 13:28:13,705 - urls_to_texts - ERROR - Error fetching document: Response ended prematurely
2025-09-30 13:28:13,705 - urls_to_texts - ERROR - Error fetching document f8208800-8efc-5d0a-8d1a-7906209eacd7 from https://www.askvoll.kommune.no/api/presentation/v2/nye-innsyn/filer/v-d691afea__aaff__43de__a10d__c9d8e8907141-341467_1_A!d-2022051473!za8JWe
2025-09-30 13:28:13,776 - urls_to_texts - ERROR - Error fetching document: Response ended prematurely
2025-09-30 13:28:13,776 - urls_to_texts - ERROR - Error fetching document 08962f15-1965-5897-9719-6603fdd2e4c7 from https://kinn.kommune.no/api/presentation/v2/nye-innsyn/filer/v-e1a6ab11__6b4d__4733__bbeb__849aa26734de-1870217_2_A!d-2022181552!QHswQZ
2025-09-30 13:28:13,822 - urls_to_texts - INFO - GET [403]: https://prod02.elementscloud.no/publikum/Documents/ShowDmbHandlingDocument/b0d5f453-caf0-475d-b3bc-9f9114471c37/2156/Protokoll 0.04 0
2025-09-30 13:28:13,823 - urls_to_texts - ERROR - 403 Client Error: Forbidden for url: https://prod02.elementscloud.no/publikum/Documents/ShowDmbHandlingDocument/b0d5f453-caf0-475d-b3bc-9f9114471c37/2156/Protokoll
2025-09-30 13:28:13,823 - urls_to_texts - WARNING - No document fetched from https://prod02.elementscloud.no/publikum/Documents/ShowDmbHandlingDocument/b0d5f453-caf0-475d-b3bc-9f9114471c37/2156/Protokoll.
2025-09-30 13:28:13,866 - urls_to_texts - INFO - GET [403]: https://prod01.elementscloud.no/publikum/Documents/ShowDmbHandlingDocument/3babd1aa-82df-406b-8a71-390619586974/7609/Protokoll 0.04 0
2025-09-30 13:28:13,866 - urls_to_texts - ERROR - 403 Client Error: Forbidden for url: https://prod01.elementscloud.no/publikum/Documents/ShowDmbHandlingDocument/3babd1aa-82df-406b-8a71-390619586974/7609/Protokoll
2025-09-30 13:28:13,866 - urls_to_texts - WARNING - No document fetched from https://prod01.elementscloud.no/publikum/Documents/ShowDmbHandlingDocument/3babd1aa-82df-406b-8a71-390619586974/7609/Protokoll.
2025-09-30 13:28:13,913 - urls_to_texts - INFO - GET [403]: https://prod02.elementscloud.no/publikum/Documents/ShowDmbHandlingDocument/76dc8fa9-13be-48a4-b5a8-5168c5a1e3f6/178/CasesFremlegg 0.05 0
2025-09-30 13:28:13,913 - urls_to_texts - ERROR - 403 Client Error: Forbidden for url: https://prod02.elementscloud.no/publikum/Documents/ShowDmbHandlingDocument/76dc8fa9-13be-48a4-b5a8-5168c5a1e3f6/178/CasesFremlegg
2025-09-30 13:28:13,913 - urls_to_texts - WARNING - No document fetched from https://prod02.elementscloud.no/publikum/Documents/ShowDmbHandlingDocument/76dc8fa9-13be-48a4-b5a8-5168c5a1e3f6/178/CasesFremlegg.
2025-09-30 13:28:14,067 - urls_to_texts - ERROR - Error fetching document: Response ended prematurely
2025-09-30 13:28:14,067 - urls_to_texts - ERROR - Error fetching document 0c7002d7-6472-5218-b5fc-e5fcbb64e25c from https://innsynpluss.onacos.no/api/presentation/v2/nye-innsyn/filer/v-b15978eb__8cc6__45a9__9564__1f28338ca3d7-786876_1_A!d-1100392236!APgVBb
2025-09-30 13:28:14,332 - urls_to_texts - ERROR - Error fetching document: Response ended prematurely
2025-09-30 13:28:14,332 - urls_to_texts - ERROR - Error fetching document b8489064-ac28-5043-b3a8-065b0850d168 from https://innsynpluss.onacos.no/api/presentation/v2/nye-innsyn/filer/v-e52fa2fa__a617__4ce7__b4a3__788287e64f0b-85717_1_A!d-1100047145!TUtGJl
2025-09-30 13:28:15,657 - urls_to_texts - INFO - GET [200]: https://innsynpluss.onacos.no/harstad/moteoversikt/details/m-10785b61__f1ba__405d__8af8__b65017f85ea0-507!7Vpwa6 0.84 2
2025-09-30 13:28:15,660 - urls_to_texts - INFO - Unsupported file extension: .html
2025-09-30 13:28:15,660 - urls_to_texts - WARNING - No text extracted from document at https://innsynpluss.onacos.no/harstad/moteoversikt/details/m-10785b61__f1ba__405d__8af8__b65017f85ea0-507!7Vpwa6.
2025-09-30 13:28:15,699 - urls_to_texts - INFO - GET [403]: https://prod01.elementscloud.no/publikum/Documents/ShowDmbHandlingDocument/2ff0b82d-4b3d-48b4-987a-ebeff927518a/5159/Protokoll 0.04 0
2025-09-30 13:28:15,699 - urls_to_texts - ERROR - 403 Client Error: Forbidden for url: https://prod01.elementscloud.no/publikum/Documents/ShowDmbHandlingDocument/2ff0b82d-4b3d-48b4-987a-ebeff927518a/5159/Protokoll
2025-09-30 13:28:15,700 - urls_to_texts - WARNING - No document fetched from https://prod01.elementscloud.no/publikum/Documents/ShowDmbHandlingDocument/2ff0b82d-4b3d-48b4-987a-ebeff927518a/5159/Protokoll.
2025-09-30 13:28:16,135 - urls_to_texts - INFO - GET [200]: https://bergen.kommune.no/politikere-utvalg/api/fil/bk360/12947532/Innstilling-vedtak-Fyllingsdalen-Gnr-22-Bnr-874-Skjenhaugane-Arealplan-ID-70910000-Reguleringsplan 0.29 110
2025-09-30 13:28:16,287 - urls_to_texts - INFO - Processed 30/44118 documents (skipped: 241)
2025-09-30 13:28:16,360 - urls_to_texts - ERROR - Error fetching document: Response ended prematurely
2025-09-30 13:28:16,360 - urls_to_texts - ERROR - Error fetching document a1ca78ac-d376-56c4-a387-9fca9338e09a from https://voss.herad.no/api/presentation/v2/nye-innsyn/filer/v-b1707b4a__7a25__41f1__939c__a9a8523356cf-268699_2_A!d-1100131684!GQFvnS
2025-09-30 13:28:16,414 - urls_to_texts - INFO - GET [403]: https://prod02.elementscloud.no/publikum/Documents/ShowDmbHandlingDocument/f041b74e-b1e6-4615-987e-387f63721a2e/1409/CasesFremlegg 0.04 0
2025-09-30 13:28:16,414 - urls_to_texts - ERROR - 403 Client Error: Forbidden for url: https://prod02.elementscloud.no/publikum/Documents/ShowDmbHandlingDocument/f041b74e-b1e6-4615-987e-387f63721a2e/1409/CasesFremlegg
2025-09-30 13:28:16,414 - urls_to_texts - WARNING - No document fetched from https://prod02.elementscloud.no/publikum/Documents/ShowDmbHandlingDocument/f041b74e-b1e6-4615-987e-387f63721a2e/1409/CasesFremlegg.
2025-09-30 13:28:16,579 - urls_to_texts - ERROR - Error fetching document: Response ended prematurely
2025-09-30 13:28:16,579 - urls_to_texts - ERROR - Error fetching document 04abae66-f3d8-5750-9e82-d698d085f541 from https://innsynpluss.onacos.no/api/presentation/v2/nye-innsyn/filer/v-084e0747__69df__45ac__bc47__df64cee5aa6d-97344_6_P!d-1100051800!uZTFi6
2025-09-30 13:28:16,954 - urls_to_texts - INFO - GET [200]: https://bergen.kommune.no/politikere-utvalg/api/fil/bk360/12857979/Innstilling-vedtak-Arsmelding-kommunalt-rad-for-personer-med-funksjonsnedsettelse-2024 0.27 49
2025-09-30 13:28:17,023 - urls_to_texts - INFO - Processed 31/44118 documents (skipped: 241)
2025-09-30 13:28:17,071 - urls_to_texts - INFO - GET [403]: https://prod02.elementscloud.no/publikum/Documents/ShowMeetingDocument/7db3a691-f482-4720-b101-c3a44cb31481/145/MP/743 0.05 0
2025-09-30 13:28:17,071 - urls_to_texts - ERROR - 403 Client Error: Forbidden for url: https://prod02.elementscloud.no/publikum/Documents/ShowMeetingDocument/7db3a691-f482-4720-b101-c3a44cb31481/145/MP/743
2025-09-30 13:28:17,071 - urls_to_texts - WARNING - No document fetched from https://prod02.elementscloud.no/publikum/Documents/ShowMeetingDocument/7db3a691-f482-4720-b101-c3a44cb31481/145/MP/743.
2025-09-30 13:28:17,113 - urls_to_texts - INFO - GET [403]: https://prod02.elementscloud.no/publikum/Documents/ShowDmbHandlingDocument/f041b74e-b1e6-4615-987e-387f63721a2e/1454/CasesFremlegg 0.04 0
2025-09-30 13:28:17,114 - urls_to_texts - ERROR - 403 Client Error: Forbidden for url: https://prod02.elementscloud.no/publikum/Documents/ShowDmbHandlingDocument/f041b74e-b1e6-4615-987e-387f63721a2e/1454/CasesFremlegg
2025-09-30 13:28:17,114 - urls_to_texts - WARNING - No document fetched from https://prod02.elementscloud.no/publikum/Documents/ShowDmbHandlingDocument/f041b74e-b1e6-4615-987e-387f63721a2e/1454/CasesFremlegg.
2025-09-30 13:28:17,156 - urls_to_texts - INFO - GET [403]: https://prod01.elementscloud.no/publikum/Documents/ShowDmbHandlingDocument/5ac72eb8-cac7-496a-b9ef-fc393c80a79a/5013/Protokoll 0.04 0
2025-09-30 13:28:17,156 - urls_to_texts - ERROR - 403 Client Error: Forbidden for url: https://prod01.elementscloud.no/publikum/Documents/ShowDmbHandlingDocument/5ac72eb8-cac7-496a-b9ef-fc393c80a79a/5013/Protokoll
2025-09-30 13:28:17,156 - urls_to_texts - WARNING - No document fetched from https://prod01.elementscloud.no/publikum/Documents/ShowDmbHandlingDocument/5ac72eb8-cac7-496a-b9ef-fc393c80a79a/5013/Protokoll.
2025-09-30 13:28:17,226 - urls_to_texts - ERROR - Error fetching document: Response ended prematurely
2025-09-30 13:28:17,226 - urls_to_texts - ERROR - Error fetching document b8a3daed-0382-5f26-a498-75d9fc31452d from https://kinn.kommune.no/api/presentation/v2/nye-innsyn/filer/v-e1a6ab11__6b4d__4733__bbeb__849aa26734de-1887279_2_A!d-2022190174!6BGTO7
2025-09-30 13:28:17,268 - urls_to_texts - INFO - GET [403]: https://prod01.elementscloud.no/publikum/Documents/ShowDmbHandlingDocument/35dcc491-8e78-470e-afc8-0db3f930a352/9836/Protokoll 0.04 0
2025-09-30 13:28:17,268 - urls_to_texts - ERROR - 403 Client Error: Forbidden for url: https://prod01.elementscloud.no/publikum/Documents/ShowDmbHandlingDocument/35dcc491-8e78-470e-afc8-0db3f930a352/9836/Protokoll
2025-09-30 13:28:17,268 - urls_to_texts - WARNING - No document fetched from https://prod01.elementscloud.no/publikum/Documents/ShowDmbHandlingDocument/35dcc491-8e78-470e-afc8-0db3f930a352/9836/Protokoll.
2025-09-30 13:28:17,312 - urls_to_texts - INFO - GET [403]: https://prod02.elementscloud.no/publikum/Documents/ShowMeetingDocument/2a1bb891-5516-42d4-a811-e6b86a7862b3/119/MI/563 0.04 0
2025-09-30 13:28:17,312 - urls_to_texts - ERROR - 403 Client Error: Forbidden for url: https://prod02.elementscloud.no/publikum/Documents/ShowMeetingDocument/2a1bb891-5516-42d4-a811-e6b86a7862b3/119/MI/563
2025-09-30 13:28:17,312 - urls_to_texts - WARNING - No document fetched from https://prod02.elementscloud.no/publikum/Documents/ShowMeetingDocument/2a1bb891-5516-42d4-a811-e6b86a7862b3/119/MI/563.
2025-09-30 13:28:17,353 - urls_to_texts - INFO - GET [403]: https://prod01.elementscloud.no/publikum/Documents/ShowMeetingDocument/5ac72eb8-cac7-496a-b9ef-fc393c80a79a/445/MI/2148 0.04 0
2025-09-30 13:28:17,353 - urls_to_texts - ERROR - 403 Client Error: Forbidden for url: https://prod01.elementscloud.no/publikum/Documents/ShowMeetingDocument/5ac72eb8-cac7-496a-b9ef-fc393c80a79a/445/MI/2148
2025-09-30 13:28:17,354 - urls_to_texts - WARNING - No document fetched from https://prod01.elementscloud.no/publikum/Documents/ShowMeetingDocument/5ac72eb8-cac7-496a-b9ef-fc393c80a79a/445/MI/2148.
2025-09-30 13:28:17,731 - urls_to_texts - ERROR - Error fetching document: Response ended prematurely
2025-09-30 13:28:17,731 - urls_to_texts - ERROR - Error fetching document 302447cf-a347-5be7-a0dd-391002e74e5c from https://innsynpluss.onacos.no/api/presentation/v2/nye-innsyn/filer/v-084e0747__69df__45ac__bc47__df64cee5aa6d-93119_1_A!d-1100049573!xQ7KIT
2025-09-30 13:28:17,775 - urls_to_texts - INFO - GET [403]: https://prod02.elementscloud.no/publikum/Documents/ShowDmbHandlingDocument/99585028-0782-4cec-8366-2e0dbc25d0f4/960/CasesFremlegg 0.04 0
2025-09-30 13:28:17,775 - urls_to_texts - ERROR - 403 Client Error: Forbidden for url: https://prod02.elementscloud.no/publikum/Documents/ShowDmbHandlingDocument/99585028-0782-4cec-8366-2e0dbc25d0f4/960/CasesFremlegg
2025-09-30 13:28:17,776 - urls_to_texts - WARNING - No document fetched from https://prod02.elementscloud.no/publikum/Documents/ShowDmbHandlingDocument/99585028-0782-4cec-8366-2e0dbc25d0f4/960/CasesFremlegg.
2025-09-30 13:28:17,826 - urls_to_texts - INFO - GET [403]: https://prod02.elementscloud.no/publikum/Documents/ShowDmbHandlingDocument/e5b0d1f1-00c5-4eb0-a9f2-e3450eb803c9/1455/CasesFremlegg 0.05 0
2025-09-30 13:28:17,826 - urls_to_texts - ERROR - 403 Client Error: Forbidden for url: https://prod02.elementscloud.no/publikum/Documents/ShowDmbHandlingDocument/e5b0d1f1-00c5-4eb0-a9f2-e3450eb803c9/1455/CasesFremlegg
2025-09-30 13:28:17,827 - urls_to_texts - WARNING - No document fetched from https://prod02.elementscloud.no/publikum/Documents/ShowDmbHandlingDocument/e5b0d1f1-00c5-4eb0-a9f2-e3450eb803c9/1455/CasesFremlegg.
2025-09-30 13:28:18,150 - urls_to_texts - INFO - GET [200]: https://www.ardal.kommune.no/api/presentation/v2/nye-innsyn/filer/v-1e069db9__ef6b__4b2b__9616__406836b162cc-456612_1_A!d-2022052320!JiFbij 0.15 44
2025-09-30 13:28:18,156 - urls_to_texts - INFO - Unsupported file extension: .html
2025-09-30 13:28:18,156 - urls_to_texts - WARNING - No text extracted from document at https://www.ardal.kommune.no/api/presentation/v2/nye-innsyn/filer/v-1e069db9__ef6b__4b2b__9616__406836b162cc-456612_1_A!d-2022052320!JiFbij.
2025-09-30 13:28:18,454 - urls_to_texts - ERROR - Error fetching document: Response ended prematurely
2025-09-30 13:28:18,454 - urls_to_texts - ERROR - Error fetching document 449fc219-a8bf-5ce1-9210-5db2e3395c5d from https://innsynpluss.onacos.no/api/presentation/v2/nye-innsyn/filer/v-9a1e9dfc__3f01__4df5__a599__d213d4fbfca2-84378_1_A!d-1000041353!MLHvIB
2025-09-30 13:28:18,497 - urls_to_texts - INFO - GET [403]: https://prod02.elementscloud.no/publikum/Documents/ShowDmbHandlingDocument/a9103361-55ca-477e-ad2b-00f79954109d/1327/Protokoll 0.04 0
2025-09-30 13:28:18,497 - urls_to_texts - ERROR - 403 Client Error: Forbidden for url: https://prod02.elementscloud.no/publikum/Documents/ShowDmbHandlingDocument/a9103361-55ca-477e-ad2b-00f79954109d/1327/Protokoll
2025-09-30 13:28:18,497 - urls_to_texts - WARNING - No document fetched from https://prod02.elementscloud.no/publikum/Documents/ShowDmbHandlingDocument/a9103361-55ca-477e-ad2b-00f79954109d/1327/Protokoll.
2025-09-30 13:28:18,563 - urls_to_texts - ERROR - Error fetching document: Response ended prematurely
2025-09-30 13:28:18,563 - urls_to_texts - ERROR - Error fetching document cb7c57b0-c998-5396-9f5d-b07f4f26d42c from https://www.solund.kommune.no/api/presentation/v2/nye-innsyn/filer/v-e8f93b5a__de8c__4fed__8410__71ae71ffb04f-133844_4_A!d-2022013865!XGvVZl
2025-09-30 13:28:18,633 - urls_to_texts - ERROR - Error fetching document: Response ended prematurely
2025-09-30 13:28:18,634 - urls_to_texts - ERROR - Error fetching document 299207bc-c589-5952-8c80-4be70f2f3082 from https://voss.herad.no/api/presentation/v2/nye-innsyn/filer/v-b1707b4a__7a25__41f1__939c__a9a8523356cf-222458_2_A!d-1100110264!arC8iK
2025-09-30 13:28:19,018 - urls_to_texts - INFO - GET [200]: https://www.ardal.kommune.no/api/presentation/v2/nye-innsyn/filer/v-1e069db9__ef6b__4b2b__9616__406836b162cc-465393_3_P!d-2022057491!mb8oEX 0.17 45
2025-09-30 13:28:19,024 - urls_to_texts - INFO - Unsupported file extension: .html
2025-09-30 13:28:19,025 - urls_to_texts - WARNING - No text extracted from document at https://www.ardal.kommune.no/api/presentation/v2/nye-innsyn/filer/v-1e069db9__ef6b__4b2b__9616__406836b162cc-465393_3_P!d-2022057491!mb8oEX.
2025-09-30 13:28:19,067 - urls_to_texts - INFO - GET [403]: https://prod02.elementscloud.no/publikum/Documents/ShowDmbHandlingDocument/76dc8fa9-13be-48a4-b5a8-5168c5a1e3f6/68/Protokoll 0.04 0
2025-09-30 13:28:19,067 - urls_to_texts - ERROR - 403 Client Error: Forbidden for url: https://prod02.elementscloud.no/publikum/Documents/ShowDmbHandlingDocument/76dc8fa9-13be-48a4-b5a8-5168c5a1e3f6/68/Protokoll
2025-09-30 13:28:19,068 - urls_to_texts - WARNING - No document fetched from https://prod02.elementscloud.no/publikum/Documents/ShowDmbHandlingDocument/76dc8fa9-13be-48a4-b5a8-5168c5a1e3f6/68/Protokoll.
2025-09-30 13:28:19,110 - urls_to_texts - INFO - GET [403]: https://prod02.elementscloud.no/publikum/Documents/ShowDmbHandlingDocument/76dc8fa9-13be-48a4-b5a8-5168c5a1e3f6/576/Protokoll 0.04 0
2025-09-30 13:28:19,110 - urls_to_texts - ERROR - 403 Client Error: Forbidden for url: https://prod02.elementscloud.no/publikum/Documents/ShowDmbHandlingDocument/76dc8fa9-13be-48a4-b5a8-5168c5a1e3f6/576/Protokoll
2025-09-30 13:28:19,110 - urls_to_texts - WARNING - No document fetched from https://prod02.elementscloud.no/publikum/Documents/ShowDmbHandlingDocument/76dc8fa9-13be-48a4-b5a8-5168c5a1e3f6/576/Protokoll.
2025-09-30 13:28:19,440 - urls_to_texts - INFO - GET [200]: https://laerdal.kommune.no/api/presentation/v2/nye-innsyn/filer/v-f63e1f7f__0e35__4b7d__a71a__b9b0275d02d1-247184_6_P!d-2022027795!EYSXg6 0.12 44
2025-09-30 13:28:19,447 - urls_to_texts - INFO - Unsupported file extension: .html
2025-09-30 13:28:19,447 - urls_to_texts - WARNING - No text extracted from document at https://laerdal.kommune.no/api/presentation/v2/nye-innsyn/filer/v-f63e1f7f__0e35__4b7d__a71a__b9b0275d02d1-247184_6_P!d-2022027795!EYSXg6.
2025-09-30 13:28:19,726 - urls_to_texts - ERROR - Error fetching document: Response ended prematurely
2025-09-30 13:28:19,727 - urls_to_texts - ERROR - Error fetching document 2f315079-a5ff-5b5b-a24f-8a530cdce370 from https://innsynpluss.onacos.no/api/presentation/v2/nye-innsyn/filer/v-9a1e9dfc__3f01__4df5__a599__d213d4fbfca2-80198_14_P!d-1000039460!RdcX4p
2025-09-30 13:28:19,796 - urls_to_texts - ERROR - Error fetching document: Response ended prematurely
2025-09-30 13:28:19,796 - urls_to_texts - ERROR - Error fetching document 28b375eb-dfbe-5450-9875-d25f8186122a from https://www.ulvik.kommune.no/api/presentation/v2/nye-innsyn/filer/v-fbd4410b__3d1a__4153__a3c5__50e18ebc878e-211737_2_A!d-2024011230!2vT8ZI
2025-09-30 13:28:20,027 - urls_to_texts - ERROR - Error fetching document: Response ended prematurely
2025-09-30 13:28:20,027 - urls_to_texts - ERROR - Error fetching document 002a6cc8-d1f6-5166-92b5-c255518b8661 from https://innsynpluss.onacos.no/api/presentation/v2/nye-innsyn/filer/v-10785b61__f1ba__405d__8af8__b65017f85ea0-307292_6_A!d-1100201193!zDjxHa
2025-09-30 13:28:20,145 - urls_to_texts - ERROR - Error fetching document: Response ended prematurely
2025-09-30 13:28:20,145 - urls_to_texts - ERROR - Error fetching document 4091b73f-7da3-5242-9023-83b5591f61bf from https://www.solund.kommune.no/api/presentation/v2/nye-innsyn/filer/v-e8f93b5a__de8c__4fed__8410__71ae71ffb04f-129198_1_A!d-2022011673!GBMEct
2025-09-30 13:28:20,527 - urls_to_texts - INFO - GET [200]: https://bjornafjorden.kommune.no/api/presentation/v2/nye-innsyn/filer/v-cc3ede69__97b5__48c8__9b5b__94ea04175932-2473660_1_A!d-2021487456!3vixPY 0.17 46
2025-09-30 13:28:20,534 - urls_to_texts - INFO - Unsupported file extension: .html
2025-09-30 13:28:20,534 - urls_to_texts - WARNING - No text extracted from document at https://bjornafjorden.kommune.no/api/presentation/v2/nye-innsyn/filer/v-cc3ede69__97b5__48c8__9b5b__94ea04175932-2473660_1_A!d-2021487456!3vixPY.
2025-09-30 13:28:20,920 - urls_to_texts - ERROR - Error fetching document: Response ended prematurely
2025-09-30 13:28:20,920 - urls_to_texts - ERROR - Error fetching document 9b91de41-11cf-5939-b48f-876b5375ab0f from https://innsynpluss.onacos.no/api/presentation/v2/nye-innsyn/filer/v-10785b61__f1ba__405d__8af8__b65017f85ea0-320237_2_A!d-1100206757!wIYOHD
2025-09-30 13:28:21,000 - urls_to_texts - ERROR - ('Connection aborted.', RemoteDisconnected('Remote end closed connection without response'))
2025-09-30 13:28:21,000 - urls_to_texts - WARNING - No document fetched from https://bremanger.kommune.no/api/presentation/v2/nye-innsyn/filer/v-0baea8f5__defa__4603__b396__17b5d409cf0e-1553258_2_A!d-2022051392!3Klvrs.
2025-09-30 13:28:21,042 - urls_to_texts - INFO - GET [403]: https://prod02.elementscloud.no/publikum/Documents/ShowDmbHandlingDocument/e5b0d1f1-00c5-4eb0-a9f2-e3450eb803c9/1057/Protokoll 0.04 0
2025-09-30 13:28:21,042 - urls_to_texts - ERROR - 403 Client Error: Forbidden for url: https://prod02.elementscloud.no/publikum/Documents/ShowDmbHandlingDocument/e5b0d1f1-00c5-4eb0-a9f2-e3450eb803c9/1057/Protokoll
2025-09-30 13:28:21,043 - urls_to_texts - WARNING - No document fetched from https://prod02.elementscloud.no/publikum/Documents/ShowDmbHandlingDocument/e5b0d1f1-00c5-4eb0-a9f2-e3450eb803c9/1057/Protokoll.
2025-09-30 13:28:21,219 - urls_to_texts - ERROR - Error fetching document: Response ended prematurely
2025-09-30 13:28:21,219 - urls_to_texts - ERROR - Error fetching document 742687e3-930c-584e-af9e-928c460687a0 from https://innsynpluss.onacos.no/api/presentation/v2/nye-innsyn/filer/v-b15978eb__8cc6__45a9__9564__1f28338ca3d7-616401_2_A!d-1100288598!xvd9oQ
2025-09-30 13:28:21,261 - urls_to_texts - INFO - GET [403]: https://prod02.elementscloud.no/publikum/Documents/ShowDmbHandlingDocument/eff08746-5cb4-4d88-aaf4-4bf6cd496e88/3335/CasesFremlegg 0.04 0
2025-09-30 13:28:21,261 - urls_to_texts - ERROR - 403 Client Error: Forbidden for url: https://prod02.elementscloud.no/publikum/Documents/ShowDmbHandlingDocument/eff08746-5cb4-4d88-aaf4-4bf6cd496e88/3335/CasesFremlegg
2025-09-30 13:28:21,261 - urls_to_texts - WARNING - No document fetched from https://prod02.elementscloud.no/publikum/Documents/ShowDmbHandlingDocument/eff08746-5cb4-4d88-aaf4-4bf6cd496e88/3335/CasesFremlegg.
2025-09-30 13:28:21,303 - urls_to_texts - INFO - GET [403]: https://prod02.elementscloud.no/publikum/Documents/ShowDmbHandlingDocument/eff08746-5cb4-4d88-aaf4-4bf6cd496e88/4458/CasesFremlegg 0.04 0
2025-09-30 13:28:21,303 - urls_to_texts - ERROR - 403 Client Error: Forbidden for url: https://prod02.elementscloud.no/publikum/Documents/ShowDmbHandlingDocument/eff08746-5cb4-4d88-aaf4-4bf6cd496e88/4458/CasesFremlegg
2025-09-30 13:28:21,304 - urls_to_texts - WARNING - No document fetched from https://prod02.elementscloud.no/publikum/Documents/ShowDmbHandlingDocument/eff08746-5cb4-4d88-aaf4-4bf6cd496e88/4458/CasesFremlegg.
2025-09-30 13:28:21,346 - urls_to_texts - INFO - GET [403]: https://prod02.elementscloud.no/publikum/Documents/ShowDmbHandlingDocument/eff08746-5cb4-4d88-aaf4-4bf6cd496e88/4786/Protokoll 0.04 0
2025-09-30 13:28:21,347 - urls_to_texts - ERROR - 403 Client Error: Forbidden for url: https://prod02.elementscloud.no/publikum/Documents/ShowDmbHandlingDocument/eff08746-5cb4-4d88-aaf4-4bf6cd496e88/4786/Protokoll
2025-09-30 13:28:21,347 - urls_to_texts - WARNING - No document fetched from https://prod02.elementscloud.no/publikum/Documents/ShowDmbHandlingDocument/eff08746-5cb4-4d88-aaf4-4bf6cd496e88/4786/Protokoll.
2025-09-30 13:28:21,422 - urls_to_texts - ERROR - Error fetching document: Response ended prematurely
2025-09-30 13:28:21,422 - urls_to_texts - ERROR - Error fetching document 771139aa-7356-528d-ad53-618bcd0ce812 from https://stryn.kommune.no/api/presentation/v2/nye-innsyn/filer/v-f3f0e6ef__50a2__4329__8558__fe6057bcc9dc-1673783_1_A!d-2022072061!V8xphq
2025-09-30 13:28:21,498 - urls_to_texts - ERROR - Error fetching document: Response ended prematurely
2025-09-30 13:28:21,499 - urls_to_texts - ERROR - Error fetching document 7d8d8cf7-94f5-5abc-b9b5-558d58ced555 from https://ullensvang.kommune.no/api/presentation/v2/nye-innsyn/filer/v-0a336fc1__178f__4c38__8f38__3c7bd5ffdbe6-1710636_5_A!d-2019185681!VFnkSB
2025-09-30 13:28:21,869 - urls_to_texts - INFO - GET [200]: https://bergen.kommune.no/politikere-utvalg/api/fil/bk360/13515545/Framstilling-Representantforslag-fra-Sandrino-Arenas-Knustad-AP-om-Representantforslag-om-grensejustering-av-Arstad-gard-Innsendt-22-9-2025 0.11 18
2025-09-30 13:28:21,870 - urls_to_texts - INFO - Unsupported file extension: .html
2025-09-30 13:28:21,870 - urls_to_texts - WARNING - No text extracted from document at https://bergen.kommune.no/politikere-utvalg/api/fil/bk360/13515545/Framstilling-Representantforslag-fra-Sandrino-Arenas-Knustad-AP-om-Representantforslag-om-grensejustering-av-Arstad-gard-Innsendt-22-9-2025.
2025-09-30 13:28:21,910 - urls_to_texts - INFO - GET [403]: https://prod01.elementscloud.no/publikum/Documents/ShowDmbHandlingDocument/3babd1aa-82df-406b-8a71-390619586974/7824/Protokoll 0.04 0
2025-09-30 13:28:21,910 - urls_to_texts - ERROR - 403 Client Error: Forbidden for url: https://prod01.elementscloud.no/publikum/Documents/ShowDmbHandlingDocument/3babd1aa-82df-406b-8a71-390619586974/7824/Protokoll
2025-09-30 13:28:21,910 - urls_to_texts - WARNING - No document fetched from https://prod01.elementscloud.no/publikum/Documents/ShowDmbHandlingDocument/3babd1aa-82df-406b-8a71-390619586974/7824/Protokoll.
2025-09-30 13:28:21,951 - urls_to_texts - INFO - GET [403]: https://prod02.elementscloud.no/publikum/Documents/ShowDmbHandlingDocument/eff08746-5cb4-4d88-aaf4-4bf6cd496e88/4420/CasesFremlegg 0.04 0
2025-09-30 13:28:21,951 - urls_to_texts - ERROR - 403 Client Error: Forbidden for url: https://prod02.elementscloud.no/publikum/Documents/ShowDmbHandlingDocument/eff08746-5cb4-4d88-aaf4-4bf6cd496e88/4420/CasesFremlegg
2025-09-30 13:28:21,952 - urls_to_texts - WARNING - No document fetched from https://prod02.elementscloud.no/publikum/Documents/ShowDmbHandlingDocument/eff08746-5cb4-4d88-aaf4-4bf6cd496e88/4420/CasesFremlegg.
2025-09-30 13:28:22,461 - urls_to_texts - INFO - GET [200]: https://bergen.kommune.no/politikere-utvalg/api/fil/bk360/13512180/Innstilling-vedtak-Melding-om-uttreden-og-nyvalg-Eline-Aresdatter-Haakestad-MDG- 0.38 70
2025-09-30 13:28:22,546 - urls_to_texts - INFO - Processed 32/44118 documents (skipped: 255)
2025-09-30 13:28:22,856 - urls_to_texts - ERROR - Error fetching document: Response ended prematurely
2025-09-30 13:28:22,857 - urls_to_texts - ERROR - Error fetching document f8bdeb67-cd12-5713-a431-a1e52d319b1c from https://innsynpluss.onacos.no/api/presentation/v2/nye-innsyn/filer/v-10785b61__f1ba__405d__8af8__b65017f85ea0-347658_1_A!d-1100220259!gTIsxy
2025-09-30 13:28:23,021 - urls_to_texts - ERROR - Error fetching document: Response ended prematurely
2025-09-30 13:28:23,021 - urls_to_texts - ERROR - Error fetching document 580ef9e9-a6cb-5026-a322-d56995cbf8bf from https://innsynpluss.onacos.no/api/presentation/v2/nye-innsyn/filer/v-b15978eb__8cc6__45a9__9564__1f28338ca3d7-620842_9_A!d-1100289669!ELJcCw
2025-09-30 13:28:23,061 - urls_to_texts - INFO - GET [403]: https://prod02.elementscloud.no/publikum/Documents/ShowDmbHandlingDocument/89d4d1c3-cc0e-4497-9af5-bac975eb55e1/1532/CasesFremlegg 0.04 0
2025-09-30 13:28:23,061 - urls_to_texts - ERROR - 403 Client Error: Forbidden for url: https://prod02.elementscloud.no/publikum/Documents/ShowDmbHandlingDocument/89d4d1c3-cc0e-4497-9af5-bac975eb55e1/1532/CasesFremlegg
2025-09-30 13:28:23,062 - urls_to_texts - WARNING - No document fetched from https://prod02.elementscloud.no/publikum/Documents/ShowDmbHandlingDocument/89d4d1c3-cc0e-4497-9af5-bac975eb55e1/1532/CasesFremlegg.
2025-09-30 13:28:23,368 - urls_to_texts - INFO - GET [200]: https://bjornafjorden.kommune.no/api/presentation/v2/nye-innsyn/filer/v-cc3ede69__97b5__48c8__9b5b__94ea04175932-2166719_1_A!d-2021328517!kUEquu 0.13 46
2025-09-30 13:28:23,372 - urls_to_texts - INFO - Unsupported file extension: .html
2025-09-30 13:28:23,372 - urls_to_texts - WARNING - No text extracted from document at https://bjornafjorden.kommune.no/api/presentation/v2/nye-innsyn/filer/v-cc3ede69__97b5__48c8__9b5b__94ea04175932-2166719_1_A!d-2021328517!kUEquu.
2025-09-30 13:28:23,438 - urls_to_texts - ERROR - Error fetching document: Response ended prematurely
2025-09-30 13:28:23,438 - urls_to_texts - ERROR - Error fetching document d70a41aa-c42b-57bf-b887-541aa035da25 from https://www.askvoll.kommune.no/api/presentation/v2/nye-innsyn/filer/v-d691afea__aaff__43de__a10d__c9d8e8907141-335545_1_A!d-2022048302!zDGlCC
2025-09-30 13:28:23,479 - urls_to_texts - INFO - GET [403]: https://prod02.elementscloud.no/publikum/Documents/ShowDmbHandlingDocument/e5b0d1f1-00c5-4eb0-a9f2-e3450eb803c9/1474/CasesFremlegg 0.04 0
2025-09-30 13:28:23,479 - urls_to_texts - ERROR - 403 Client Error: Forbidden for url: https://prod02.elementscloud.no/publikum/Documents/ShowDmbHandlingDocument/e5b0d1f1-00c5-4eb0-a9f2-e3450eb803c9/1474/CasesFremlegg
2025-09-30 13:28:23,480 - urls_to_texts - WARNING - No document fetched from https://prod02.elementscloud.no/publikum/Documents/ShowDmbHandlingDocument/e5b0d1f1-00c5-4eb0-a9f2-e3450eb803c9/1474/CasesFremlegg.
2025-09-30 13:28:23,803 - urls_to_texts - INFO - GET [200]: https://bjornafjorden.kommune.no/api/presentation/v2/nye-innsyn/filer/v-cc3ede69__97b5__48c8__9b5b__94ea04175932-2433701_1_A!d-2021470183!p2k062 0.16 46
2025-09-30 13:28:23,810 - urls_to_texts - INFO - Unsupported file extension: .html
2025-09-30 13:28:23,810 - urls_to_texts - WARNING - No text extracted from document at https://bjornafjorden.kommune.no/api/presentation/v2/nye-innsyn/filer/v-cc3ede69__97b5__48c8__9b5b__94ea04175932-2433701_1_A!d-2021470183!p2k062.
2025-09-30 13:28:23,879 - urls_to_texts - ERROR - ('Connection aborted.', RemoteDisconnected('Remote end closed connection without response'))
2025-09-30 13:28:23,879 - urls_to_texts - WARNING - No document fetched from https://voss.herad.no/api/presentation/v2/nye-innsyn/filer/v-b1707b4a__7a25__41f1__939c__a9a8523356cf-277058_2_A!d-1100135868!s65yV7.
2025-09-30 13:28:24,057 - urls_to_texts - ERROR - Error fetching document: Response ended prematurely
2025-09-30 13:28:24,057 - urls_to_texts - ERROR - Error fetching document 1b9492c1-4047-5db1-89f6-1392d1119205 from https://innsynpluss.onacos.no/api/presentation/v2/nye-innsyn/filer/v-b15978eb__8cc6__45a9__9564__1f28338ca3d7-561182_23_A!d-1100265595!7Cul9y
2025-09-30 13:28:24,194 - urls_to_texts - INFO - GET [404]: https://www.askvoll.kommune.no/politikk-og-administrasjon/politikk/moteplan-og-saksdokumentdetails/m-d691afea__aaff__43de__a10d__c9d8e8907141-1921!NlvQ7u 0.13 52
2025-09-30 13:28:24,194 - urls_to_texts - ERROR - 404 Client Error: Not Found for url: https://www.askvoll.kommune.no/politikk-og-administrasjon/politikk/moteplan-og-saksdokumentdetails/m-d691afea__aaff__43de__a10d__c9d8e8907141-1921!NlvQ7u
2025-09-30 13:28:24,195 - urls_to_texts - WARNING - No document fetched from https://www.askvoll.kommune.no/politikk-og-administrasjon/politikk/moteplan-og-saksdokumentdetails/m-d691afea__aaff__43de__a10d__c9d8e8907141-1921!NlvQ7u.
2025-09-30 13:28:24,457 - urls_to_texts - ERROR - Error fetching document: Response ended prematurely
2025-09-30 13:28:24,457 - urls_to_texts - ERROR - Error fetching document a8f22610-0475-5074-a872-bb0e8742df64 from https://innsynpluss.onacos.no/api/presentation/v2/nye-innsyn/filer/v-eeffc487__2515__47b2__ad08__a5d4f8d5e8f5-245555_2_P!d-2013129830!lTsoGy
2025-09-30 13:28:24,530 - urls_to_texts - ERROR - Error fetching document: Response ended prematurely
2025-09-30 13:28:24,530 - urls_to_texts - ERROR - Error fetching document 803821c0-0081-5cda-b2fe-78bc0e163226 from https://www.askvoll.kommune.no/api/presentation/v2/nye-innsyn/filer/v-d691afea__aaff__43de__a10d__c9d8e8907141-337900_1_A!d-2022049719!ODLMxM
2025-09-30 13:28:24,619 - urls_to_texts - ERROR - Error fetching document: Response ended prematurely
2025-09-30 13:28:24,619 - urls_to_texts - ERROR - Error fetching document 36e8f6c2-18cb-5476-ae72-8a8bf7ea62ef from https://kinn.kommune.no/api/presentation/v2/nye-innsyn/filer/v-e1a6ab11__6b4d__4733__bbeb__849aa26734de-1862875_2_A!d-2022177834!jCqLMX
2025-09-30 13:28:24,659 - urls_to_texts - INFO - GET [403]: https://prod02.elementscloud.no/publikum/Documents/ShowDmbHandlingDocument/e5b0d1f1-00c5-4eb0-a9f2-e3450eb803c9/1207/Protokoll 0.04 0
2025-09-30 13:28:24,660 - urls_to_texts - ERROR - 403 Client Error: Forbidden for url: https://prod02.elementscloud.no/publikum/Documents/ShowDmbHandlingDocument/e5b0d1f1-00c5-4eb0-a9f2-e3450eb803c9/1207/Protokoll
2025-09-30 13:28:24,660 - urls_to_texts - WARNING - No document fetched from https://prod02.elementscloud.no/publikum/Documents/ShowDmbHandlingDocument/e5b0d1f1-00c5-4eb0-a9f2-e3450eb803c9/1207/Protokoll.
2025-09-30 13:28:24,702 - urls_to_texts - INFO - GET [403]: https://prod02.elementscloud.no/publikum/Documents/ShowMeetingDocument/7db3a691-f482-4720-b101-c3a44cb31481/156/MI/608 0.04 0
2025-09-30 13:28:24,702 - urls_to_texts - ERROR - 403 Client Error: Forbidden for url: https://prod02.elementscloud.no/publikum/Documents/ShowMeetingDocument/7db3a691-f482-4720-b101-c3a44cb31481/156/MI/608
2025-09-30 13:28:24,702 - urls_to_texts - WARNING - No document fetched from https://prod02.elementscloud.no/publikum/Documents/ShowMeetingDocument/7db3a691-f482-4720-b101-c3a44cb31481/156/MI/608.
2025-09-30 13:28:25,046 - urls_to_texts - INFO - GET [200]: https://bjornafjorden.kommune.no/api/presentation/v2/nye-innsyn/filer/v-cc3ede69__97b5__48c8__9b5b__94ea04175932-2400220_1_A!d-2021450918!xoHRGP 0.15 46
2025-09-30 13:28:25,052 - urls_to_texts - INFO - Unsupported file extension: .html
2025-09-30 13:28:25,052 - urls_to_texts - WARNING - No text extracted from document at https://bjornafjorden.kommune.no/api/presentation/v2/nye-innsyn/filer/v-cc3ede69__97b5__48c8__9b5b__94ea04175932-2400220_1_A!d-2021450918!xoHRGP.
2025-09-30 13:28:25,092 - urls_to_texts - INFO - GET [403]: https://prod01.elementscloud.no/publikum/Documents/ShowDmbHandlingDocument/5ac72eb8-cac7-496a-b9ef-fc393c80a79a/4623/CasesFremlegg 0.04 0
2025-09-30 13:28:25,092 - urls_to_texts - ERROR - 403 Client Error: Forbidden for url: https://prod01.elementscloud.no/publikum/Documents/ShowDmbHandlingDocument/5ac72eb8-cac7-496a-b9ef-fc393c80a79a/4623/CasesFremlegg
2025-09-30 13:28:25,092 - urls_to_texts - WARNING - No document fetched from https://prod01.elementscloud.no/publikum/Documents/ShowDmbHandlingDocument/5ac72eb8-cac7-496a-b9ef-fc393c80a79a/4623/CasesFremlegg.
2025-09-30 13:28:25,133 - urls_to_texts - INFO - GET [403]: https://prod02.elementscloud.no/publikum/Documents/ShowDmbHandlingDocument/f041b74e-b1e6-4615-987e-387f63721a2e/1199/Protokoll 0.04 0
2025-09-30 13:28:25,134 - urls_to_texts - ERROR - 403 Client Error: Forbidden for url: https://prod02.elementscloud.no/publikum/Documents/ShowDmbHandlingDocument/f041b74e-b1e6-4615-987e-387f63721a2e/1199/Protokoll
2025-09-30 13:28:25,134 - urls_to_texts - WARNING - No document fetched from https://prod02.elementscloud.no/publikum/Documents/ShowDmbHandlingDocument/f041b74e-b1e6-4615-987e-387f63721a2e/1199/Protokoll.
2025-09-30 13:28:25,174 - urls_to_texts - INFO - GET [403]: https://prod02.elementscloud.no/publikum/Documents/ShowDmbHandlingDocument/76dc8fa9-13be-48a4-b5a8-5168c5a1e3f6/411/CasesFremlegg 0.04 0
2025-09-30 13:28:25,174 - urls_to_texts - ERROR - 403 Client Error: Forbidden for url: https://prod02.elementscloud.no/publikum/Documents/ShowDmbHandlingDocument/76dc8fa9-13be-48a4-b5a8-5168c5a1e3f6/411/CasesFremlegg
2025-09-30 13:28:25,175 - urls_to_texts - WARNING - No document fetched from https://prod02.elementscloud.no/publikum/Documents/ShowDmbHandlingDocument/76dc8fa9-13be-48a4-b5a8-5168c5a1e3f6/411/CasesFremlegg.
2025-09-30 13:28:25,218 - urls_to_texts - INFO - GET [403]: https://prod01.elementscloud.no/publikum/Documents/ShowMeetingDocument/3babd1aa-82df-406b-8a71-390619586974/463/MI/2092 0.04 0
2025-09-30 13:28:25,218 - urls_to_texts - ERROR - 403 Client Error: Forbidden for url: https://prod01.elementscloud.no/publikum/Documents/ShowMeetingDocument/3babd1aa-82df-406b-8a71-390619586974/463/MI/2092
2025-09-30 13:28:25,219 - urls_to_texts - WARNING - No document fetched from https://prod01.elementscloud.no/publikum/Documents/ShowMeetingDocument/3babd1aa-82df-406b-8a71-390619586974/463/MI/2092.
2025-09-30 13:28:25,261 - urls_to_texts - INFO - GET [403]: https://prod02.elementscloud.no/publikum/Documents/ShowDmbHandlingDocument/eff08746-5cb4-4d88-aaf4-4bf6cd496e88/3941/CasesFremlegg 0.04 0
2025-09-30 13:28:25,261 - urls_to_texts - ERROR - 403 Client Error: Forbidden for url: https://prod02.elementscloud.no/publikum/Documents/ShowDmbHandlingDocument/eff08746-5cb4-4d88-aaf4-4bf6cd496e88/3941/CasesFremlegg
2025-09-30 13:28:25,261 - urls_to_texts - WARNING - No document fetched from https://prod02.elementscloud.no/publikum/Documents/ShowDmbHandlingDocument/eff08746-5cb4-4d88-aaf4-4bf6cd496e88/3941/CasesFremlegg.
2025-09-30 13:28:25,515 - urls_to_texts - ERROR - Error fetching document: Response ended prematurely
2025-09-30 13:28:25,515 - urls_to_texts - ERROR - Error fetching document 14e1d78e-6949-558d-89c6-4ba484414056 from https://innsynpluss.onacos.no/api/presentation/v2/nye-innsyn/filer/v-e52fa2fa__a617__4ce7__b4a3__788287e64f0b-72978_2_A!d-1100039431!dmck8D
2025-09-30 13:28:25,556 - urls_to_texts - INFO - GET [403]: https://prod01.elementscloud.no/publikum/Documents/ShowDmbHandlingDocument/5ac72eb8-cac7-496a-b9ef-fc393c80a79a/4562/CasesFremlegg 0.04 0
2025-09-30 13:28:25,556 - urls_to_texts - ERROR - 403 Client Error: Forbidden for url: https://prod01.elementscloud.no/publikum/Documents/ShowDmbHandlingDocument/5ac72eb8-cac7-496a-b9ef-fc393c80a79a/4562/CasesFremlegg
2025-09-30 13:28:25,556 - urls_to_texts - WARNING - No document fetched from https://prod01.elementscloud.no/publikum/Documents/ShowDmbHandlingDocument/5ac72eb8-cac7-496a-b9ef-fc393c80a79a/4562/CasesFremlegg.
2025-09-30 13:28:25,597 - urls_to_texts - INFO - GET [403]: https://prod02.elementscloud.no/publikum/Documents/ShowDmbHandlingDocument/2a1bb891-5516-42d4-a811-e6b86a7862b3/1162/CasesFremlegg 0.04 0
2025-09-30 13:28:25,598 - urls_to_texts - ERROR - 403 Client Error: Forbidden for url: https://prod02.elementscloud.no/publikum/Documents/ShowDmbHandlingDocument/2a1bb891-5516-42d4-a811-e6b86a7862b3/1162/CasesFremlegg
2025-09-30 13:28:25,598 - urls_to_texts - WARNING - No document fetched from https://prod02.elementscloud.no/publikum/Documents/ShowDmbHandlingDocument/2a1bb891-5516-42d4-a811-e6b86a7862b3/1162/CasesFremlegg.
2025-09-30 13:28:25,647 - urls_to_texts - INFO - GET [403]: https://prod02.elementscloud.no/publikum/Documents/ShowDmbHandlingDocument/7db3a691-f482-4720-b101-c3a44cb31481/2514/Protokoll 0.05 0
2025-09-30 13:28:25,647 - urls_to_texts - ERROR - 403 Client Error: Forbidden for url: https://prod02.elementscloud.no/publikum/Documents/ShowDmbHandlingDocument/7db3a691-f482-4720-b101-c3a44cb31481/2514/Protokoll
2025-09-30 13:28:25,647 - urls_to_texts - WARNING - No document fetched from https://prod02.elementscloud.no/publikum/Documents/ShowDmbHandlingDocument/7db3a691-f482-4720-b101-c3a44cb31481/2514/Protokoll.
2025-09-30 13:28:25,973 - urls_to_texts - ERROR - Error fetching document: Response ended prematurely
2025-09-30 13:28:25,973 - urls_to_texts - ERROR - Error fetching document d0d2787c-83d6-5664-b428-8a60f58c734c from https://innsynpluss.onacos.no/api/presentation/v2/nye-innsyn/filer/v-b27cb650__363a__4a8b__acee__9e6cafa23ca2-84814_2_P!d-1100046712!syr05X
2025-09-30 13:28:26,368 - urls_to_texts - INFO - GET [200]: https://laerdal.kommune.no/api/presentation/v2/nye-innsyn/filer/v-f63e1f7f__0e35__4b7d__a71a__b9b0275d02d1-251665_3_P!d-2022029678!HZgKRv 0.17 44
2025-09-30 13:28:26,374 - urls_to_texts - INFO - Unsupported file extension: .html
2025-09-30 13:28:26,374 - urls_to_texts - WARNING - No text extracted from document at https://laerdal.kommune.no/api/presentation/v2/nye-innsyn/filer/v-f63e1f7f__0e35__4b7d__a71a__b9b0275d02d1-251665_3_P!d-2022029678!HZgKRv.
2025-09-30 13:28:26,416 - urls_to_texts - INFO - GET [403]: https://prod01.elementscloud.no/publikum/Documents/ShowDmbHandlingDocument/5ac72eb8-cac7-496a-b9ef-fc393c80a79a/4734/Protokoll 0.04 0
2025-09-30 13:28:26,417 - urls_to_texts - ERROR - 403 Client Error: Forbidden for url: https://prod01.elementscloud.no/publikum/Documents/ShowDmbHandlingDocument/5ac72eb8-cac7-496a-b9ef-fc393c80a79a/4734/Protokoll
2025-09-30 13:28:26,417 - urls_to_texts - WARNING - No document fetched from https://prod01.elementscloud.no/publikum/Documents/ShowDmbHandlingDocument/5ac72eb8-cac7-496a-b9ef-fc393c80a79a/4734/Protokoll.
2025-09-30 13:28:26,920 - urls_to_texts - INFO - GET [200]: https://bjornafjorden.kommune.no/api/presentation/v2/nye-innsyn/filer/v-cc3ede69__97b5__48c8__9b5b__94ea04175932-2456592_1_A!d-2021479776!CGjybQ?pid=1 0.46 241
2025-09-30 13:28:27,650 - urls_to_texts - INFO - Processed 33/44118 documents (skipped: 270)
2025-09-30 13:28:27,799 - urls_to_texts - ERROR - Error fetching document: Response ended prematurely
2025-09-30 13:28:27,799 - urls_to_texts - ERROR - Error fetching document 15b3e4f8-d42b-5430-a16a-357495e275ee from https://innsynpluss.onacos.no/api/presentation/v2/nye-innsyn/filer/v-10785b61__f1ba__405d__8af8__b65017f85ea0-341494_1_P!d-1100216697!Uu8o5Q
2025-09-30 13:28:27,868 - urls_to_texts - ERROR - Error fetching document: Response ended prematurely
2025-09-30 13:28:27,869 - urls_to_texts - ERROR - Error fetching document b5b08bd5-f60f-5dcf-ab10-3fd0f3f597e7 from https://bremanger.kommune.no/api/presentation/v2/nye-innsyn/filer/v-0baea8f5__defa__4603__b396__17b5d409cf0e-1552203_2_A!d-2022050918!oR6MEG
2025-09-30 13:28:27,938 - urls_to_texts - ERROR - Error fetching document: Response ended prematurely
2025-09-30 13:28:27,938 - urls_to_texts - ERROR - Error fetching document 3c155fc3-d62d-5efc-940c-c51bbdf4952c from https://www.oksnes.kommune.no/api/presentation/v2/nye-innsyn/filer/v-d8cad916__46db__494b__a3e7__5241057da539-62999_2_A!d-1100026774!v5Sc7t
2025-09-30 13:28:28,008 - urls_to_texts - ERROR - Error fetching document: Response ended prematurely
2025-09-30 13:28:28,009 - urls_to_texts - ERROR - Error fetching document e89c874b-cbaa-5c9b-b3cb-1c435251b5f9 from https://sunnfjord.kommune.no/api/presentation/v2/nye-innsyn/filer/v-aba08a8e__580c__4b67__bc21__70eed223f3db-2019077_2_A!d-2022240795!wV8jhC
2025-09-30 13:28:28,083 - urls_to_texts - ERROR - Error fetching document: Response ended prematurely
2025-09-30 13:28:28,083 - urls_to_texts - ERROR - Error fetching document 9091f15b-8eeb-5196-a047-7f2181ba374f from https://stryn.kommune.no/api/presentation/v2/nye-innsyn/filer/v-f3f0e6ef__50a2__4329__8558__fe6057bcc9dc-1677124_12_A!d-2022073671!b3vleh
2025-09-30 13:28:28,149 - urls_to_texts - ERROR - Error fetching document: Response ended prematurely
2025-09-30 13:28:28,149 - urls_to_texts - ERROR - Error fetching document 73adc231-abeb-5e21-97bb-dc9390829509 from https://sunnfjord.kommune.no/api/presentation/v2/nye-innsyn/filer/v-aba08a8e__580c__4b67__bc21__70eed223f3db-2036612_8_A!d-2022249014!CBddND
2025-09-30 13:28:28,190 - urls_to_texts - INFO - GET [403]: https://prod01.elementscloud.no/publikum/Documents/ShowDmbHandlingDocument/8d21b1e6-6a6c-419d-87c5-2b551cb056f6/4390/Protokoll 0.04 0
2025-09-30 13:28:28,190 - urls_to_texts - ERROR - 403 Client Error: Forbidden for url: https://prod01.elementscloud.no/publikum/Documents/ShowDmbHandlingDocument/8d21b1e6-6a6c-419d-87c5-2b551cb056f6/4390/Protokoll
2025-09-30 13:28:28,190 - urls_to_texts - WARNING - No document fetched from https://prod01.elementscloud.no/publikum/Documents/ShowDmbHandlingDocument/8d21b1e6-6a6c-419d-87c5-2b551cb056f6/4390/Protokoll.
2025-09-30 13:28:28,264 - urls_to_texts - ERROR - Error fetching document: Response ended prematurely
2025-09-30 13:28:28,264 - urls_to_texts - ERROR - Error fetching document d72f9758-d4da-5d05-ba4b-8945ecb58ff1 from https://sunnfjord.kommune.no/api/presentation/v2/nye-innsyn/filer/v-aba08a8e__580c__4b67__bc21__70eed223f3db-2064908_2_A!d-2022265498!TCVL4O
2025-09-30 13:28:28,418 - urls_to_texts - INFO - GET [200]: https://innsyn.onacos.no/oygarden/mote/wfdocument.ashx?journalpostid=2022555346&dokid=2685177&versjon=1&variant=A& 0.07 631
2025-09-30 13:28:28,450 - urls_to_texts - INFO - Processed 34/44118 documents (skipped: 273)
2025-09-30 13:28:28,855 - urls_to_texts - INFO - GET [200]: https://www.ardal.kommune.no/api/presentation/v2/nye-innsyn/filer/v-1e069db9__ef6b__4b2b__9616__406836b162cc-464660_4_P!d-2022057046!zuk5LA 0.19 45
2025-09-30 13:28:28,862 - urls_to_texts - INFO - Unsupported file extension: .html
2025-09-30 13:28:28,862 - urls_to_texts - WARNING - No text extracted from document at https://www.ardal.kommune.no/api/presentation/v2/nye-innsyn/filer/v-1e069db9__ef6b__4b2b__9616__406836b162cc-464660_4_P!d-2022057046!zuk5LA.
2025-09-30 13:28:28,908 - urls_to_texts - INFO - GET [403]: https://prod02.elementscloud.no/publikum/Documents/ShowDmbHandlingDocument/2d8f53e3-3226-477a-8245-0622ae7edf5d/2009/Protokoll 0.05 0
2025-09-30 13:28:28,909 - urls_to_texts - ERROR - 403 Client Error: Forbidden for url: https://prod02.elementscloud.no/publikum/Documents/ShowDmbHandlingDocument/2d8f53e3-3226-477a-8245-0622ae7edf5d/2009/Protokoll
2025-09-30 13:28:28,909 - urls_to_texts - WARNING - No document fetched from https://prod02.elementscloud.no/publikum/Documents/ShowDmbHandlingDocument/2d8f53e3-3226-477a-8245-0622ae7edf5d/2009/Protokoll.
2025-09-30 13:28:28,956 - urls_to_texts - INFO - GET [403]: https://prod02.elementscloud.no/publikum/Documents/ShowDmbHandlingDocument/e5b0d1f1-00c5-4eb0-a9f2-e3450eb803c9/1644/CasesFremlegg 0.05 0
2025-09-30 13:28:28,956 - urls_to_texts - ERROR - 403 Client Error: Forbidden for url: https://prod02.elementscloud.no/publikum/Documents/ShowDmbHandlingDocument/e5b0d1f1-00c5-4eb0-a9f2-e3450eb803c9/1644/CasesFremlegg
2025-09-30 13:28:28,957 - urls_to_texts - WARNING - No document fetched from https://prod02.elementscloud.no/publikum/Documents/ShowDmbHandlingDocument/e5b0d1f1-00c5-4eb0-a9f2-e3450eb803c9/1644/CasesFremlegg.
2025-09-30 13:28:29,025 - urls_to_texts - ERROR - Error fetching document: Response ended prematurely
2025-09-30 13:28:29,025 - urls_to_texts - ERROR - Error fetching document e3d3935f-210b-5549-95d0-24827926216d from https://www.hyllestad.kommune.no/api/presentation/v2/nye-innsyn/filer/v-0689a22d__4138__4cb7__ad39__fe9db3885dee-215325_1_A!d-2022029391!jjzmtA
2025-09-30 13:28:29,100 - urls_to_texts - ERROR - Error fetching document: Response ended prematurely
2025-09-30 13:28:29,101 - urls_to_texts - ERROR - Error fetching document 872e94ea-5e21-5cfe-a14b-75c0eccceff3 from https://www.hyllestad.kommune.no/api/presentation/v2/nye-innsyn/filer/v-0689a22d__4138__4cb7__ad39__fe9db3885dee-216062_1_A!d-2022029662!nXPGlw
2025-09-30 13:28:29,265 - urls_to_texts - ERROR - Error fetching document: Response ended prematurely
2025-09-30 13:28:29,265 - urls_to_texts - ERROR - Error fetching document 0e6ac2b1-c0fa-5abf-b62c-77aef8ce226b from https://www.luster.kommune.no/api/presentation/v2/nye-innsyn/filer/v-721139d1__230b__45c0__9cf1__92f0ef921828-139950_2_A!d-1100080071!nq5BTh
2025-09-30 13:28:29,306 - urls_to_texts - INFO - GET [403]: https://prod02.elementscloud.no/publikum/Documents/ShowDmbHandlingDocument/89d4d1c3-cc0e-4497-9af5-bac975eb55e1/1308/CasesFremlegg 0.04 0
2025-09-30 13:28:29,307 - urls_to_texts - ERROR - 403 Client Error: Forbidden for url: https://prod02.elementscloud.no/publikum/Documents/ShowDmbHandlingDocument/89d4d1c3-cc0e-4497-9af5-bac975eb55e1/1308/CasesFremlegg
2025-09-30 13:28:29,307 - urls_to_texts - WARNING - No document fetched from https://prod02.elementscloud.no/publikum/Documents/ShowDmbHandlingDocument/89d4d1c3-cc0e-4497-9af5-bac975eb55e1/1308/CasesFremlegg.
2025-09-30 13:28:29,356 - urls_to_texts - INFO - GET [403]: https://prod02.elementscloud.no/publikum/Documents/ShowDmbHandlingDocument/eff08746-5cb4-4d88-aaf4-4bf6cd496e88/3088/Protokoll 0.05 0
2025-09-30 13:28:29,356 - urls_to_texts - ERROR - 403 Client Error: Forbidden for url: https://prod02.elementscloud.no/publikum/Documents/ShowDmbHandlingDocument/eff08746-5cb4-4d88-aaf4-4bf6cd496e88/3088/Protokoll
2025-09-30 13:28:29,357 - urls_to_texts - WARNING - No document fetched from https://prod02.elementscloud.no/publikum/Documents/ShowDmbHandlingDocument/eff08746-5cb4-4d88-aaf4-4bf6cd496e88/3088/Protokoll.
2025-09-30 13:28:29,441 - urls_to_texts - ERROR - Error fetching document: Response ended prematurely
2025-09-30 13:28:29,441 - urls_to_texts - ERROR - Error fetching document daebaacf-e811-5ad2-8dc3-aefa7ead55df from https://voss.herad.no/api/presentation/v2/nye-innsyn/filer/v-b1707b4a__7a25__41f1__939c__a9a8523356cf-238650_1_A!d-1100118421!wREbMO
2025-09-30 13:28:29,820 - urls_to_texts - INFO - GET [200]: https://www.ardal.kommune.no/api/presentation/v2/nye-innsyn/filer/v-1e069db9__ef6b__4b2b__9616__406836b162cc-456745_1_A!d-2022052393!PVg4hR 0.16 44
2025-09-30 13:28:29,827 - urls_to_texts - INFO - Unsupported file extension: .html
2025-09-30 13:28:29,827 - urls_to_texts - WARNING - No text extracted from document at https://www.ardal.kommune.no/api/presentation/v2/nye-innsyn/filer/v-1e069db9__ef6b__4b2b__9616__406836b162cc-456745_1_A!d-2022052393!PVg4hR.
2025-09-30 13:28:30,237 - urls_to_texts - INFO - GET [200]: https://bergen.kommune.no/politikere-utvalg/api/fil/bk360/12849321/Protokoll-utvalg-for-helse-og-sosial-11-06-2025 0.27 64
2025-09-30 13:28:30,335 - urls_to_texts - INFO - Processed 35/44118 documents (skipped: 275)
2025-09-30 13:28:30,406 - urls_to_texts - ERROR - Error fetching document: Response ended prematurely
2025-09-30 13:28:30,406 - urls_to_texts - ERROR - Error fetching document cfd58c86-1fd6-53bc-82b4-75f4e86a2653 from https://gloppen.kommune.no/api/presentation/v2/nye-innsyn/filer/v-dd4f3791__13e5__44ce__8656__c0623ce17d55-1605228_3_A!d-2022063590!meRCCf
2025-09-30 13:28:30,450 - urls_to_texts - INFO - GET [403]: https://prod01.elementscloud.no/publikum/Documents/ShowDmbHandlingDocument/0f947f6b-b1b0-4470-840e-4226ef3244af/9152/CasesFremlegg 0.04 0
2025-09-30 13:28:30,450 - urls_to_texts - ERROR - 403 Client Error: Forbidden for url: https://prod01.elementscloud.no/publikum/Documents/ShowDmbHandlingDocument/0f947f6b-b1b0-4470-840e-4226ef3244af/9152/CasesFremlegg
2025-09-30 13:28:30,451 - urls_to_texts - WARNING - No document fetched from https://prod01.elementscloud.no/publikum/Documents/ShowDmbHandlingDocument/0f947f6b-b1b0-4470-840e-4226ef3244af/9152/CasesFremlegg.
2025-09-30 13:28:31,018 - urls_to_texts - ERROR - Error fetching document: Response ended prematurely
2025-09-30 13:28:31,019 - urls_to_texts - ERROR - Error fetching document d7c8ceb4-259c-5a3c-8612-4005b4d8efde from https://innsynpluss.onacos.no/api/presentation/v2/nye-innsyn/filer/v-f75e6c12__234c__46f2__ba9a__a06c1d8a0442-79905_17_P!d-1100046800!1wjQkP
2025-09-30 13:28:31,092 - urls_to_texts - ERROR - Error fetching document: Response ended prematurely
2025-09-30 13:28:31,093 - urls_to_texts - ERROR - Error fetching document f367a31c-0140-5fcf-a34a-92befb2f74e3 from https://voss.herad.no/api/presentation/v2/nye-innsyn/filer/v-b1707b4a__7a25__41f1__939c__a9a8523356cf-252725_9_P!d-1100123755!ou5cUO
2025-09-30 13:28:31,167 - urls_to_texts - ERROR - Error fetching document: Response ended prematurely
2025-09-30 13:28:31,168 - urls_to_texts - ERROR - Error fetching document 900cb852-525a-5511-96a7-a49e79d3d3af from https://gloppen.kommune.no/api/presentation/v2/nye-innsyn/filer/v-dd4f3791__13e5__44ce__8656__c0623ce17d55-1628514_2_A!d-2022075990!XSzQWD
2025-09-30 13:28:31,574 - urls_to_texts - INFO - GET [200]: https://bjornafjorden.kommune.no/api/presentation/v2/nye-innsyn/filer/v-cc3ede69__97b5__48c8__9b5b__94ea04175932-2185461_1_A!d-2021336478!BmNW8P 0.13 46
2025-09-30 13:28:31,581 - urls_to_texts - INFO - Unsupported file extension: .html
2025-09-30 13:28:31,581 - urls_to_texts - WARNING - No text extracted from document at https://bjornafjorden.kommune.no/api/presentation/v2/nye-innsyn/filer/v-cc3ede69__97b5__48c8__9b5b__94ea04175932-2185461_1_A!d-2021336478!BmNW8P.
2025-09-30 13:28:31,768 - urls_to_texts - ERROR - Error fetching document: Response ended prematurely
2025-09-30 13:28:31,768 - urls_to_texts - ERROR - Error fetching document 09657ce8-0b86-560c-ada9-b3f88a119fcb from https://innsynpluss.onacos.no/api/presentation/v2/nye-innsyn/filer/v-9a1e9dfc__3f01__4df5__a599__d213d4fbfca2-87531_1_A!d-1000042759!GzaLYZ
2025-09-30 13:28:31,835 - urls_to_texts - ERROR - Error fetching document: Response ended prematurely
2025-09-30 13:28:31,835 - urls_to_texts - ERROR - Error fetching document 1b8efbdf-f7ad-5cb2-8561-4810d565b495 from https://www.oksnes.kommune.no/api/presentation/v2/nye-innsyn/filer/v-d8cad916__46db__494b__a3e7__5241057da539-64306_1_P!d-1100027372!4TQsMM
2025-09-30 13:28:31,907 - urls_to_texts - ERROR - Error fetching document: Response ended prematurely
2025-09-30 13:28:31,907 - urls_to_texts - ERROR - Error fetching document 982b2688-95df-5e98-ac54-3502f218a955 from https://kinn.kommune.no/api/presentation/v2/nye-innsyn/filer/v-e1a6ab11__6b4d__4733__bbeb__849aa26734de-1897605_1_A!d-2022195000!LHSoiW
2025-09-30 13:28:32,126 - urls_to_texts - INFO - GET [200]: https://www.eidfjord.kommune.no//innsyn/moteoversikt/#/details/m-e7a24bb1__f486__46d9__ada4__35680a127e2c-68!dTfj2z 0.22 41
2025-09-30 13:28:32,130 - urls_to_texts - INFO - Unsupported file extension: 
2025-09-30 13:28:32,130 - urls_to_texts - WARNING - No text extracted from document at https://www.eidfjord.kommune.no//innsyn/moteoversikt/#/details/m-e7a24bb1__f486__46d9__ada4__35680a127e2c-68!dTfj2z.
2025-09-30 13:28:32,202 - urls_to_texts - ERROR - Error fetching document: Response ended prematurely
2025-09-30 13:28:32,203 - urls_to_texts - ERROR - Error fetching document 328f5131-1aa9-52b5-a3ff-cc0039ef54f2 from https://www.askvoll.kommune.no/api/presentation/v2/nye-innsyn/filer/v-d691afea__aaff__43de__a10d__c9d8e8907141-342658_3_A!d-2022052002!McpsfF
2025-09-30 13:28:32,274 - urls_to_texts - ERROR - Error fetching document: Response ended prematurely
2025-09-30 13:28:32,275 - urls_to_texts - ERROR - Error fetching document 9b94617d-5bda-58fa-8364-64de9cb51c85 from https://voss.herad.no/api/presentation/v2/nye-innsyn/filer/v-b1707b4a__7a25__41f1__939c__a9a8523356cf-255692_2_A!d-1100125200!UuZkYK
2025-09-30 13:28:32,319 - urls_to_texts - INFO - GET [403]: https://prod02.elementscloud.no/publikum/Documents/ShowDmbHandlingDocument/eff08746-5cb4-4d88-aaf4-4bf6cd496e88/2881/Protokoll 0.04 0
2025-09-30 13:28:32,319 - urls_to_texts - ERROR - 403 Client Error: Forbidden for url: https://prod02.elementscloud.no/publikum/Documents/ShowDmbHandlingDocument/eff08746-5cb4-4d88-aaf4-4bf6cd496e88/2881/Protokoll
2025-09-30 13:28:32,319 - urls_to_texts - WARNING - No document fetched from https://prod02.elementscloud.no/publikum/Documents/ShowDmbHandlingDocument/eff08746-5cb4-4d88-aaf4-4bf6cd496e88/2881/Protokoll.
2025-09-30 13:28:32,368 - urls_to_texts - INFO - GET [403]: https://prod02.elementscloud.no/publikum/Documents/ShowDmbHandlingDocument/b0d5f453-caf0-475d-b3bc-9f9114471c37/1922/Protokoll 0.05 0
2025-09-30 13:28:32,368 - urls_to_texts - ERROR - 403 Client Error: Forbidden for url: https://prod02.elementscloud.no/publikum/Documents/ShowDmbHandlingDocument/b0d5f453-caf0-475d-b3bc-9f9114471c37/1922/Protokoll
2025-09-30 13:28:32,368 - urls_to_texts - WARNING - No document fetched from https://prod02.elementscloud.no/publikum/Documents/ShowDmbHandlingDocument/b0d5f453-caf0-475d-b3bc-9f9114471c37/1922/Protokoll.
2025-09-30 13:28:32,416 - urls_to_texts - INFO - GET [403]: https://prod02.elementscloud.no/publikum/Documents/ShowDmbHandlingDocument/b0d5f453-caf0-475d-b3bc-9f9114471c37/2023/CasesFremlegg 0.05 0
2025-09-30 13:28:32,416 - urls_to_texts - ERROR - 403 Client Error: Forbidden for url: https://prod02.elementscloud.no/publikum/Documents/ShowDmbHandlingDocument/b0d5f453-caf0-475d-b3bc-9f9114471c37/2023/CasesFremlegg
2025-09-30 13:28:32,417 - urls_to_texts - WARNING - No document fetched from https://prod02.elementscloud.no/publikum/Documents/ShowDmbHandlingDocument/b0d5f453-caf0-475d-b3bc-9f9114471c37/2023/CasesFremlegg.
2025-09-30 13:28:32,715 - urls_to_texts - ERROR - Error fetching document: Response ended prematurely
2025-09-30 13:28:32,715 - urls_to_texts - ERROR - Error fetching document 5e40947d-8a00-5809-bb02-33bd412075d2 from https://innsynpluss.onacos.no/api/presentation/v2/nye-innsyn/filer/v-e52fa2fa__a617__4ce7__b4a3__788287e64f0b-85633_1_A!d-1100047063!zkt7v7
2025-09-30 13:28:32,760 - urls_to_texts - INFO - GET [403]: https://prod01.elementscloud.no/publikum/Documents/ShowDmbHandlingDocument/8d21b1e6-6a6c-419d-87c5-2b551cb056f6/4975/Protokoll 0.04 0
2025-09-30 13:28:32,761 - urls_to_texts - ERROR - 403 Client Error: Forbidden for url: https://prod01.elementscloud.no/publikum/Documents/ShowDmbHandlingDocument/8d21b1e6-6a6c-419d-87c5-2b551cb056f6/4975/Protokoll
2025-09-30 13:28:32,761 - urls_to_texts - WARNING - No document fetched from https://prod01.elementscloud.no/publikum/Documents/ShowDmbHandlingDocument/8d21b1e6-6a6c-419d-87c5-2b551cb056f6/4975/Protokoll.
2025-09-30 13:28:33,091 - urls_to_texts - ERROR - Error fetching document: Response ended prematurely
2025-09-30 13:28:33,091 - urls_to_texts - ERROR - Error fetching document d1ddc40b-777a-5617-9493-d2e22623e76c from https://innsynpluss.onacos.no/api/presentation/v2/nye-innsyn/filer/v-10785b61__f1ba__405d__8af8__b65017f85ea0-308745_22_A!d-1100202069!Gprc3A
2025-09-30 13:28:33,285 - urls_to_texts - ERROR - Error fetching document: Response ended prematurely
2025-09-30 13:28:33,285 - urls_to_texts - ERROR - Error fetching document a26aab0b-223d-5652-a0f9-c7392ace355a from https://innsynpluss.onacos.no/api/presentation/v2/nye-innsyn/filer/v-b27cb650__363a__4a8b__acee__9e6cafa23ca2-86072_2_A!d-1100047378!XlEKS4
2025-09-30 13:28:33,646 - urls_to_texts - INFO - GET [200]: https://laerdal.kommune.no/api/presentation/v2/nye-innsyn/filer/v-f63e1f7f__0e35__4b7d__a71a__b9b0275d02d1-247061_8_P!d-2022027704!9TZe5H 0.13 44
2025-09-30 13:28:33,653 - urls_to_texts - INFO - Unsupported file extension: .html
2025-09-30 13:28:33,653 - urls_to_texts - WARNING - No text extracted from document at https://laerdal.kommune.no/api/presentation/v2/nye-innsyn/filer/v-f63e1f7f__0e35__4b7d__a71a__b9b0275d02d1-247061_8_P!d-2022027704!9TZe5H.
2025-09-30 13:28:33,705 - urls_to_texts - INFO - GET [403]: https://prod02.elementscloud.no/publikum/Documents/ShowDmbHandlingDocument/76dc8fa9-13be-48a4-b5a8-5168c5a1e3f6/730/Protokoll 0.05 0
2025-09-30 13:28:33,705 - urls_to_texts - ERROR - 403 Client Error: Forbidden for url: https://prod02.elementscloud.no/publikum/Documents/ShowDmbHandlingDocument/76dc8fa9-13be-48a4-b5a8-5168c5a1e3f6/730/Protokoll
2025-09-30 13:28:33,705 - urls_to_texts - WARNING - No document fetched from https://prod02.elementscloud.no/publikum/Documents/ShowDmbHandlingDocument/76dc8fa9-13be-48a4-b5a8-5168c5a1e3f6/730/Protokoll.
2025-09-30 13:28:33,887 - urls_to_texts - ERROR - Error fetching document: Response ended prematurely
2025-09-30 13:28:33,887 - urls_to_texts - ERROR - Error fetching document c861bbc1-4b8e-509f-8bda-51601bd9f398 from https://innsynpluss.onacos.no/api/presentation/v2/nye-innsyn/filer/v-eeffc487__2515__47b2__ad08__a5d4f8d5e8f5-228902_2_A!d-2013121388!wTCv5x
2025-09-30 13:28:33,932 - urls_to_texts - INFO - GET [403]: https://prod02.elementscloud.no/publikum/Documents/ShowDmbHandlingDocument/7db3a691-f482-4720-b101-c3a44cb31481/2943/CasesFremlegg 0.04 0
2025-09-30 13:28:33,933 - urls_to_texts - ERROR - 403 Client Error: Forbidden for url: https://prod02.elementscloud.no/publikum/Documents/ShowDmbHandlingDocument/7db3a691-f482-4720-b101-c3a44cb31481/2943/CasesFremlegg
2025-09-30 13:28:33,933 - urls_to_texts - WARNING - No document fetched from https://prod02.elementscloud.no/publikum/Documents/ShowDmbHandlingDocument/7db3a691-f482-4720-b101-c3a44cb31481/2943/CasesFremlegg.
2025-09-30 13:28:33,977 - urls_to_texts - INFO - GET [403]: https://prod01.elementscloud.no/publikum/Documents/ShowMeetingDocument/a1811a10-8b69-4536-a305-d58a49ce3d91/279/MI/1373 0.04 0
2025-09-30 13:28:33,977 - urls_to_texts - ERROR - 403 Client Error: Forbidden for url: https://prod01.elementscloud.no/publikum/Documents/ShowMeetingDocument/a1811a10-8b69-4536-a305-d58a49ce3d91/279/MI/1373
2025-09-30 13:28:33,977 - urls_to_texts - WARNING - No document fetched from https://prod01.elementscloud.no/publikum/Documents/ShowMeetingDocument/a1811a10-8b69-4536-a305-d58a49ce3d91/279/MI/1373.
2025-09-30 13:28:34,045 - urls_to_texts - ERROR - Error fetching document: Response ended prematurely
2025-09-30 13:28:34,045 - urls_to_texts - ERROR - Error fetching document 46ffc826-ed06-5244-8062-457664dafc9f from https://www.askvoll.kommune.no/api/presentation/v2/nye-innsyn/filer/v-d691afea__aaff__43de__a10d__c9d8e8907141-343037_2_A!d-2022052189!q4CRDA
2025-09-30 13:28:34,126 - urls_to_texts - ERROR - Error fetching document: Response ended prematurely
2025-09-30 13:28:34,127 - urls_to_texts - ERROR - Error fetching document 558c71cd-ebb5-5fb8-b45d-6c30e3baafed from https://www.eidfjord.kommune.no/api/presentation/v2/nye-innsyn/filer/v-e7a24bb1__f486__46d9__ada4__35680a127e2c-21312_2_A!d-1100010335!sbOBi3
2025-09-30 13:28:34,402 - urls_to_texts - ERROR - Error fetching document: Response ended prematurely
2025-09-30 13:28:34,403 - urls_to_texts - ERROR - Error fetching document 9a155c54-ec63-5fd7-9f01-a05030998b98 from https://innsynpluss.onacos.no/api/presentation/v2/nye-innsyn/filer/v-b15978eb__8cc6__45a9__9564__1f28338ca3d7-595793_2_A!d-1100280226!IwWW4x
2025-09-30 13:28:34,585 - urls_to_texts - ERROR - Error fetching document: Response ended prematurely
2025-09-30 13:28:34,585 - urls_to_texts - ERROR - Error fetching document 00f53f98-8e8b-5f44-a8d4-77989c25aae8 from https://innsynpluss.onacos.no/api/presentation/v2/nye-innsyn/filer/v-b15978eb__8cc6__45a9__9564__1f28338ca3d7-654980_2_A!d-1100304446!VnoeaB
2025-09-30 13:28:34,657 - urls_to_texts - ERROR - Error fetching document: Response ended prematurely
2025-09-30 13:28:34,657 - urls_to_texts - ERROR - Error fetching document 9e4aeb2b-b98b-5c02-adca-b97b776ae287 from https://sunnfjord.kommune.no/api/presentation/v2/nye-innsyn/filer/v-aba08a8e__580c__4b67__bc21__70eed223f3db-2034512_1_A!d-2022248208!xLqXu2
2025-09-30 13:28:35,002 - urls_to_texts - ERROR - Error fetching document: Response ended prematurely
2025-09-30 13:28:35,003 - urls_to_texts - ERROR - Error fetching document e8562457-f3cc-524d-832a-5f8c9096138a from https://innsynpluss.onacos.no/api/presentation/v2/nye-innsyn/filer/v-10785b61__f1ba__405d__8af8__b65017f85ea0-341483_4_P!d-1100216713!xdXgPV
2025-09-30 13:28:35,048 - urls_to_texts - INFO - GET [403]: https://prod02.elementscloud.no/publikum/Documents/ShowDmbHandlingDocument/e5b0d1f1-00c5-4eb0-a9f2-e3450eb803c9/1193/CasesFremlegg 0.04 0
2025-09-30 13:28:35,048 - urls_to_texts - ERROR - 403 Client Error: Forbidden for url: https://prod02.elementscloud.no/publikum/Documents/ShowDmbHandlingDocument/e5b0d1f1-00c5-4eb0-a9f2-e3450eb803c9/1193/CasesFremlegg
2025-09-30 13:28:35,048 - urls_to_texts - WARNING - No document fetched from https://prod02.elementscloud.no/publikum/Documents/ShowDmbHandlingDocument/e5b0d1f1-00c5-4eb0-a9f2-e3450eb803c9/1193/CasesFremlegg.
2025-09-30 13:28:35,090 - urls_to_texts - INFO - GET [403]: https://prod02.elementscloud.no/publikum/Documents/ShowDmbHandlingDocument/b0d5f453-caf0-475d-b3bc-9f9114471c37/1699/Protokoll 0.04 0
2025-09-30 13:28:35,090 - urls_to_texts - ERROR - 403 Client Error: Forbidden for url: https://prod02.elementscloud.no/publikum/Documents/ShowDmbHandlingDocument/b0d5f453-caf0-475d-b3bc-9f9114471c37/1699/Protokoll
2025-09-30 13:28:35,091 - urls_to_texts - WARNING - No document fetched from https://prod02.elementscloud.no/publikum/Documents/ShowDmbHandlingDocument/b0d5f453-caf0-475d-b3bc-9f9114471c37/1699/Protokoll.
2025-09-30 13:28:35,578 - urls_to_texts - ERROR - Error fetching document: Response ended prematurely
2025-09-30 13:28:35,578 - urls_to_texts - ERROR - Error fetching document bc923bb0-6b15-5431-bae3-24c873784c6c from https://innsynpluss.onacos.no/api/presentation/v2/nye-innsyn/filer/v-b27cb650__363a__4a8b__acee__9e6cafa23ca2-97579_1_P!d-1100053017!VMGRwI
2025-09-30 13:28:35,645 - urls_to_texts - ERROR - Error fetching document: Response ended prematurely
2025-09-30 13:28:35,645 - urls_to_texts - ERROR - Error fetching document 2b350c9f-b404-5de1-8fa8-c4eaed137762 from https://sunnfjord.kommune.no/api/presentation/v2/nye-innsyn/filer/v-aba08a8e__580c__4b67__bc21__70eed223f3db-2060023_1_A!d-2022262776!m2Rh8F
2025-09-30 13:28:35,735 - urls_to_texts - INFO - GET [200]: https://innsyn.onacos.no/oygarden/mote/wfdocument.ashx?journalpostid=2022558192&dokid=2733619&versjon=1&variant=A& 0.07 52
2025-09-30 13:28:35,845 - urls_to_texts - INFO - Processed 36/44118 documents (skipped: 283)
2025-09-30 13:28:36,612 - urls_to_texts - INFO - GET [200]: https://innsyn.tromso.kommune.no/application/getMoteDokument?dokid=2002122276 0.71 119
2025-09-30 13:28:36,734 - urls_to_texts - INFO - Processed 37/44118 documents (skipped: 283)
2025-09-30 13:28:36,945 - urls_to_texts - ERROR - Error fetching document: Response ended prematurely
2025-09-30 13:28:36,946 - urls_to_texts - ERROR - Error fetching document a96d7944-ee96-59dd-a09e-e1c7ad450e6f from https://innsynpluss.onacos.no/api/presentation/v2/nye-innsyn/filer/v-b15978eb__8cc6__45a9__9564__1f28338ca3d7-789610_1_A!d-1100393754!itA8C9
2025-09-30 13:28:37,207 - urls_to_texts - ERROR - Error fetching document: Response ended prematurely
2025-09-30 13:28:37,207 - urls_to_texts - ERROR - Error fetching document e93d081a-6d3b-5756-b285-b9d23d637c78 from https://innsynpluss.onacos.no/api/presentation/v2/nye-innsyn/filer/v-9a1e9dfc__3f01__4df5__a599__d213d4fbfca2-82786_1_P!d-1000040608!a3ysAT
2025-09-30 13:28:37,277 - urls_to_texts - ERROR - Error fetching document: Response ended prematurely
2025-09-30 13:28:37,277 - urls_to_texts - ERROR - Error fetching document a3f61b3f-c4a1-5f97-9c42-638ec71ef921 from https://kinn.kommune.no/api/presentation/v2/nye-innsyn/filer/v-e1a6ab11__6b4d__4733__bbeb__849aa26734de-1960886_2_A!d-2022223583!30wbbT
2025-09-30 13:28:37,489 - urls_to_texts - ERROR - Error fetching document: Response ended prematurely
2025-09-30 13:28:37,490 - urls_to_texts - ERROR - Error fetching document 9a185a21-bcb1-5214-9f08-94be54f584b2 from https://innsynpluss.onacos.no/api/presentation/v2/nye-innsyn/filer/v-5aa3fc36__7e40__40ea__a576__ab19a6e397dc-48859_3_P!d-1100027130!frKMKW
2025-09-30 13:28:37,530 - urls_to_texts - INFO - GET [403]: https://prod01.elementscloud.no/publikum/Documents/ShowDmbHandlingDocument/3babd1aa-82df-406b-8a71-390619586974/7779/Protokoll 0.04 0
2025-09-30 13:28:37,531 - urls_to_texts - ERROR - 403 Client Error: Forbidden for url: https://prod01.elementscloud.no/publikum/Documents/ShowDmbHandlingDocument/3babd1aa-82df-406b-8a71-390619586974/7779/Protokoll
2025-09-30 13:28:37,531 - urls_to_texts - WARNING - No document fetched from https://prod01.elementscloud.no/publikum/Documents/ShowDmbHandlingDocument/3babd1aa-82df-406b-8a71-390619586974/7779/Protokoll.
2025-09-30 13:28:37,608 - urls_to_texts - ERROR - Error fetching document: Response ended prematurely
2025-09-30 13:28:37,608 - urls_to_texts - ERROR - Error fetching document 7cc38573-9648-531e-a8d1-d7875ca82d43 from https://stad.kommune.no/api/presentation/v2/nye-innsyn/filer/v-3dd15a26__96f4__4d7d__a998__45a817cb090e-1775392_1_A!d-2022164838!RTcitE
2025-09-30 13:28:37,677 - urls_to_texts - ERROR - Error fetching document: Response ended prematurely
2025-09-30 13:28:37,677 - urls_to_texts - ERROR - Error fetching document a3fe92cf-6434-5b03-8a10-2b31baed4364 from https://voss.herad.no/api/presentation/v2/nye-innsyn/filer/v-b1707b4a__7a25__41f1__939c__a9a8523356cf-236026_2_A!d-1100116977!cn8yuK
2025-09-30 13:28:37,753 - urls_to_texts - ERROR - Error fetching document: Response ended prematurely
2025-09-30 13:28:37,753 - urls_to_texts - ERROR - Error fetching document 02b20d5b-c703-52b2-8bd0-edaa1646a8bd from https://www.oksnes.kommune.no/api/presentation/v2/nye-innsyn/filer/v-d8cad916__46db__494b__a3e7__5241057da539-42334_13_P!d-1100019669!Bp8YbE
2025-09-30 13:28:37,804 - urls_to_texts - INFO - GET [403]: https://prod01.elementscloud.no/publikum/Documents/ShowDmbHandlingDocument/8d21b1e6-6a6c-419d-87c5-2b551cb056f6/5067/CasesFremlegg 0.05 0
2025-09-30 13:28:37,804 - urls_to_texts - ERROR - 403 Client Error: Forbidden for url: https://prod01.elementscloud.no/publikum/Documents/ShowDmbHandlingDocument/8d21b1e6-6a6c-419d-87c5-2b551cb056f6/5067/CasesFremlegg
2025-09-30 13:28:37,805 - urls_to_texts - WARNING - No document fetched from https://prod01.elementscloud.no/publikum/Documents/ShowDmbHandlingDocument/8d21b1e6-6a6c-419d-87c5-2b551cb056f6/5067/CasesFremlegg.
2025-09-30 13:28:37,850 - urls_to_texts - INFO - GET [403]: https://prod01.elementscloud.no/publikum/Documents/ShowDmbHandlingDocument/8d21b1e6-6a6c-419d-87c5-2b551cb056f6/5125/Protokoll 0.04 0
2025-09-30 13:28:37,850 - urls_to_texts - ERROR - 403 Client Error: Forbidden for url: https://prod01.elementscloud.no/publikum/Documents/ShowDmbHandlingDocument/8d21b1e6-6a6c-419d-87c5-2b551cb056f6/5125/Protokoll
2025-09-30 13:28:37,850 - urls_to_texts - WARNING - No document fetched from https://prod01.elementscloud.no/publikum/Documents/ShowDmbHandlingDocument/8d21b1e6-6a6c-419d-87c5-2b551cb056f6/5125/Protokoll.
2025-09-30 13:28:37,892 - urls_to_texts - INFO - GET [403]: https://prod02.elementscloud.no/publikum/Documents/ShowDmbHandlingDocument/eff08746-5cb4-4d88-aaf4-4bf6cd496e88/3866/Protokoll 0.04 0
2025-09-30 13:28:37,892 - urls_to_texts - ERROR - 403 Client Error: Forbidden for url: https://prod02.elementscloud.no/publikum/Documents/ShowDmbHandlingDocument/eff08746-5cb4-4d88-aaf4-4bf6cd496e88/3866/Protokoll
2025-09-30 13:28:37,893 - urls_to_texts - WARNING - No document fetched from https://prod02.elementscloud.no/publikum/Documents/ShowDmbHandlingDocument/eff08746-5cb4-4d88-aaf4-4bf6cd496e88/3866/Protokoll.
2025-09-30 13:28:38,238 - urls_to_texts - INFO - GET [200]: https://bjornafjorden.kommune.no/api/presentation/v2/nye-innsyn/filer/v-cc3ede69__97b5__48c8__9b5b__94ea04175932-2429308_1_A!d-2021468301!5EhVRC 0.15 46
2025-09-30 13:28:38,245 - urls_to_texts - INFO - Unsupported file extension: .html
2025-09-30 13:28:38,245 - urls_to_texts - WARNING - No text extracted from document at https://bjornafjorden.kommune.no/api/presentation/v2/nye-innsyn/filer/v-cc3ede69__97b5__48c8__9b5b__94ea04175932-2429308_1_A!d-2021468301!5EhVRC.
2025-09-30 13:28:38,289 - urls_to_texts - INFO - GET [403]: https://prod01.elementscloud.no/publikum/Documents/ShowDmbHandlingDocument/0f947f6b-b1b0-4470-840e-4226ef3244af/9756/Protokoll 0.04 0
2025-09-30 13:28:38,289 - urls_to_texts - ERROR - 403 Client Error: Forbidden for url: https://prod01.elementscloud.no/publikum/Documents/ShowDmbHandlingDocument/0f947f6b-b1b0-4470-840e-4226ef3244af/9756/Protokoll
2025-09-30 13:28:38,290 - urls_to_texts - WARNING - No document fetched from https://prod01.elementscloud.no/publikum/Documents/ShowDmbHandlingDocument/0f947f6b-b1b0-4470-840e-4226ef3244af/9756/Protokoll.
2025-09-30 13:28:38,330 - urls_to_texts - INFO - GET [403]: https://prod02.elementscloud.no/publikum/Documents/ShowDmbHandlingDocument/e5b0d1f1-00c5-4eb0-a9f2-e3450eb803c9/1414/CasesFremlegg 0.04 0
2025-09-30 13:28:38,330 - urls_to_texts - ERROR - 403 Client Error: Forbidden for url: https://prod02.elementscloud.no/publikum/Documents/ShowDmbHandlingDocument/e5b0d1f1-00c5-4eb0-a9f2-e3450eb803c9/1414/CasesFremlegg
2025-09-30 13:28:38,330 - urls_to_texts - WARNING - No document fetched from https://prod02.elementscloud.no/publikum/Documents/ShowDmbHandlingDocument/e5b0d1f1-00c5-4eb0-a9f2-e3450eb803c9/1414/CasesFremlegg.
2025-09-30 13:28:38,375 - urls_to_texts - INFO - GET [403]: https://prod02.elementscloud.no/publikum/Documents/ShowDmbHandlingDocument/f041b74e-b1e6-4615-987e-387f63721a2e/1352/CasesFremlegg 0.04 0
2025-09-30 13:28:38,375 - urls_to_texts - ERROR - 403 Client Error: Forbidden for url: https://prod02.elementscloud.no/publikum/Documents/ShowDmbHandlingDocument/f041b74e-b1e6-4615-987e-387f63721a2e/1352/CasesFremlegg
2025-09-30 13:28:38,375 - urls_to_texts - WARNING - No document fetched from https://prod02.elementscloud.no/publikum/Documents/ShowDmbHandlingDocument/f041b74e-b1e6-4615-987e-387f63721a2e/1352/CasesFremlegg.
2025-09-30 13:28:38,543 - urls_to_texts - ERROR - Error fetching document: Response ended prematurely
2025-09-30 13:28:38,544 - urls_to_texts - ERROR - Error fetching document 453a875c-b8e7-50fd-953c-cb2f9e062a3f from https://innsynpluss.onacos.no/api/presentation/v2/nye-innsyn/filer/v-10785b61__f1ba__405d__8af8__b65017f85ea0-266817_15_A!d-1100180410!c1Ak0R
2025-09-30 13:28:38,613 - urls_to_texts - ERROR - Error fetching document: Response ended prematurely
2025-09-30 13:28:38,614 - urls_to_texts - ERROR - Error fetching document 2f933397-a2e0-5c50-a767-739da24e3db2 from https://voss.herad.no/api/presentation/v2/nye-innsyn/filer/v-b1707b4a__7a25__41f1__939c__a9a8523356cf-225013_2_A!d-1100111406!cmyaki
2025-09-30 13:28:38,661 - urls_to_texts - INFO - GET [403]: https://prod01.elementscloud.no/publikum/Documents/ShowDmbHandlingDocument/2ff0b82d-4b3d-48b4-987a-ebeff927518a/4927/Protokoll 0.05 0
2025-09-30 13:28:38,661 - urls_to_texts - ERROR - 403 Client Error: Forbidden for url: https://prod01.elementscloud.no/publikum/Documents/ShowDmbHandlingDocument/2ff0b82d-4b3d-48b4-987a-ebeff927518a/4927/Protokoll
2025-09-30 13:28:38,661 - urls_to_texts - WARNING - No document fetched from https://prod01.elementscloud.no/publikum/Documents/ShowDmbHandlingDocument/2ff0b82d-4b3d-48b4-987a-ebeff927518a/4927/Protokoll.
2025-09-30 13:28:38,729 - urls_to_texts - ERROR - Error fetching document: Response ended prematurely
2025-09-30 13:28:38,730 - urls_to_texts - ERROR - Error fetching document 63c72312-a558-564f-9266-7c132feea1c1 from https://www.oksnes.kommune.no/api/presentation/v2/nye-innsyn/filer/v-d8cad916__46db__494b__a3e7__5241057da539-56073_2_A!d-1100023641!g29oaf
2025-09-30 13:28:38,854 - urls_to_texts - INFO - GET [200]: https://www.oksnes.kommune.no/politikk-planer-og-organisasjon/politikk/politisk-moteplan/#/details/m-d8cad916__46db__494b__a3e7__5241057da539-189!mNotpb 0.12 56
2025-09-30 13:28:38,858 - urls_to_texts - INFO - Unsupported file extension: 
2025-09-30 13:28:38,858 - urls_to_texts - WARNING - No text extracted from document at https://www.oksnes.kommune.no/politikk-planer-og-organisasjon/politikk/politisk-moteplan/#/details/m-d8cad916__46db__494b__a3e7__5241057da539-189!mNotpb.
2025-09-30 13:28:38,923 - urls_to_texts - ERROR - Error fetching document: Response ended prematurely
2025-09-30 13:28:38,924 - urls_to_texts - ERROR - Error fetching document 03cef5de-a0b4-535b-8f1c-3d290870c534 from https://www.oksnes.kommune.no/api/presentation/v2/nye-innsyn/filer/v-d8cad916__46db__494b__a3e7__5241057da539-47653_1_A!d-1100021773!g7qRqK
2025-09-30 13:28:38,999 - urls_to_texts - ERROR - Error fetching document: Response ended prematurely
2025-09-30 13:28:38,999 - urls_to_texts - ERROR - Error fetching document 66c20f61-0ef2-500a-8a5e-a3a92f60b380 from https://stad.kommune.no/api/presentation/v2/nye-innsyn/filer/v-3dd15a26__96f4__4d7d__a998__45a817cb090e-1749414_1_A!d-2022150602!W5vKRs
2025-09-30 13:28:39,041 - urls_to_texts - INFO - GET [403]: https://prod01.elementscloud.no/publikum/Documents/ShowDmbHandlingDocument/35dcc491-8e78-470e-afc8-0db3f930a352/9981/Protokoll 0.04 0
2025-09-30 13:28:39,041 - urls_to_texts - ERROR - 403 Client Error: Forbidden for url: https://prod01.elementscloud.no/publikum/Documents/ShowDmbHandlingDocument/35dcc491-8e78-470e-afc8-0db3f930a352/9981/Protokoll
2025-09-30 13:28:39,042 - urls_to_texts - WARNING - No document fetched from https://prod01.elementscloud.no/publikum/Documents/ShowDmbHandlingDocument/35dcc491-8e78-470e-afc8-0db3f930a352/9981/Protokoll.
2025-09-30 13:28:39,443 - urls_to_texts - INFO - GET [200]: https://bergen.kommune.no/politikere-utvalg/api/fil/bk360/13262898/Innstilling-vedtak-Krav-om-lovlighetskontroll-av-vedtak-i-bystyresak-227-25-Gjeldende-retningslinjer-for-tildeling-av-kommunal-utleiebolig-i-Bergen-kommune-Bergen-bystyre-18-6-2025- 0.27 49
2025-09-30 13:28:39,536 - urls_to_texts - INFO - Processed 38/44118 documents (skipped: 293)
2025-09-30 13:28:39,642 - urls_to_texts - ERROR - Error fetching document: Response ended prematurely
2025-09-30 13:28:39,642 - urls_to_texts - ERROR - Error fetching document cfeec3eb-031a-5d4e-87b0-89c3745ae81b from https://www.askvoll.kommune.no/api/presentation/v2/nye-innsyn/filer/v-d691afea__aaff__43de__a10d__c9d8e8907141-346198_1_A!d-2022053740!D2qXUs
2025-09-30 13:28:40,016 - urls_to_texts - INFO - GET [200]: https://bjornafjorden.kommune.no/api/presentation/v2/nye-innsyn/filer/v-cc3ede69__97b5__48c8__9b5b__94ea04175932-2231038_1_A!d-2021361837!qE1oRi 0.16 46
2025-09-30 13:28:40,023 - urls_to_texts - INFO - Unsupported file extension: .html
2025-09-30 13:28:40,023 - urls_to_texts - WARNING - No text extracted from document at https://bjornafjorden.kommune.no/api/presentation/v2/nye-innsyn/filer/v-cc3ede69__97b5__48c8__9b5b__94ea04175932-2231038_1_A!d-2021361837!qE1oRi.
2025-09-30 13:28:40,386 - urls_to_texts - INFO - GET [200]: https://www.etne.kommune.no/api/presentation/v2/nye-innsyn/filer/v-e857a982__e852__4eeb__a914__f85d70e5a42b-1619196_3_A!d-2020094348!2dc2Cd 0.15 45
2025-09-30 13:28:40,393 - urls_to_texts - INFO - Unsupported file extension: .html
2025-09-30 13:28:40,393 - urls_to_texts - WARNING - No text extracted from document at https://www.etne.kommune.no/api/presentation/v2/nye-innsyn/filer/v-e857a982__e852__4eeb__a914__f85d70e5a42b-1619196_3_A!d-2020094348!2dc2Cd.
2025-09-30 13:28:40,436 - urls_to_texts - INFO - GET [403]: https://prod01.elementscloud.no/publikum/Documents/ShowDmbHandlingDocument/3babd1aa-82df-406b-8a71-390619586974/8154/Protokoll 0.04 0
2025-09-30 13:28:40,437 - urls_to_texts - ERROR - 403 Client Error: Forbidden for url: https://prod01.elementscloud.no/publikum/Documents/ShowDmbHandlingDocument/3babd1aa-82df-406b-8a71-390619586974/8154/Protokoll
2025-09-30 13:28:40,437 - urls_to_texts - WARNING - No document fetched from https://prod01.elementscloud.no/publikum/Documents/ShowDmbHandlingDocument/3babd1aa-82df-406b-8a71-390619586974/8154/Protokoll.
2025-09-30 13:28:40,480 - urls_to_texts - INFO - GET [403]: https://prod01.elementscloud.no/publikum/Documents/ShowMeetingDocument/5ac72eb8-cac7-496a-b9ef-fc393c80a79a/549/MI/1875 0.04 0
2025-09-30 13:28:40,480 - urls_to_texts - ERROR - 403 Client Error: Forbidden for url: https://prod01.elementscloud.no/publikum/Documents/ShowMeetingDocument/5ac72eb8-cac7-496a-b9ef-fc393c80a79a/549/MI/1875
2025-09-30 13:28:40,480 - urls_to_texts - WARNING - No document fetched from https://prod01.elementscloud.no/publikum/Documents/ShowMeetingDocument/5ac72eb8-cac7-496a-b9ef-fc393c80a79a/549/MI/1875.
2025-09-30 13:28:40,524 - urls_to_texts - INFO - GET [403]: https://prod01.elementscloud.no/publikum/Documents/ShowDmbHandlingDocument/a1811a10-8b69-4536-a305-d58a49ce3d91/3884/Protokoll 0.04 0
2025-09-30 13:28:40,524 - urls_to_texts - ERROR - 403 Client Error: Forbidden for url: https://prod01.elementscloud.no/publikum/Documents/ShowDmbHandlingDocument/a1811a10-8b69-4536-a305-d58a49ce3d91/3884/Protokoll
2025-09-30 13:28:40,525 - urls_to_texts - WARNING - No document fetched from https://prod01.elementscloud.no/publikum/Documents/ShowDmbHandlingDocument/a1811a10-8b69-4536-a305-d58a49ce3d91/3884/Protokoll.
2025-09-30 13:28:40,672 - urls_to_texts - ERROR - Error fetching document: Response ended prematurely
2025-09-30 13:28:40,673 - urls_to_texts - ERROR - Error fetching document 1dd478a0-b9df-5d2d-b7aa-c7afa7820703 from https://innsynpluss.onacos.no/api/presentation/v2/nye-innsyn/filer/v-10785b61__f1ba__405d__8af8__b65017f85ea0-326281_1_A!d-1100209564!Vc2sgz
2025-09-30 13:28:40,758 - urls_to_texts - ERROR - Error fetching document: Response ended prematurely
2025-09-30 13:28:40,758 - urls_to_texts - ERROR - Error fetching document 5ee3ab55-bfec-5355-a8d8-566e7190a549 from https://stad.kommune.no/api/presentation/v2/nye-innsyn/filer/v-3dd15a26__96f4__4d7d__a998__45a817cb090e-1756844_14_A!d-2022154585!UuYiL9
2025-09-30 13:28:40,831 - urls_to_texts - ERROR - Error fetching document: Response ended prematurely
2025-09-30 13:28:40,831 - urls_to_texts - ERROR - Error fetching document 78e5bf5f-c37e-5997-8122-0b2e9e34a053 from https://kinn.kommune.no/api/presentation/v2/nye-innsyn/filer/v-e1a6ab11__6b4d__4733__bbeb__849aa26734de-1861459_1_A!d-2022177169!YIgrsk
2025-09-30 13:28:40,903 - urls_to_texts - ERROR - Error fetching document: Response ended prematurely
2025-09-30 13:28:40,903 - urls_to_texts - ERROR - Error fetching document 6cb360c8-de41-5356-aa95-d4a495270041 from https://voss.herad.no/api/presentation/v2/nye-innsyn/filer/v-b1707b4a__7a25__41f1__939c__a9a8523356cf-218927_8_P!d-1100108904!59v84g
2025-09-30 13:28:40,944 - urls_to_texts - INFO - GET [403]: https://prod01.elementscloud.no/publikum/Documents/ShowDmbHandlingDocument/35dcc491-8e78-470e-afc8-0db3f930a352/9787/Protokoll 0.04 0
2025-09-30 13:28:40,944 - urls_to_texts - ERROR - 403 Client Error: Forbidden for url: https://prod01.elementscloud.no/publikum/Documents/ShowDmbHandlingDocument/35dcc491-8e78-470e-afc8-0db3f930a352/9787/Protokoll
2025-09-30 13:28:40,945 - urls_to_texts - WARNING - No document fetched from https://prod01.elementscloud.no/publikum/Documents/ShowDmbHandlingDocument/35dcc491-8e78-470e-afc8-0db3f930a352/9787/Protokoll.
2025-09-30 13:28:40,987 - urls_to_texts - INFO - GET [403]: https://prod02.elementscloud.no/publikum/Documents/ShowDmbHandlingDocument/76dc8fa9-13be-48a4-b5a8-5168c5a1e3f6/441/Protokoll 0.04 0
2025-09-30 13:28:40,987 - urls_to_texts - ERROR - 403 Client Error: Forbidden for url: https://prod02.elementscloud.no/publikum/Documents/ShowDmbHandlingDocument/76dc8fa9-13be-48a4-b5a8-5168c5a1e3f6/441/Protokoll
2025-09-30 13:28:40,987 - urls_to_texts - WARNING - No document fetched from https://prod02.elementscloud.no/publikum/Documents/ShowDmbHandlingDocument/76dc8fa9-13be-48a4-b5a8-5168c5a1e3f6/441/Protokoll.
2025-09-30 13:28:41,207 - urls_to_texts - ERROR - Error fetching document: Response ended prematurely
2025-09-30 13:28:41,208 - urls_to_texts - ERROR - Error fetching document f19be4d1-d43c-5fa6-8ecb-bb9878a5acf0 from https://www.luster.kommune.no/api/presentation/v2/nye-innsyn/filer/v-721139d1__230b__45c0__9cf1__92f0ef921828-144797_6_A!d-1100082357!sfQtYN
2025-09-30 13:28:41,571 - urls_to_texts - INFO - GET [200]: https://bjornafjorden.kommune.no/api/presentation/v2/nye-innsyn/filer/v-cc3ede69__97b5__48c8__9b5b__94ea04175932-2174729_1_A!d-2021331712!wNhzyR 0.16 46
2025-09-30 13:28:41,578 - urls_to_texts - INFO - Unsupported file extension: .html
2025-09-30 13:28:41,578 - urls_to_texts - WARNING - No text extracted from document at https://bjornafjorden.kommune.no/api/presentation/v2/nye-innsyn/filer/v-cc3ede69__97b5__48c8__9b5b__94ea04175932-2174729_1_A!d-2021331712!wNhzyR.
2025-09-30 13:28:41,787 - urls_to_texts - ERROR - Error fetching document: Response ended prematurely
2025-09-30 13:28:41,787 - urls_to_texts - ERROR - Error fetching document e6c110b0-a7b2-5ef1-b93f-a767fa86f1e2 from https://innsynpluss.onacos.no/api/presentation/v2/nye-innsyn/filer/v-9a1e9dfc__3f01__4df5__a599__d213d4fbfca2-75045_1_A!d-1000037118!eS6pUs
2025-09-30 13:28:41,835 - urls_to_texts - INFO - GET [403]: https://prod01.elementscloud.no/publikum/Documents/ShowMeetingDocument/3babd1aa-82df-406b-8a71-390619586974/548/MI/2211 0.05 0
2025-09-30 13:28:41,835 - urls_to_texts - ERROR - 403 Client Error: Forbidden for url: https://prod01.elementscloud.no/publikum/Documents/ShowMeetingDocument/3babd1aa-82df-406b-8a71-390619586974/548/MI/2211
2025-09-30 13:28:41,836 - urls_to_texts - WARNING - No document fetched from https://prod01.elementscloud.no/publikum/Documents/ShowMeetingDocument/3babd1aa-82df-406b-8a71-390619586974/548/MI/2211.
2025-09-30 13:28:41,877 - urls_to_texts - INFO - GET [403]: https://prod02.elementscloud.no/publikum/Documents/ShowDmbHandlingDocument/b0d5f453-caf0-475d-b3bc-9f9114471c37/2468/Protokoll 0.04 0
2025-09-30 13:28:41,877 - urls_to_texts - ERROR - 403 Client Error: Forbidden for url: https://prod02.elementscloud.no/publikum/Documents/ShowDmbHandlingDocument/b0d5f453-caf0-475d-b3bc-9f9114471c37/2468/Protokoll
2025-09-30 13:28:41,878 - urls_to_texts - WARNING - No document fetched from https://prod02.elementscloud.no/publikum/Documents/ShowDmbHandlingDocument/b0d5f453-caf0-475d-b3bc-9f9114471c37/2468/Protokoll.
2025-09-30 13:28:41,948 - urls_to_texts - ERROR - Error fetching document: Response ended prematurely
2025-09-30 13:28:41,948 - urls_to_texts - ERROR - Error fetching document dc02d1ed-7f01-56df-844e-78f870c61270 from https://voss.herad.no/api/presentation/v2/nye-innsyn/filer/v-b1707b4a__7a25__41f1__939c__a9a8523356cf-285416_2_P!d-1100140332!DGZdo9
2025-09-30 13:28:42,164 - urls_to_texts - ERROR - Error fetching document: Response ended prematurely
2025-09-30 13:28:42,164 - urls_to_texts - ERROR - Error fetching document ab2912d0-fd4f-500f-a540-3dd51038cb85 from https://innsynpluss.onacos.no/api/presentation/v2/nye-innsyn/filer/v-10785b61__f1ba__405d__8af8__b65017f85ea0-383565_1_A!d-1100239674!zTLIT6
2025-09-30 13:28:42,260 - urls_to_texts - ERROR - Error fetching document: Response ended prematurely
2025-09-30 13:28:42,261 - urls_to_texts - ERROR - Error fetching document edbf4b91-5e87-5f0c-84cd-75bc9dab5e3d from https://www.eidfjord.kommune.no/api/presentation/v2/nye-innsyn/filer/v-e7a24bb1__f486__46d9__ada4__35680a127e2c-23107_2_A!d-1100011109!BDDx2e
2025-09-30 13:28:42,300 - urls_to_texts - INFO - GET [403]: https://prod02.elementscloud.no/publikum/Documents/ShowDmbHandlingDocument/b0d5f453-caf0-475d-b3bc-9f9114471c37/2482/CasesFremlegg 0.04 0
2025-09-30 13:28:42,305 - urls_to_texts - ERROR - 403 Client Error: Forbidden for url: https://prod02.elementscloud.no/publikum/Documents/ShowDmbHandlingDocument/b0d5f453-caf0-475d-b3bc-9f9114471c37/2482/CasesFremlegg
2025-09-30 13:28:42,305 - urls_to_texts - WARNING - No document fetched from https://prod02.elementscloud.no/publikum/Documents/ShowDmbHandlingDocument/b0d5f453-caf0-475d-b3bc-9f9114471c37/2482/CasesFremlegg.
2025-09-30 13:28:42,347 - urls_to_texts - INFO - GET [403]: https://prod01.elementscloud.no/publikum/Documents/ShowDmbHandlingDocument/8d21b1e6-6a6c-419d-87c5-2b551cb056f6/4996/Protokoll 0.04 0
2025-09-30 13:28:42,348 - urls_to_texts - ERROR - 403 Client Error: Forbidden for url: https://prod01.elementscloud.no/publikum/Documents/ShowDmbHandlingDocument/8d21b1e6-6a6c-419d-87c5-2b551cb056f6/4996/Protokoll
2025-09-30 13:28:42,348 - urls_to_texts - WARNING - No document fetched from https://prod01.elementscloud.no/publikum/Documents/ShowDmbHandlingDocument/8d21b1e6-6a6c-419d-87c5-2b551cb056f6/4996/Protokoll.
2025-09-30 13:28:42,390 - urls_to_texts - INFO - GET [403]: https://prod01.elementscloud.no/publikum/Documents/ShowDmbHandlingDocument/0f947f6b-b1b0-4470-840e-4226ef3244af/9747/Protokoll 0.04 0
2025-09-30 13:28:42,391 - urls_to_texts - ERROR - 403 Client Error: Forbidden for url: https://prod01.elementscloud.no/publikum/Documents/ShowDmbHandlingDocument/0f947f6b-b1b0-4470-840e-4226ef3244af/9747/Protokoll
2025-09-30 13:28:42,391 - urls_to_texts - WARNING - No document fetched from https://prod01.elementscloud.no/publikum/Documents/ShowDmbHandlingDocument/0f947f6b-b1b0-4470-840e-4226ef3244af/9747/Protokoll.
2025-09-30 13:28:42,546 - urls_to_texts - ERROR - Error fetching document: Response ended prematurely
2025-09-30 13:28:42,546 - urls_to_texts - ERROR - Error fetching document 1252a0bd-54a9-5c87-b0d7-c9444e0f753e from https://innsynpluss.onacos.no/api/presentation/v2/nye-innsyn/filer/v-f75e6c12__234c__46f2__ba9a__a06c1d8a0442-87968_5_P!d-1100051445!EQAdVl
2025-09-30 13:28:42,764 - urls_to_texts - ERROR - Error fetching document: Response ended prematurely
2025-09-30 13:28:42,765 - urls_to_texts - ERROR - Error fetching document 881f3e4a-64ea-5f5a-ae85-56e3412104aa from https://innsynpluss.onacos.no/api/presentation/v2/nye-innsyn/filer/v-084e0747__69df__45ac__bc47__df64cee5aa6d-106008_9_P!d-1100055698!r9QNto
2025-09-30 13:28:42,809 - urls_to_texts - INFO - GET [403]: https://prod01.elementscloud.no/publikum/Documents/ShowDmbHandlingDocument/0f947f6b-b1b0-4470-840e-4226ef3244af/9545/CasesFremlegg 0.04 0
2025-09-30 13:28:42,809 - urls_to_texts - ERROR - 403 Client Error: Forbidden for url: https://prod01.elementscloud.no/publikum/Documents/ShowDmbHandlingDocument/0f947f6b-b1b0-4470-840e-4226ef3244af/9545/CasesFremlegg
2025-09-30 13:28:42,809 - urls_to_texts - WARNING - No document fetched from https://prod01.elementscloud.no/publikum/Documents/ShowDmbHandlingDocument/0f947f6b-b1b0-4470-840e-4226ef3244af/9545/CasesFremlegg.
2025-09-30 13:28:43,438 - urls_to_texts - INFO - GET [200]: https://innsynpluss.onacos.no/api/presentation/v2/nye-innsyn/filer/v-10785b61__f1ba__405d__8af8__b65017f85ea0-392388_1_P!d-1100244812!Y376H2?pid=32 0.59 134
2025-09-30 13:28:43,616 - urls_to_texts - INFO - Processed 39/44118 documents (skipped: 305)
2025-09-30 13:28:43,688 - urls_to_texts - ERROR - Error fetching document: Response ended prematurely
2025-09-30 13:28:43,688 - urls_to_texts - ERROR - Error fetching document c2916c43-2c23-5dd4-861b-fbf7263a76eb from https://voss.herad.no/api/presentation/v2/nye-innsyn/filer/v-b1707b4a__7a25__41f1__939c__a9a8523356cf-262591_2_P!d-1100128459!6244q8
2025-09-30 13:28:43,736 - urls_to_texts - INFO - GET [403]: https://prod01.elementscloud.no/publikum/Documents/ShowDmbHandlingDocument/7c1f435b-d2ae-4dd1-9dbd-18aef55dc2df/182/CasesFremlegg 0.05 0
2025-09-30 13:28:43,736 - urls_to_texts - ERROR - 403 Client Error: Forbidden for url: https://prod01.elementscloud.no/publikum/Documents/ShowDmbHandlingDocument/7c1f435b-d2ae-4dd1-9dbd-18aef55dc2df/182/CasesFremlegg
2025-09-30 13:28:43,737 - urls_to_texts - WARNING - No document fetched from https://prod01.elementscloud.no/publikum/Documents/ShowDmbHandlingDocument/7c1f435b-d2ae-4dd1-9dbd-18aef55dc2df/182/CasesFremlegg.
2025-09-30 13:28:43,822 - urls_to_texts - ERROR - Error fetching document: Response ended prematurely
2025-09-30 13:28:43,823 - urls_to_texts - ERROR - Error fetching document 9575458d-dbee-5fbc-a9fc-e7e9871b7ef3 from https://www.eidfjord.kommune.no/api/presentation/v2/nye-innsyn/filer/v-e7a24bb1__f486__46d9__ada4__35680a127e2c-21728_2_A!d-1100010549!EAljZS
2025-09-30 13:28:43,873 - urls_to_texts - INFO - GET [403]: https://prod02.elementscloud.no/publikum/Documents/ShowDmbHandlingDocument/f041b74e-b1e6-4615-987e-387f63721a2e/1317/Protokoll 0.05 0
2025-09-30 13:28:43,873 - urls_to_texts - ERROR - 403 Client Error: Forbidden for url: https://prod02.elementscloud.no/publikum/Documents/ShowDmbHandlingDocument/f041b74e-b1e6-4615-987e-387f63721a2e/1317/Protokoll
2025-09-30 13:28:43,873 - urls_to_texts - WARNING - No document fetched from https://prod02.elementscloud.no/publikum/Documents/ShowDmbHandlingDocument/f041b74e-b1e6-4615-987e-387f63721a2e/1317/Protokoll.
2025-09-30 13:28:44,044 - urls_to_texts - ERROR - Error fetching document: Response ended prematurely
2025-09-30 13:28:44,044 - urls_to_texts - ERROR - Error fetching document b7fda707-4270-5c07-aa02-47464756e103 from https://innsynpluss.onacos.no/api/presentation/v2/nye-innsyn/filer/v-b27cb650__363a__4a8b__acee__9e6cafa23ca2-86843_2_A!d-1100047783!DylHd0
2025-09-30 13:28:44,085 - urls_to_texts - INFO - GET [403]: https://prod01.elementscloud.no/publikum/Documents/ShowMeetingDocument/35dcc491-8e78-470e-afc8-0db3f930a352/479/MP/2033 0.04 0
2025-09-30 13:28:44,085 - urls_to_texts - ERROR - 403 Client Error: Forbidden for url: https://prod01.elementscloud.no/publikum/Documents/ShowMeetingDocument/35dcc491-8e78-470e-afc8-0db3f930a352/479/MP/2033
2025-09-30 13:28:44,085 - urls_to_texts - WARNING - No document fetched from https://prod01.elementscloud.no/publikum/Documents/ShowMeetingDocument/35dcc491-8e78-470e-afc8-0db3f930a352/479/MP/2033.
2025-09-30 13:28:44,126 - urls_to_texts - INFO - GET [403]: https://prod02.elementscloud.no/publikum/Documents/ShowDmbHandlingDocument/b0d5f453-caf0-475d-b3bc-9f9114471c37/2081/CasesFremlegg 0.04 0
2025-09-30 13:28:44,126 - urls_to_texts - ERROR - 403 Client Error: Forbidden for url: https://prod02.elementscloud.no/publikum/Documents/ShowDmbHandlingDocument/b0d5f453-caf0-475d-b3bc-9f9114471c37/2081/CasesFremlegg
2025-09-30 13:28:44,127 - urls_to_texts - WARNING - No document fetched from https://prod02.elementscloud.no/publikum/Documents/ShowDmbHandlingDocument/b0d5f453-caf0-475d-b3bc-9f9114471c37/2081/CasesFremlegg.
2025-09-30 13:28:44,196 - urls_to_texts - ERROR - Error fetching document: Response ended prematurely
2025-09-30 13:28:44,197 - urls_to_texts - ERROR - Error fetching document aa75296e-3c40-592c-bcd5-7e4ac954605f from https://voss.herad.no/api/presentation/v2/nye-innsyn/filer/v-b1707b4a__7a25__41f1__939c__a9a8523356cf-240658_2_A!d-1100119039!hthErk
2025-09-30 13:28:44,237 - urls_to_texts - INFO - GET [403]: https://prod02.elementscloud.no/publikum/Documents/ShowDmbHandlingDocument/2a1bb891-5516-42d4-a811-e6b86a7862b3/1778/CasesFremlegg 0.04 0
2025-09-30 13:28:44,238 - urls_to_texts - ERROR - 403 Client Error: Forbidden for url: https://prod02.elementscloud.no/publikum/Documents/ShowDmbHandlingDocument/2a1bb891-5516-42d4-a811-e6b86a7862b3/1778/CasesFremlegg
2025-09-30 13:28:44,238 - urls_to_texts - WARNING - No document fetched from https://prod02.elementscloud.no/publikum/Documents/ShowDmbHandlingDocument/2a1bb891-5516-42d4-a811-e6b86a7862b3/1778/CasesFremlegg.
2025-09-30 13:28:44,329 - urls_to_texts - ERROR - Error fetching document: Response ended prematurely
2025-09-30 13:28:44,329 - urls_to_texts - ERROR - Error fetching document 97243cd9-ca07-508f-8dd3-45d9a6b207f2 from https://ullensvang.kommune.no/api/presentation/v2/nye-innsyn/filer/v-0a336fc1__178f__4c38__8f38__3c7bd5ffdbe6-1721005_2_A!d-2019190240!KqlUDp
2025-09-30 13:28:44,727 - urls_to_texts - INFO - GET [200]: https://laerdal.kommune.no/api/presentation/v2/nye-innsyn/filer/v-f63e1f7f__0e35__4b7d__a71a__b9b0275d02d1-251667_2_P!d-2022029680!6WxDbl 0.16 44
2025-09-30 13:28:44,734 - urls_to_texts - INFO - Unsupported file extension: .html
2025-09-30 13:28:44,734 - urls_to_texts - WARNING - No text extracted from document at https://laerdal.kommune.no/api/presentation/v2/nye-innsyn/filer/v-f63e1f7f__0e35__4b7d__a71a__b9b0275d02d1-251667_2_P!d-2022029680!6WxDbl.
2025-09-30 13:28:44,971 - urls_to_texts - ERROR - Error fetching document: Response ended prematurely
2025-09-30 13:28:44,971 - urls_to_texts - ERROR - Error fetching document aca26aa9-6536-5a16-baf8-c70afb5d098c from https://innsynpluss.onacos.no/api/presentation/v2/nye-innsyn/filer/v-10785b61__f1ba__405d__8af8__b65017f85ea0-281653_1_A!d-1100187701!O3SH3T
2025-09-30 13:28:45,044 - urls_to_texts - ERROR - Error fetching document: Response ended prematurely
2025-09-30 13:28:45,044 - urls_to_texts - ERROR - Error fetching document ab3f2fdc-eaeb-5d80-a584-06d1a7e85a37 from https://kinn.kommune.no/api/presentation/v2/nye-innsyn/filer/v-e1a6ab11__6b4d__4733__bbeb__849aa26734de-1866256_1_A!d-2022179517!whUa8j
2025-09-30 13:28:45,141 - urls_to_texts - ERROR - Error fetching document: Response ended prematurely
2025-09-30 13:28:45,141 - urls_to_texts - ERROR - Error fetching document 55a4bdfb-ae39-5121-aeb8-3bece359d8f9 from https://ullensvang.kommune.no/api/presentation/v2/nye-innsyn/filer/v-0a336fc1__178f__4c38__8f38__3c7bd5ffdbe6-1765139_3_A!d-2019208680!7VB44e
2025-09-30 13:28:45,211 - urls_to_texts - ERROR - Error fetching document: Response ended prematurely
2025-09-30 13:28:45,211 - urls_to_texts - ERROR - Error fetching document b7dd4022-4ba8-5121-8413-35b241ebf0a2 from https://www.oksnes.kommune.no/api/presentation/v2/nye-innsyn/filer/v-d8cad916__46db__494b__a3e7__5241057da539-62916_2_A!d-1100026745!yYvI5o
2025-09-30 13:28:45,278 - urls_to_texts - ERROR - Error fetching document: Response ended prematurely
2025-09-30 13:28:45,278 - urls_to_texts - ERROR - Error fetching document b2f0a61d-a415-5266-8008-1ebed261ff55 from https://www.solund.kommune.no/api/presentation/v2/nye-innsyn/filer/v-e8f93b5a__de8c__4fed__8410__71ae71ffb04f-130871_6_A!d-2022012414!s5b1nD
2025-09-30 13:28:45,327 - urls_to_texts - INFO - GET [403]: https://prod01.elementscloud.no/publikum/Documents/ShowDmbHandlingDocument/35dcc491-8e78-470e-afc8-0db3f930a352/9243/Protokoll 0.05 0
2025-09-30 13:28:45,327 - urls_to_texts - ERROR - 403 Client Error: Forbidden for url: https://prod01.elementscloud.no/publikum/Documents/ShowDmbHandlingDocument/35dcc491-8e78-470e-afc8-0db3f930a352/9243/Protokoll
2025-09-30 13:28:45,327 - urls_to_texts - WARNING - No document fetched from https://prod01.elementscloud.no/publikum/Documents/ShowDmbHandlingDocument/35dcc491-8e78-470e-afc8-0db3f930a352/9243/Protokoll.
2025-09-30 13:28:45,396 - urls_to_texts - ERROR - Error fetching document: Response ended prematurely
2025-09-30 13:28:45,396 - urls_to_texts - ERROR - Error fetching document 34f04612-db1d-53db-bf92-b962e2977724 from https://gloppen.kommune.no/api/presentation/v2/nye-innsyn/filer/v-dd4f3791__13e5__44ce__8656__c0623ce17d55-1635037_4_A!d-2022079403!KgXuas
2025-09-30 13:28:45,471 - urls_to_texts - ERROR - Error fetching document: Response ended prematurely
2025-09-30 13:28:45,471 - urls_to_texts - ERROR - Error fetching document 219ff6c5-a63f-5b76-bf88-4e72b74e3505 from https://voss.herad.no/api/presentation/v2/nye-innsyn/filer/v-b1707b4a__7a25__41f1__939c__a9a8523356cf-217103_4_P!d-1100108360!SQ3RCS
2025-09-30 13:28:45,510 - urls_to_texts - INFO - GET [403]: https://prod01.elementscloud.no/publikum/Documents/ShowDmbHandlingDocument/5ac72eb8-cac7-496a-b9ef-fc393c80a79a/4247/CasesFremlegg 0.04 0
2025-09-30 13:28:45,510 - urls_to_texts - ERROR - 403 Client Error: Forbidden for url: https://prod01.elementscloud.no/publikum/Documents/ShowDmbHandlingDocument/5ac72eb8-cac7-496a-b9ef-fc393c80a79a/4247/CasesFremlegg
2025-09-30 13:28:45,511 - urls_to_texts - WARNING - No document fetched from https://prod01.elementscloud.no/publikum/Documents/ShowDmbHandlingDocument/5ac72eb8-cac7-496a-b9ef-fc393c80a79a/4247/CasesFremlegg.
2025-09-30 13:28:45,582 - urls_to_texts - ERROR - Error fetching document: Response ended prematurely
2025-09-30 13:28:45,582 - urls_to_texts - ERROR - Error fetching document 546d5d3e-1a7e-57a8-9e0e-22d6c95f14cf from https://kinn.kommune.no/api/presentation/v2/nye-innsyn/filer/v-e1a6ab11__6b4d__4733__bbeb__849aa26734de-1898333_2_A!d-2022195333!71XyFy
2025-09-30 13:28:45,663 - urls_to_texts - ERROR - Error fetching document: Response ended prematurely
2025-09-30 13:28:45,663 - urls_to_texts - ERROR - Error fetching document a8bdc81b-5a62-51de-b0a4-d3f25dbe0e7b from https://stad.kommune.no/api/presentation/v2/nye-innsyn/filer/v-3dd15a26__96f4__4d7d__a998__45a817cb090e-1737955_8_A!d-2022144485!hh9nwB
2025-09-30 13:28:45,899 - urls_to_texts - ERROR - Error fetching document: Response ended prematurely
2025-09-30 13:28:45,899 - urls_to_texts - ERROR - Error fetching document c67d973d-2c08-5a16-a21b-78aae0a19957 from https://innsynpluss.onacos.no/api/presentation/v2/nye-innsyn/filer/v-084e0747__69df__45ac__bc47__df64cee5aa6d-102368_2_P!d-1100054119!VJi1Qe
2025-09-30 13:28:45,970 - urls_to_texts - ERROR - Error fetching document: Response ended prematurely
2025-09-30 13:28:45,971 - urls_to_texts - ERROR - Error fetching document aecff72b-b599-5df8-9d85-177c061605be from https://bremanger.kommune.no/api/presentation/v2/nye-innsyn/filer/v-0baea8f5__defa__4603__b396__17b5d409cf0e-1551153_1_A!d-2022050410!uhHYhP
2025-09-30 13:28:46,059 - urls_to_texts - ERROR - Error fetching document: Response ended prematurely
2025-09-30 13:28:46,060 - urls_to_texts - ERROR - Error fetching document a828b5c1-7822-5ad6-aba7-f077fe080812 from https://stad.kommune.no/api/presentation/v2/nye-innsyn/filer/v-3dd15a26__96f4__4d7d__a998__45a817cb090e-1767279_15_A!d-2022160162!kR1o2G
2025-09-30 13:28:46,104 - urls_to_texts - INFO - GET [403]: https://prod01.elementscloud.no/publikum/Documents/ShowDmbHandlingDocument/3babd1aa-82df-406b-8a71-390619586974/7844/Protokoll 0.04 0
2025-09-30 13:28:46,104 - urls_to_texts - ERROR - 403 Client Error: Forbidden for url: https://prod01.elementscloud.no/publikum/Documents/ShowDmbHandlingDocument/3babd1aa-82df-406b-8a71-390619586974/7844/Protokoll
2025-09-30 13:28:46,104 - urls_to_texts - WARNING - No document fetched from https://prod01.elementscloud.no/publikum/Documents/ShowDmbHandlingDocument/3babd1aa-82df-406b-8a71-390619586974/7844/Protokoll.
2025-09-30 13:28:46,177 - urls_to_texts - ERROR - Error fetching document: Response ended prematurely
2025-09-30 13:28:46,178 - urls_to_texts - ERROR - Error fetching document ca6a5d96-b84e-567e-b53c-e33478a87be5 from https://voss.herad.no/api/presentation/v2/nye-innsyn/filer/v-b1707b4a__7a25__41f1__939c__a9a8523356cf-209571_12_P!d-1100105256!Fonl7w
2025-09-30 13:28:46,221 - urls_to_texts - INFO - GET [403]: https://prod02.elementscloud.no/publikum/Documents/ShowDmbHandlingDocument/eff08746-5cb4-4d88-aaf4-4bf6cd496e88/4494/Protokoll 0.04 0
2025-09-30 13:28:46,222 - urls_to_texts - ERROR - 403 Client Error: Forbidden for url: https://prod02.elementscloud.no/publikum/Documents/ShowDmbHandlingDocument/eff08746-5cb4-4d88-aaf4-4bf6cd496e88/4494/Protokoll
2025-09-30 13:28:46,222 - urls_to_texts - WARNING - No document fetched from https://prod02.elementscloud.no/publikum/Documents/ShowDmbHandlingDocument/eff08746-5cb4-4d88-aaf4-4bf6cd496e88/4494/Protokoll.
2025-09-30 13:28:46,570 - urls_to_texts - ERROR - Error fetching document: Response ended prematurely
2025-09-30 13:28:46,570 - urls_to_texts - ERROR - Error fetching document 0078db5a-e320-5cde-91c3-2d2076a54a65 from https://innsynpluss.onacos.no/api/presentation/v2/nye-innsyn/filer/v-b15978eb__8cc6__45a9__9564__1f28338ca3d7-720160_1_A!d-1100355258!oTrkFF
2025-09-30 13:28:46,614 - urls_to_texts - INFO - GET [403]: https://prod01.elementscloud.no/publikum/Documents/ShowDmbHandlingDocument/0f947f6b-b1b0-4470-840e-4226ef3244af/9888/Protokoll 0.04 0
2025-09-30 13:28:46,614 - urls_to_texts - ERROR - 403 Client Error: Forbidden for url: https://prod01.elementscloud.no/publikum/Documents/ShowDmbHandlingDocument/0f947f6b-b1b0-4470-840e-4226ef3244af/9888/Protokoll
2025-09-30 13:28:46,614 - urls_to_texts - WARNING - No document fetched from https://prod01.elementscloud.no/publikum/Documents/ShowDmbHandlingDocument/0f947f6b-b1b0-4470-840e-4226ef3244af/9888/Protokoll.
2025-09-30 13:28:46,841 - urls_to_texts - ERROR - Error fetching document: Response ended prematurely
2025-09-30 13:28:46,841 - urls_to_texts - ERROR - Error fetching document 07389d2e-bf83-506d-855c-c897b4f6a7c5 from https://innsynpluss.onacos.no/api/presentation/v2/nye-innsyn/filer/v-084e0747__69df__45ac__bc47__df64cee5aa6d-105191_2_P!d-1100055384!YOfGZ9
2025-09-30 13:28:46,909 - urls_to_texts - ERROR - ('Connection aborted.', RemoteDisconnected('Remote end closed connection without response'))
2025-09-30 13:28:46,909 - urls_to_texts - WARNING - No document fetched from https://voss.herad.no/api/presentation/v2/nye-innsyn/filer/v-b1707b4a__7a25__41f1__939c__a9a8523356cf-238096_3_P!d-1100118139!fZy1RR.
2025-09-30 13:28:47,281 - urls_to_texts - ERROR - Error fetching document: Response ended prematurely
2025-09-30 13:28:47,281 - urls_to_texts - ERROR - Error fetching document 2f2c5323-7a37-5594-be36-7f0c9d990b94 from https://innsynpluss.onacos.no/api/presentation/v2/nye-innsyn/filer/v-9a1e9dfc__3f01__4df5__a599__d213d4fbfca2-82171_2_P!d-1000040299!lSIE2z
2025-09-30 13:28:47,336 - urls_to_texts - INFO - GET [403]: https://prod01.elementscloud.no/publikum/Documents/ShowDmbHandlingDocument/2ff0b82d-4b3d-48b4-987a-ebeff927518a/4893/CasesFremlegg 0.05 0
2025-09-30 13:28:47,336 - urls_to_texts - ERROR - 403 Client Error: Forbidden for url: https://prod01.elementscloud.no/publikum/Documents/ShowDmbHandlingDocument/2ff0b82d-4b3d-48b4-987a-ebeff927518a/4893/CasesFremlegg
2025-09-30 13:28:47,336 - urls_to_texts - WARNING - No document fetched from https://prod01.elementscloud.no/publikum/Documents/ShowDmbHandlingDocument/2ff0b82d-4b3d-48b4-987a-ebeff927518a/4893/CasesFremlegg.
2025-09-30 13:28:47,440 - urls_to_texts - ERROR - Error fetching document: Response ended prematurely
2025-09-30 13:28:47,440 - urls_to_texts - ERROR - Error fetching document 8cd067fb-52e8-517c-96d8-e60a53a40f6f from https://www.luster.kommune.no/api/presentation/v2/nye-innsyn/filer/v-721139d1__230b__45c0__9cf1__92f0ef921828-139156_1_A!d-1100079624!LCmajn
2025-09-30 13:28:47,727 - urls_to_texts - ERROR - Error fetching document: Response ended prematurely
2025-09-30 13:28:47,727 - urls_to_texts - ERROR - Error fetching document 0fa2e75b-e611-58a4-bc72-36287aac7975 from https://innsynpluss.onacos.no/api/presentation/v2/nye-innsyn/filer/v-b15978eb__8cc6__45a9__9564__1f28338ca3d7-573841_1_A!d-1100271186!jcqq3z
2025-09-30 13:28:47,772 - urls_to_texts - INFO - GET [403]: https://prod02.elementscloud.no/publikum/Documents/ShowDmbHandlingDocument/2a1bb891-5516-42d4-a811-e6b86a7862b3/1673/CasesFremlegg 0.04 0
2025-09-30 13:28:47,772 - urls_to_texts - ERROR - 403 Client Error: Forbidden for url: https://prod02.elementscloud.no/publikum/Documents/ShowDmbHandlingDocument/2a1bb891-5516-42d4-a811-e6b86a7862b3/1673/CasesFremlegg
2025-09-30 13:28:47,772 - urls_to_texts - WARNING - No document fetched from https://prod02.elementscloud.no/publikum/Documents/ShowDmbHandlingDocument/2a1bb891-5516-42d4-a811-e6b86a7862b3/1673/CasesFremlegg.
2025-09-30 13:28:47,885 - urls_to_texts - ERROR - Error fetching document: Response ended prematurely
2025-09-30 13:28:47,885 - urls_to_texts - ERROR - Error fetching document 0534dab8-82c6-5ef9-86fb-8e40855ad3ae from https://ullensvang.kommune.no/api/presentation/v2/nye-innsyn/filer/v-0a336fc1__178f__4c38__8f38__3c7bd5ffdbe6-1747475_3_P!d-2019199748!G6IsGP
2025-09-30 13:28:47,957 - urls_to_texts - ERROR - Error fetching document: Response ended prematurely
2025-09-30 13:28:47,957 - urls_to_texts - ERROR - Error fetching document bced6032-8bc0-54d7-91d6-05bd6472989e from https://voss.herad.no/api/presentation/v2/nye-innsyn/filer/v-b1707b4a__7a25__41f1__939c__a9a8523356cf-255748_2_A!d-1100125246!NneCvg
2025-09-30 13:28:48,275 - urls_to_texts - ERROR - Error fetching document: Response ended prematurely
2025-09-30 13:28:48,275 - urls_to_texts - ERROR - Error fetching document 1d92bb30-280a-5345-aec6-6efdfe871a5c from https://innsynpluss.onacos.no/api/presentation/v2/nye-innsyn/filer/v-eeffc487__2515__47b2__ad08__a5d4f8d5e8f5-247901_1_P!d-2013130890!o0F1Uw
2025-09-30 13:28:48,452 - urls_to_texts - ERROR - Error fetching document: Response ended prematurely
2025-09-30 13:28:48,452 - urls_to_texts - ERROR - Error fetching document cebc2ee5-a57d-578d-b013-d0ab42dd545c from https://innsynpluss.onacos.no/api/presentation/v2/nye-innsyn/filer/v-b15978eb__8cc6__45a9__9564__1f28338ca3d7-498211_2_A!d-1100237954!dbjswk
2025-09-30 13:28:48,694 - urls_to_texts - ERROR - Error fetching document: Response ended prematurely
2025-09-30 13:28:48,694 - urls_to_texts - ERROR - Error fetching document e0e670ff-e8cb-50c5-936d-a1a545498f23 from https://innsynpluss.onacos.no/api/presentation/v2/nye-innsyn/filer/v-b27cb650__363a__4a8b__acee__9e6cafa23ca2-74400_2_A!d-1100040860!RXIplz
2025-09-30 13:28:48,735 - urls_to_texts - INFO - GET [403]: https://prod02.elementscloud.no/publikum/Documents/ShowDmbHandlingDocument/b0d5f453-caf0-475d-b3bc-9f9114471c37/1760/CasesFremlegg 0.04 0
2025-09-30 13:28:48,735 - urls_to_texts - ERROR - 403 Client Error: Forbidden for url: https://prod02.elementscloud.no/publikum/Documents/ShowDmbHandlingDocument/b0d5f453-caf0-475d-b3bc-9f9114471c37/1760/CasesFremlegg
2025-09-30 13:28:48,735 - urls_to_texts - WARNING - No document fetched from https://prod02.elementscloud.no/publikum/Documents/ShowDmbHandlingDocument/b0d5f453-caf0-475d-b3bc-9f9114471c37/1760/CasesFremlegg.
2025-09-30 13:28:48,784 - urls_to_texts - INFO - GET [403]: https://prod01.elementscloud.no/publikum/Documents/ShowDmbHandlingDocument/5ac72eb8-cac7-496a-b9ef-fc393c80a79a/5047/Protokoll 0.05 0
2025-09-30 13:28:48,784 - urls_to_texts - ERROR - 403 Client Error: Forbidden for url: https://prod01.elementscloud.no/publikum/Documents/ShowDmbHandlingDocument/5ac72eb8-cac7-496a-b9ef-fc393c80a79a/5047/Protokoll
2025-09-30 13:28:48,784 - urls_to_texts - WARNING - No document fetched from https://prod01.elementscloud.no/publikum/Documents/ShowDmbHandlingDocument/5ac72eb8-cac7-496a-b9ef-fc393c80a79a/5047/Protokoll.
2025-09-30 13:28:48,849 - urls_to_texts - ERROR - ('Connection aborted.', RemoteDisconnected('Remote end closed connection without response'))
2025-09-30 13:28:48,849 - urls_to_texts - WARNING - No document fetched from https://voss.herad.no/api/presentation/v2/nye-innsyn/filer/v-b1707b4a__7a25__41f1__939c__a9a8523356cf-249700_5_P!d-1100122204!lak3Xp.
2025-09-30 13:28:49,215 - urls_to_texts - INFO - GET [200]: https://bjornafjorden.kommune.no/api/presentation/v2/nye-innsyn/filer/v-cc3ede69__97b5__48c8__9b5b__94ea04175932-2260059_11_P!d-2021385909!HFalxl 0.16 46
2025-09-30 13:28:49,222 - urls_to_texts - INFO - Unsupported file extension: .html
2025-09-30 13:28:49,222 - urls_to_texts - WARNING - No text extracted from document at https://bjornafjorden.kommune.no/api/presentation/v2/nye-innsyn/filer/v-cc3ede69__97b5__48c8__9b5b__94ea04175932-2260059_11_P!d-2021385909!HFalxl.
2025-09-30 13:28:49,264 - urls_to_texts - INFO - GET [403]: https://prod02.elementscloud.no/publikum/Documents/ShowDmbHandlingDocument/7db3a691-f482-4720-b101-c3a44cb31481/3173/CasesFremlegg 0.04 0
2025-09-30 13:28:49,264 - urls_to_texts - ERROR - 403 Client Error: Forbidden for url: https://prod02.elementscloud.no/publikum/Documents/ShowDmbHandlingDocument/7db3a691-f482-4720-b101-c3a44cb31481/3173/CasesFremlegg
2025-09-30 13:28:49,265 - urls_to_texts - WARNING - No document fetched from https://prod02.elementscloud.no/publikum/Documents/ShowDmbHandlingDocument/7db3a691-f482-4720-b101-c3a44cb31481/3173/CasesFremlegg.
2025-09-30 13:28:49,613 - urls_to_texts - INFO - GET [200]: https://bjornafjorden.kommune.no/api/presentation/v2/nye-innsyn/filer/v-cc3ede69__97b5__48c8__9b5b__94ea04175932-2260132_1_A!d-2021385949!tmFe37 0.15 46
2025-09-30 13:28:49,620 - urls_to_texts - INFO - Unsupported file extension: .html
2025-09-30 13:28:49,620 - urls_to_texts - WARNING - No text extracted from document at https://bjornafjorden.kommune.no/api/presentation/v2/nye-innsyn/filer/v-cc3ede69__97b5__48c8__9b5b__94ea04175932-2260132_1_A!d-2021385949!tmFe37.
2025-09-30 13:28:49,662 - urls_to_texts - INFO - GET [403]: https://prod02.elementscloud.no/publikum/Documents/ShowDmbHandlingDocument/2d8f53e3-3226-477a-8245-0622ae7edf5d/2149/CasesFremlegg 0.04 0
2025-09-30 13:28:49,662 - urls_to_texts - ERROR - 403 Client Error: Forbidden for url: https://prod02.elementscloud.no/publikum/Documents/ShowDmbHandlingDocument/2d8f53e3-3226-477a-8245-0622ae7edf5d/2149/CasesFremlegg
2025-09-30 13:28:49,663 - urls_to_texts - WARNING - No document fetched from https://prod02.elementscloud.no/publikum/Documents/ShowDmbHandlingDocument/2d8f53e3-3226-477a-8245-0622ae7edf5d/2149/CasesFremlegg.
2025-09-30 13:28:49,704 - urls_to_texts - INFO - GET [403]: https://prod01.elementscloud.no/publikum/Documents/ShowDmbHandlingDocument/5ac72eb8-cac7-496a-b9ef-fc393c80a79a/5218/CasesFremlegg 0.04 0
2025-09-30 13:28:49,704 - urls_to_texts - ERROR - 403 Client Error: Forbidden for url: https://prod01.elementscloud.no/publikum/Documents/ShowDmbHandlingDocument/5ac72eb8-cac7-496a-b9ef-fc393c80a79a/5218/CasesFremlegg
2025-09-30 13:28:49,704 - urls_to_texts - WARNING - No document fetched from https://prod01.elementscloud.no/publikum/Documents/ShowDmbHandlingDocument/5ac72eb8-cac7-496a-b9ef-fc393c80a79a/5218/CasesFremlegg.
2025-09-30 13:28:49,749 - urls_to_texts - INFO - GET [403]: https://prod02.elementscloud.no/publikum/Documents/ShowDmbHandlingDocument/99585028-0782-4cec-8366-2e0dbc25d0f4/655/CasesFremlegg 0.04 0
2025-09-30 13:28:49,749 - urls_to_texts - ERROR - 403 Client Error: Forbidden for url: https://prod02.elementscloud.no/publikum/Documents/ShowDmbHandlingDocument/99585028-0782-4cec-8366-2e0dbc25d0f4/655/CasesFremlegg
2025-09-30 13:28:49,749 - urls_to_texts - WARNING - No document fetched from https://prod02.elementscloud.no/publikum/Documents/ShowDmbHandlingDocument/99585028-0782-4cec-8366-2e0dbc25d0f4/655/CasesFremlegg.
2025-09-30 13:28:49,791 - urls_to_texts - INFO - GET [403]: https://prod02.elementscloud.no/publikum/Documents/ShowDmbHandlingDocument/7db3a691-f482-4720-b101-c3a44cb31481/2881/CasesFremlegg 0.04 0
2025-09-30 13:28:49,791 - urls_to_texts - ERROR - 403 Client Error: Forbidden for url: https://prod02.elementscloud.no/publikum/Documents/ShowDmbHandlingDocument/7db3a691-f482-4720-b101-c3a44cb31481/2881/CasesFremlegg
2025-09-30 13:28:49,791 - urls_to_texts - WARNING - No document fetched from https://prod02.elementscloud.no/publikum/Documents/ShowDmbHandlingDocument/7db3a691-f482-4720-b101-c3a44cb31481/2881/CasesFremlegg.
2025-09-30 13:28:49,832 - urls_to_texts - INFO - GET [403]: https://prod01.elementscloud.no/publikum/Documents/ShowDmbHandlingDocument/5ac72eb8-cac7-496a-b9ef-fc393c80a79a/5200/CasesFremlegg 0.04 0
2025-09-30 13:28:49,832 - urls_to_texts - ERROR - 403 Client Error: Forbidden for url: https://prod01.elementscloud.no/publikum/Documents/ShowDmbHandlingDocument/5ac72eb8-cac7-496a-b9ef-fc393c80a79a/5200/CasesFremlegg
2025-09-30 13:28:49,833 - urls_to_texts - WARNING - No document fetched from https://prod01.elementscloud.no/publikum/Documents/ShowDmbHandlingDocument/5ac72eb8-cac7-496a-b9ef-fc393c80a79a/5200/CasesFremlegg.
2025-09-30 13:28:49,902 - urls_to_texts - ERROR - Error fetching document: Response ended prematurely
2025-09-30 13:28:49,902 - urls_to_texts - ERROR - Error fetching document e9f0c7fb-ecd6-5555-9d1b-f16c2190fc7e from https://www.askvoll.kommune.no/api/presentation/v2/nye-innsyn/filer/v-d691afea__aaff__43de__a10d__c9d8e8907141-359311_1_A!d-2022061746!F1Wc8m
2025-09-30 13:28:49,947 - urls_to_texts - INFO - GET [403]: https://prod02.elementscloud.no/publikum/Documents/ShowDmbHandlingDocument/2a1bb891-5516-42d4-a811-e6b86a7862b3/1533/CasesFremlegg 0.04 0
2025-09-30 13:28:49,947 - urls_to_texts - ERROR - 403 Client Error: Forbidden for url: https://prod02.elementscloud.no/publikum/Documents/ShowDmbHandlingDocument/2a1bb891-5516-42d4-a811-e6b86a7862b3/1533/CasesFremlegg
2025-09-30 13:28:49,948 - urls_to_texts - WARNING - No document fetched from https://prod02.elementscloud.no/publikum/Documents/ShowDmbHandlingDocument/2a1bb891-5516-42d4-a811-e6b86a7862b3/1533/CasesFremlegg.
2025-09-30 13:28:50,165 - urls_to_texts - ERROR - ('Connection aborted.', RemoteDisconnected('Remote end closed connection without response'))
2025-09-30 13:28:50,165 - urls_to_texts - WARNING - No document fetched from https://innsynpluss.onacos.no/api/presentation/v2/nye-innsyn/filer/v-b15978eb__8cc6__45a9__9564__1f28338ca3d7-796073_6_A!d-1100396927!8pBbzl.
2025-09-30 13:28:50,237 - urls_to_texts - ERROR - Error fetching document: Response ended prematurely
2025-09-30 13:28:50,237 - urls_to_texts - ERROR - Error fetching document 321ab29e-e600-5eff-8d71-2e32b9827c89 from https://www.askvoll.kommune.no/api/presentation/v2/nye-innsyn/filer/v-d691afea__aaff__43de__a10d__c9d8e8907141-347851_2_A!d-2022054519!uqIwvp
2025-09-30 13:28:50,308 - urls_to_texts - ERROR - Error fetching document: Response ended prematurely
2025-09-30 13:28:50,308 - urls_to_texts - ERROR - Error fetching document ab6b9494-ac27-5bb4-9ee4-cf9b5d8cfe01 from https://sunnfjord.kommune.no/api/presentation/v2/nye-innsyn/filer/v-aba08a8e__580c__4b67__bc21__70eed223f3db-2030948_1_A!d-2022246421!SQLRkq
2025-09-30 13:28:50,350 - urls_to_texts - INFO - GET [403]: https://prod01.elementscloud.no/publikum/Documents/ShowDmbHandlingDocument/7c1f435b-d2ae-4dd1-9dbd-18aef55dc2df/59/Protokoll 0.04 0
2025-09-30 13:28:50,350 - urls_to_texts - ERROR - 403 Client Error: Forbidden for url: https://prod01.elementscloud.no/publikum/Documents/ShowDmbHandlingDocument/7c1f435b-d2ae-4dd1-9dbd-18aef55dc2df/59/Protokoll
2025-09-30 13:28:50,350 - urls_to_texts - WARNING - No document fetched from https://prod01.elementscloud.no/publikum/Documents/ShowDmbHandlingDocument/7c1f435b-d2ae-4dd1-9dbd-18aef55dc2df/59/Protokoll.
2025-09-30 13:28:50,673 - urls_to_texts - INFO - GET [200]: https://www.ardal.kommune.no/api/presentation/v2/nye-innsyn/filer/v-1e069db9__ef6b__4b2b__9616__406836b162cc-461705_8_P!d-2022055283!0PllWg 0.15 45
2025-09-30 13:28:50,679 - urls_to_texts - INFO - Unsupported file extension: .html
2025-09-30 13:28:50,679 - urls_to_texts - WARNING - No text extracted from document at https://www.ardal.kommune.no/api/presentation/v2/nye-innsyn/filer/v-1e069db9__ef6b__4b2b__9616__406836b162cc-461705_8_P!d-2022055283!0PllWg.
2025-09-30 13:28:50,942 - urls_to_texts - ERROR - Error fetching document: Response ended prematurely
2025-09-30 13:28:50,942 - urls_to_texts - ERROR - Error fetching document 90b6a5ba-2bd1-5b36-924f-dc3b5fa51288 from https://innsynpluss.onacos.no/api/presentation/v2/nye-innsyn/filer/v-9a1e9dfc__3f01__4df5__a599__d213d4fbfca2-86264_1_A!d-1000042211!0CGubI
2025-09-30 13:28:51,017 - urls_to_texts - ERROR - Error fetching document: Response ended prematurely
2025-09-30 13:28:51,017 - urls_to_texts - ERROR - Error fetching document b59543d6-48f0-586f-b5c3-d5ac4afe747b from https://gloppen.kommune.no/api/presentation/v2/nye-innsyn/filer/v-dd4f3791__13e5__44ce__8656__c0623ce17d55-1634305_3_A!d-2022079043!XyK6Z6
2025-09-30 13:28:51,089 - urls_to_texts - ERROR - Error fetching document: Response ended prematurely
2025-09-30 13:28:51,089 - urls_to_texts - ERROR - Error fetching document 5c49ce9d-b841-5744-b956-06fc17030f7c from https://sunnfjord.kommune.no/api/presentation/v2/nye-innsyn/filer/v-aba08a8e__580c__4b67__bc21__70eed223f3db-2019493_27_A!d-2022241015!jxuvgB
2025-09-30 13:28:51,132 - urls_to_texts - INFO - GET [403]: https://prod02.elementscloud.no/publikum/Documents/ShowDmbHandlingDocument/eff08746-5cb4-4d88-aaf4-4bf6cd496e88/4487/CasesFremlegg 0.04 0
2025-09-30 13:28:51,132 - urls_to_texts - ERROR - 403 Client Error: Forbidden for url: https://prod02.elementscloud.no/publikum/Documents/ShowDmbHandlingDocument/eff08746-5cb4-4d88-aaf4-4bf6cd496e88/4487/CasesFremlegg
2025-09-30 13:28:51,133 - urls_to_texts - WARNING - No document fetched from https://prod02.elementscloud.no/publikum/Documents/ShowDmbHandlingDocument/eff08746-5cb4-4d88-aaf4-4bf6cd496e88/4487/CasesFremlegg.
2025-09-30 13:28:51,175 - urls_to_texts - INFO - GET [403]: https://prod01.elementscloud.no/publikum/Documents/ShowDmbHandlingDocument/8d21b1e6-6a6c-419d-87c5-2b551cb056f6/5021/Protokoll 0.04 0
2025-09-30 13:28:51,175 - urls_to_texts - ERROR - 403 Client Error: Forbidden for url: https://prod01.elementscloud.no/publikum/Documents/ShowDmbHandlingDocument/8d21b1e6-6a6c-419d-87c5-2b551cb056f6/5021/Protokoll
2025-09-30 13:28:51,175 - urls_to_texts - WARNING - No document fetched from https://prod01.elementscloud.no/publikum/Documents/ShowDmbHandlingDocument/8d21b1e6-6a6c-419d-87c5-2b551cb056f6/5021/Protokoll.
2025-09-30 13:28:51,250 - urls_to_texts - ERROR - Error fetching document: Response ended prematurely
2025-09-30 13:28:51,250 - urls_to_texts - ERROR - Error fetching document cb7a0ef5-cfdc-5e80-83f2-37dc7528b035 from https://www.fjaler.kommune.no/api/presentation/v2/nye-innsyn/filer/v-c903bb4a__6810__4e47__bfc9__e72698345f9f-349484_1_A!d-2022042646!ogqCyi
2025-09-30 13:28:51,291 - urls_to_texts - INFO - GET [403]: https://prod02.elementscloud.no/publikum/Documents/ShowMeetingDocument/f041b74e-b1e6-4615-987e-387f63721a2e/84/MP/441 0.04 0
2025-09-30 13:28:51,291 - urls_to_texts - ERROR - 403 Client Error: Forbidden for url: https://prod02.elementscloud.no/publikum/Documents/ShowMeetingDocument/f041b74e-b1e6-4615-987e-387f63721a2e/84/MP/441
2025-09-30 13:28:51,291 - urls_to_texts - WARNING - No document fetched from https://prod02.elementscloud.no/publikum/Documents/ShowMeetingDocument/f041b74e-b1e6-4615-987e-387f63721a2e/84/MP/441.
2025-09-30 13:28:51,372 - urls_to_texts - ERROR - Error fetching document: Response ended prematurely
2025-09-30 13:28:51,372 - urls_to_texts - ERROR - Error fetching document 5c90ccad-7c57-5578-bd58-f40127e6d1bf from https://stad.kommune.no/api/presentation/v2/nye-innsyn/filer/v-3dd15a26__96f4__4d7d__a998__45a817cb090e-1748694_2_A!d-2022150197!QTBBXU
2025-09-30 13:28:51,460 - urls_to_texts - ERROR - Error fetching document: Response ended prematurely
2025-09-30 13:28:51,460 - urls_to_texts - ERROR - Error fetching document b561d4fd-b69f-50e6-8d2b-b725e38d7e8b from https://www.luster.kommune.no/api/presentation/v2/nye-innsyn/filer/v-721139d1__230b__45c0__9cf1__92f0ef921828-146444_9_A!d-1100083158!Vp3o0K
2025-09-30 13:28:51,626 - urls_to_texts - INFO - GET [200]: https://www.eidfjord.kommune.no//innsyn/moteoversikt/#/details/m-e7a24bb1__f486__46d9__ada4__35680a127e2c-77!OaFXJz 0.16 41
2025-09-30 13:28:51,630 - urls_to_texts - INFO - Unsupported file extension: 
2025-09-30 13:28:51,630 - urls_to_texts - WARNING - No text extracted from document at https://www.eidfjord.kommune.no//innsyn/moteoversikt/#/details/m-e7a24bb1__f486__46d9__ada4__35680a127e2c-77!OaFXJz.
2025-09-30 13:28:51,673 - urls_to_texts - INFO - GET [403]: https://prod01.elementscloud.no/publikum/Documents/ShowDmbHandlingDocument/8d21b1e6-6a6c-419d-87c5-2b551cb056f6/5146/CasesFremlegg 0.04 0
2025-09-30 13:28:51,673 - urls_to_texts - ERROR - 403 Client Error: Forbidden for url: https://prod01.elementscloud.no/publikum/Documents/ShowDmbHandlingDocument/8d21b1e6-6a6c-419d-87c5-2b551cb056f6/5146/CasesFremlegg
2025-09-30 13:28:51,673 - urls_to_texts - WARNING - No document fetched from https://prod01.elementscloud.no/publikum/Documents/ShowDmbHandlingDocument/8d21b1e6-6a6c-419d-87c5-2b551cb056f6/5146/CasesFremlegg.
2025-09-30 13:28:51,891 - urls_to_texts - ERROR - Error fetching document: Response ended prematurely
2025-09-30 13:28:51,891 - urls_to_texts - ERROR - Error fetching document c609b0df-1de0-5afd-b845-b1f0a79998d6 from https://innsynpluss.onacos.no/api/presentation/v2/nye-innsyn/filer/v-084e0747__69df__45ac__bc47__df64cee5aa6d-94935_10_A!d-1100050476!Gay0zL
2025-09-30 13:28:51,995 - urls_to_texts - ERROR - Error fetching document: Response ended prematurely
2025-09-30 13:28:51,996 - urls_to_texts - ERROR - Error fetching document 82324ec8-af6e-5b49-8491-a44c4d376104 from https://ullensvang.kommune.no/api/presentation/v2/nye-innsyn/filer/v-0a336fc1__178f__4c38__8f38__3c7bd5ffdbe6-1747857_1_A!d-2019200754!BVMMov
2025-09-30 13:28:52,071 - urls_to_texts - ERROR - Error fetching document: Response ended prematurely
2025-09-30 13:28:52,071 - urls_to_texts - ERROR - Error fetching document 9278f7ab-851c-57f1-8acd-ac4d49a45b0a from https://gloppen.kommune.no/api/presentation/v2/nye-innsyn/filer/v-dd4f3791__13e5__44ce__8656__c0623ce17d55-1634646_5_A!d-2022079200!0JyPPu
2025-09-30 13:28:52,113 - urls_to_texts - INFO - GET [403]: https://prod02.elementscloud.no/publikum/Documents/ShowDmbHandlingDocument/e5b0d1f1-00c5-4eb0-a9f2-e3450eb803c9/1333/Protokoll 0.04 0
2025-09-30 13:28:52,113 - urls_to_texts - ERROR - 403 Client Error: Forbidden for url: https://prod02.elementscloud.no/publikum/Documents/ShowDmbHandlingDocument/e5b0d1f1-00c5-4eb0-a9f2-e3450eb803c9/1333/Protokoll
2025-09-30 13:28:52,114 - urls_to_texts - WARNING - No document fetched from https://prod02.elementscloud.no/publikum/Documents/ShowDmbHandlingDocument/e5b0d1f1-00c5-4eb0-a9f2-e3450eb803c9/1333/Protokoll.
2025-09-30 13:28:52,153 - urls_to_texts - INFO - GET [403]: https://prod02.elementscloud.no/publikum/Documents/ShowDmbHandlingDocument/a9103361-55ca-477e-ad2b-00f79954109d/1323/Protokoll 0.04 0
2025-09-30 13:28:52,154 - urls_to_texts - ERROR - 403 Client Error: Forbidden for url: https://prod02.elementscloud.no/publikum/Documents/ShowDmbHandlingDocument/a9103361-55ca-477e-ad2b-00f79954109d/1323/Protokoll
2025-09-30 13:28:52,154 - urls_to_texts - WARNING - No document fetched from https://prod02.elementscloud.no/publikum/Documents/ShowDmbHandlingDocument/a9103361-55ca-477e-ad2b-00f79954109d/1323/Protokoll.
2025-09-30 13:28:52,331 - urls_to_texts - ERROR - Error fetching document: Response ended prematurely
2025-09-30 13:28:52,331 - urls_to_texts - ERROR - Error fetching document 02e1de65-922b-545a-97e4-b0dd7b6fafb6 from https://innsynpluss.onacos.no/api/presentation/v2/nye-innsyn/filer/v-f75e6c12__234c__46f2__ba9a__a06c1d8a0442-76918_3_P!d-1100045156!MdQWWE
2025-09-30 13:28:52,406 - urls_to_texts - ERROR - Error fetching document: Response ended prematurely
2025-09-30 13:28:52,406 - urls_to_texts - ERROR - Error fetching document b413ffe7-c43d-58e3-add5-051567c9e1a5 from https://gloppen.kommune.no/api/presentation/v2/nye-innsyn/filer/v-dd4f3791__13e5__44ce__8656__c0623ce17d55-1633160_2_A!d-2022078542!xziFeJ
2025-09-30 13:28:52,823 - urls_to_texts - INFO - GET [200]: https://bergen.kommune.no/politikere-utvalg/api/fil/bk360/12857975/Innstilling-vedtak-Arsmelding-eldreradet-2024 0.29 46
2025-09-30 13:28:52,919 - urls_to_texts - INFO - Processed 40/44118 documents (skipped: 327)
2025-09-30 13:28:53,104 - urls_to_texts - INFO - GET [200]: https://www.eidfjord.kommune.no//innsyn/moteoversikt/#/details/m-e7a24bb1__f486__46d9__ada4__35680a127e2c-77!OaFXJz 0.18 41
2025-09-30 13:28:53,108 - urls_to_texts - INFO - Unsupported file extension: 
2025-09-30 13:28:53,108 - urls_to_texts - WARNING - No text extracted from document at https://www.eidfjord.kommune.no//innsyn/moteoversikt/#/details/m-e7a24bb1__f486__46d9__ada4__35680a127e2c-77!OaFXJz.
2025-09-30 13:28:53,329 - urls_to_texts - ERROR - Error fetching document: Response ended prematurely
2025-09-30 13:28:53,329 - urls_to_texts - ERROR - Error fetching document 9d2c40aa-fec7-529e-98be-8374fbb3cfdd from https://innsynpluss.onacos.no/api/presentation/v2/nye-innsyn/filer/v-eeffc487__2515__47b2__ad08__a5d4f8d5e8f5-213793_6_P!d-2013114128!TNgBDY
2025-09-30 13:28:53,371 - urls_to_texts - INFO - GET [403]: https://prod01.elementscloud.no/publikum/Documents/ShowDmbHandlingDocument/2ff0b82d-4b3d-48b4-987a-ebeff927518a/4600/Protokoll 0.04 0
2025-09-30 13:28:53,371 - urls_to_texts - ERROR - 403 Client Error: Forbidden for url: https://prod01.elementscloud.no/publikum/Documents/ShowDmbHandlingDocument/2ff0b82d-4b3d-48b4-987a-ebeff927518a/4600/Protokoll
2025-09-30 13:28:53,371 - urls_to_texts - WARNING - No document fetched from https://prod01.elementscloud.no/publikum/Documents/ShowDmbHandlingDocument/2ff0b82d-4b3d-48b4-987a-ebeff927518a/4600/Protokoll.
2025-09-30 13:28:53,411 - urls_to_texts - INFO - GET [403]: https://prod02.elementscloud.no/publikum/Documents/ShowDmbHandlingDocument/eff08746-5cb4-4d88-aaf4-4bf6cd496e88/3300/CasesFremlegg 0.04 0
2025-09-30 13:28:53,411 - urls_to_texts - ERROR - 403 Client Error: Forbidden for url: https://prod02.elementscloud.no/publikum/Documents/ShowDmbHandlingDocument/eff08746-5cb4-4d88-aaf4-4bf6cd496e88/3300/CasesFremlegg
2025-09-30 13:28:53,411 - urls_to_texts - WARNING - No document fetched from https://prod02.elementscloud.no/publikum/Documents/ShowDmbHandlingDocument/eff08746-5cb4-4d88-aaf4-4bf6cd496e88/3300/CasesFremlegg.
2025-09-30 13:28:53,451 - urls_to_texts - INFO - GET [403]: https://prod01.elementscloud.no/publikum/Documents/ShowMeetingDocument/a1811a10-8b69-4536-a305-d58a49ce3d91/306/MI/1403 0.04 0
2025-09-30 13:28:53,451 - urls_to_texts - ERROR - 403 Client Error: Forbidden for url: https://prod01.elementscloud.no/publikum/Documents/ShowMeetingDocument/a1811a10-8b69-4536-a305-d58a49ce3d91/306/MI/1403
2025-09-30 13:28:53,452 - urls_to_texts - WARNING - No document fetched from https://prod01.elementscloud.no/publikum/Documents/ShowMeetingDocument/a1811a10-8b69-4536-a305-d58a49ce3d91/306/MI/1403.
2025-09-30 13:28:53,774 - urls_to_texts - ERROR - Error fetching document: Response ended prematurely
2025-09-30 13:28:53,774 - urls_to_texts - ERROR - Error fetching document 30048057-f151-5144-816b-af7824ac6c0f from https://innsynpluss.onacos.no/api/presentation/v2/nye-innsyn/filer/v-e52fa2fa__a617__4ce7__b4a3__788287e64f0b-87050_2_A!d-1100048224!pzhY20
2025-09-30 13:28:54,141 - urls_to_texts - INFO - GET [200]: https://bjornafjorden.kommune.no/api/presentation/v2/nye-innsyn/filer/v-cc3ede69__97b5__48c8__9b5b__94ea04175932-2421296_9_P!d-2021464835!qZmz6k 0.16 46
2025-09-30 13:28:54,147 - urls_to_texts - INFO - Unsupported file extension: .html
2025-09-30 13:28:54,147 - urls_to_texts - WARNING - No text extracted from document at https://bjornafjorden.kommune.no/api/presentation/v2/nye-innsyn/filer/v-cc3ede69__97b5__48c8__9b5b__94ea04175932-2421296_9_P!d-2021464835!qZmz6k.
2025-09-30 13:28:54,335 - urls_to_texts - ERROR - Error fetching document: Response ended prematurely
2025-09-30 13:28:54,335 - urls_to_texts - ERROR - Error fetching document e0ebee2a-237d-5955-a860-ab35e18cdf94 from https://innsynpluss.onacos.no/api/presentation/v2/nye-innsyn/filer/v-5aa3fc36__7e40__40ea__a576__ab19a6e397dc-40719_5_A!d-1100022707!LXvHSD
2025-09-30 13:28:54,403 - urls_to_texts - ERROR - Error fetching document: Response ended prematurely
2025-09-30 13:28:54,403 - urls_to_texts - ERROR - Error fetching document 8b532391-bd22-5dcb-a5bc-fa2b7618c09f from https://www.hyllestad.kommune.no/api/presentation/v2/nye-innsyn/filer/v-0689a22d__4138__4cb7__ad39__fe9db3885dee-212463_2_A!d-2022027531!ja7zMx
2025-09-30 13:28:54,671 - urls_to_texts - ERROR - Error fetching document: Response ended prematurely
2025-09-30 13:28:54,671 - urls_to_texts - ERROR - Error fetching document 85324774-1b45-594b-9ecf-281573930070 from https://innsynpluss.onacos.no/api/presentation/v2/nye-innsyn/filer/v-10785b61__f1ba__405d__8af8__b65017f85ea0-346526_2_A!d-1100219540!mRetUG
2025-09-30 13:28:54,845 - urls_to_texts - ERROR - Error fetching document: Response ended prematurely
2025-09-30 13:28:54,846 - urls_to_texts - ERROR - Error fetching document 71b97328-f565-5a10-b5f5-463b820b3670 from https://innsynpluss.onacos.no/api/presentation/v2/nye-innsyn/filer/v-b15978eb__8cc6__45a9__9564__1f28338ca3d7-654001_14_A!d-1100303847!Jbcxzx
2025-09-30 13:28:55,041 - urls_to_texts - ERROR - Error fetching document: Response ended prematurely
2025-09-30 13:28:55,041 - urls_to_texts - ERROR - Error fetching document 97b721a6-2752-5133-b373-cbc9b59d8453 from https://innsynpluss.onacos.no/api/presentation/v2/nye-innsyn/filer/v-b15978eb__8cc6__45a9__9564__1f28338ca3d7-738200_1_A!d-1100364714!XiS1vJ
2025-09-30 13:28:55,226 - urls_to_texts - ERROR - Error fetching document: Response ended prematurely
2025-09-30 13:28:55,226 - urls_to_texts - ERROR - Error fetching document 615df75e-0f36-5663-9652-83af25c46d50 from https://innsynpluss.onacos.no/api/presentation/v2/nye-innsyn/filer/v-9a1e9dfc__3f01__4df5__a599__d213d4fbfca2-80715_1_A!d-1000039679!wEhnKm
2025-09-30 13:28:55,268 - urls_to_texts - INFO - GET [403]: https://prod02.elementscloud.no/publikum/Documents/ShowDmbHandlingDocument/e5b0d1f1-00c5-4eb0-a9f2-e3450eb803c9/1241/CasesFremlegg 0.04 0
2025-09-30 13:28:55,269 - urls_to_texts - ERROR - 403 Client Error: Forbidden for url: https://prod02.elementscloud.no/publikum/Documents/ShowDmbHandlingDocument/e5b0d1f1-00c5-4eb0-a9f2-e3450eb803c9/1241/CasesFremlegg
2025-09-30 13:28:55,269 - urls_to_texts - WARNING - No document fetched from https://prod02.elementscloud.no/publikum/Documents/ShowDmbHandlingDocument/e5b0d1f1-00c5-4eb0-a9f2-e3450eb803c9/1241/CasesFremlegg.
2025-09-30 13:28:55,388 - urls_to_texts - ERROR - Error fetching document: Response ended prematurely
2025-09-30 13:28:55,389 - urls_to_texts - ERROR - Error fetching document ba10a6d2-a08f-5e14-9784-6efd0503d60f from https://sunnfjord.kommune.no/api/presentation/v2/nye-innsyn/filer/v-aba08a8e__580c__4b67__bc21__70eed223f3db-2036909_17_A!d-2022249210!uZ5hFM
2025-09-30 13:28:55,753 - urls_to_texts - INFO - GET [200]: https://bjornafjorden.kommune.no/api/presentation/v2/nye-innsyn/filer/v-cc3ede69__97b5__48c8__9b5b__94ea04175932-2230387_1_A!d-2021361500!eHVFsD 0.15 46
2025-09-30 13:28:55,759 - urls_to_texts - INFO - Unsupported file extension: .html
2025-09-30 13:28:55,759 - urls_to_texts - WARNING - No text extracted from document at https://bjornafjorden.kommune.no/api/presentation/v2/nye-innsyn/filer/v-cc3ede69__97b5__48c8__9b5b__94ea04175932-2230387_1_A!d-2021361500!eHVFsD.
2025-09-30 13:28:55,849 - urls_to_texts - ERROR - Error fetching document: Response ended prematurely
2025-09-30 13:28:55,849 - urls_to_texts - ERROR - Error fetching document cabc3990-9e84-59b9-bb85-659fe2d05a83 from https://www.hoyanger.kommune.no/api/presentation/v2/nye-innsyn/filer/v-00e4d6e9__78c6__4d36__8fd8__ac504c585036-307432_6_A!d-2022067655!vnzhTj
2025-09-30 13:28:55,892 - urls_to_texts - INFO - GET [403]: https://prod01.elementscloud.no/publikum/Documents/ShowMeetingDocument/8d21b1e6-6a6c-419d-87c5-2b551cb056f6/889/MI/3620 0.04 0
2025-09-30 13:28:55,892 - urls_to_texts - ERROR - 403 Client Error: Forbidden for url: https://prod01.elementscloud.no/publikum/Documents/ShowMeetingDocument/8d21b1e6-6a6c-419d-87c5-2b551cb056f6/889/MI/3620
2025-09-30 13:28:55,893 - urls_to_texts - WARNING - No document fetched from https://prod01.elementscloud.no/publikum/Documents/ShowMeetingDocument/8d21b1e6-6a6c-419d-87c5-2b551cb056f6/889/MI/3620.
2025-09-30 13:28:57,313 - urls_to_texts - INFO - GET [200]: https://innsynpluss.onacos.no/balsfjord/moteoversikt/details/m-eeffc487__2515__47b2__ad08__a5d4f8d5e8f5-306!A354cK 0.85 2
2025-09-30 13:28:57,317 - urls_to_texts - INFO - Unsupported file extension: .html
2025-09-30 13:28:57,317 - urls_to_texts - WARNING - No text extracted from document at https://innsynpluss.onacos.no/balsfjord/moteoversikt/details/m-eeffc487__2515__47b2__ad08__a5d4f8d5e8f5-306!A354cK.
2025-09-30 13:28:57,388 - urls_to_texts - ERROR - Error fetching document: Response ended prematurely
2025-09-30 13:28:57,388 - urls_to_texts - ERROR - Error fetching document 186c2aad-60de-5a62-8a1e-b215fccffb15 from https://sunnfjord.kommune.no/api/presentation/v2/nye-innsyn/filer/v-aba08a8e__580c__4b67__bc21__70eed223f3db-2034782_1_A!d-2022248303!t1tkd3
2025-09-30 13:28:57,429 - urls_to_texts - INFO - GET [403]: https://prod02.elementscloud.no/publikum/Documents/ShowMeetingDocument/b0d5f453-caf0-475d-b3bc-9f9114471c37/101/MI/477 0.04 0
2025-09-30 13:28:57,429 - urls_to_texts - ERROR - 403 Client Error: Forbidden for url: https://prod02.elementscloud.no/publikum/Documents/ShowMeetingDocument/b0d5f453-caf0-475d-b3bc-9f9114471c37/101/MI/477
2025-09-30 13:28:57,429 - urls_to_texts - WARNING - No document fetched from https://prod02.elementscloud.no/publikum/Documents/ShowMeetingDocument/b0d5f453-caf0-475d-b3bc-9f9114471c37/101/MI/477.
2025-09-30 13:28:58,831 - urls_to_texts - INFO - GET [500]: https://innsynpluss.onacos.no/api/presentation/v2/nye-innsyn/filer/v-eeffc487__2515__47b2__ad08__a5d4f8d5e8f5-251118_1_P!d-2013132329!6PDRom?pid=115 1.4 1
2025-09-30 13:28:58,831 - urls_to_texts - ERROR - 500 Server Error: Internal Server Error for url: https://innsynpluss.onacos.no/api/presentation/v2/nye-innsyn/filer/v-eeffc487__2515__47b2__ad08__a5d4f8d5e8f5-251118_1_P!d-2013132329!6PDRom?pid=115
2025-09-30 13:28:58,831 - urls_to_texts - WARNING - No document fetched from https://innsynpluss.onacos.no/api/presentation/v2/nye-innsyn/filer/v-eeffc487__2515__47b2__ad08__a5d4f8d5e8f5-251118_1_P!d-2013132329!6PDRom?pid=115.
2025-09-30 13:28:58,896 - urls_to_texts - INFO - GET [403]: https://prod02.elementscloud.no/publikum/Documents/ShowMeetingDocument/f041b74e-b1e6-4615-987e-387f63721a2e/78/MI/515 0.06 0
2025-09-30 13:28:58,896 - urls_to_texts - ERROR - 403 Client Error: Forbidden for url: https://prod02.elementscloud.no/publikum/Documents/ShowMeetingDocument/f041b74e-b1e6-4615-987e-387f63721a2e/78/MI/515
2025-09-30 13:28:58,896 - urls_to_texts - WARNING - No document fetched from https://prod02.elementscloud.no/publikum/Documents/ShowMeetingDocument/f041b74e-b1e6-4615-987e-387f63721a2e/78/MI/515.
2025-09-30 13:28:58,937 - urls_to_texts - INFO - GET [403]: https://prod02.elementscloud.no/publikum/Documents/ShowDmbHandlingDocument/b0d5f453-caf0-475d-b3bc-9f9114471c37/1628/Protokoll 0.04 0
2025-09-30 13:28:58,938 - urls_to_texts - ERROR - 403 Client Error: Forbidden for url: https://prod02.elementscloud.no/publikum/Documents/ShowDmbHandlingDocument/b0d5f453-caf0-475d-b3bc-9f9114471c37/1628/Protokoll
2025-09-30 13:28:58,938 - urls_to_texts - WARNING - No document fetched from https://prod02.elementscloud.no/publikum/Documents/ShowDmbHandlingDocument/b0d5f453-caf0-475d-b3bc-9f9114471c37/1628/Protokoll.
2025-09-30 13:28:59,506 - urls_to_texts - INFO - GET [200]: https://bergen.kommune.no/politikere-utvalg/api/fil/bk360/12833409/Innstilling-vedtak-Representantforslag-fra-Eira-Vilde-Martinsen-Garrido-SV-om-Representantforslag-vedrorende-kulturtilbud-i-Arna-fra-Lillian-Blom-og-Eira-Garrido-Innsendt-19-2-2025 0.44 53
2025-09-30 13:28:59,567 - urls_to_texts - INFO - Processed 41/44118 documents (skipped: 339)
2025-09-30 13:28:59,609 - urls_to_texts - INFO - GET [403]: https://prod01.elementscloud.no/publikum/Documents/ShowDmbHandlingDocument/2ff0b82d-4b3d-48b4-987a-ebeff927518a/5223/Protokoll 0.04 0
2025-09-30 13:28:59,609 - urls_to_texts - ERROR - 403 Client Error: Forbidden for url: https://prod01.elementscloud.no/publikum/Documents/ShowDmbHandlingDocument/2ff0b82d-4b3d-48b4-987a-ebeff927518a/5223/Protokoll
2025-09-30 13:28:59,610 - urls_to_texts - WARNING - No document fetched from https://prod01.elementscloud.no/publikum/Documents/ShowDmbHandlingDocument/2ff0b82d-4b3d-48b4-987a-ebeff927518a/5223/Protokoll.
2025-09-30 13:28:59,679 - urls_to_texts - ERROR - Error fetching document: Response ended prematurely
2025-09-30 13:28:59,680 - urls_to_texts - ERROR - Error fetching document 6582aeb3-df55-508e-ae08-db304134a15b from https://www.askvoll.kommune.no/api/presentation/v2/nye-innsyn/filer/v-d691afea__aaff__43de__a10d__c9d8e8907141-358323_1_A!d-2022061258!UN9s4F
2025-09-30 13:28:59,722 - urls_to_texts - INFO - GET [403]: https://prod01.elementscloud.no/publikum/Documents/ShowDmbHandlingDocument/35dcc491-8e78-470e-afc8-0db3f930a352/9629/CasesFremlegg 0.04 0
2025-09-30 13:28:59,722 - urls_to_texts - ERROR - 403 Client Error: Forbidden for url: https://prod01.elementscloud.no/publikum/Documents/ShowDmbHandlingDocument/35dcc491-8e78-470e-afc8-0db3f930a352/9629/CasesFremlegg
2025-09-30 13:28:59,723 - urls_to_texts - WARNING - No document fetched from https://prod01.elementscloud.no/publikum/Documents/ShowDmbHandlingDocument/35dcc491-8e78-470e-afc8-0db3f930a352/9629/CasesFremlegg.
2025-09-30 13:28:59,789 - urls_to_texts - ERROR - Error fetching document: Response ended prematurely
2025-09-30 13:28:59,789 - urls_to_texts - ERROR - Error fetching document a69ea543-a563-5fb3-ad33-5419af7b51d5 from https://kinn.kommune.no/api/presentation/v2/nye-innsyn/filer/v-e1a6ab11__6b4d__4733__bbeb__849aa26734de-1887199_5_A!d-2022190126!4wNotU
2025-09-30 13:28:59,832 - urls_to_texts - INFO - GET [403]: https://prod01.elementscloud.no/publikum/Documents/ShowDmbHandlingDocument/35dcc491-8e78-470e-afc8-0db3f930a352/9478/Protokoll 0.04 0
2025-09-30 13:28:59,832 - urls_to_texts - ERROR - 403 Client Error: Forbidden for url: https://prod01.elementscloud.no/publikum/Documents/ShowDmbHandlingDocument/35dcc491-8e78-470e-afc8-0db3f930a352/9478/Protokoll
2025-09-30 13:28:59,833 - urls_to_texts - WARNING - No document fetched from https://prod01.elementscloud.no/publikum/Documents/ShowDmbHandlingDocument/35dcc491-8e78-470e-afc8-0db3f930a352/9478/Protokoll.
2025-09-30 13:29:00,187 - urls_to_texts - INFO - GET [200]: https://bjornafjorden.kommune.no/api/presentation/v2/nye-innsyn/filer/v-cc3ede69__97b5__48c8__9b5b__94ea04175932-2200966_1_A!d-2021343684!wmboxw 0.16 46
2025-09-30 13:29:00,190 - urls_to_texts - INFO - Unsupported file extension: .html
2025-09-30 13:29:00,190 - urls_to_texts - WARNING - No text extracted from document at https://bjornafjorden.kommune.no/api/presentation/v2/nye-innsyn/filer/v-cc3ede69__97b5__48c8__9b5b__94ea04175932-2200966_1_A!d-2021343684!wmboxw.
2025-09-30 13:29:00,302 - urls_to_texts - ERROR - Error fetching document: Response ended prematurely
2025-09-30 13:29:00,302 - urls_to_texts - ERROR - Error fetching document f11b6dd7-06d3-5919-9f27-606af62a56a7 from https://stad.kommune.no/api/presentation/v2/nye-innsyn/filer/v-3dd15a26__96f4__4d7d__a998__45a817cb090e-1780480_1_A!d-2022168071!Epk8QI
2025-09-30 13:29:00,345 - urls_to_texts - INFO - GET [403]: https://prod01.elementscloud.no/publikum/Documents/ShowDmbHandlingDocument/0f947f6b-b1b0-4470-840e-4226ef3244af/9108/Protokoll 0.04 0
2025-09-30 13:29:00,346 - urls_to_texts - ERROR - 403 Client Error: Forbidden for url: https://prod01.elementscloud.no/publikum/Documents/ShowDmbHandlingDocument/0f947f6b-b1b0-4470-840e-4226ef3244af/9108/Protokoll
2025-09-30 13:29:00,346 - urls_to_texts - WARNING - No document fetched from https://prod01.elementscloud.no/publikum/Documents/ShowDmbHandlingDocument/0f947f6b-b1b0-4470-840e-4226ef3244af/9108/Protokoll.
2025-09-30 13:29:00,389 - urls_to_texts - INFO - GET [403]: https://prod01.elementscloud.no/publikum/Documents/ShowDmbHandlingDocument/58bcb069-e37a-4130-9be0-e56f6fb533b7/2546/CasesFremlegg 0.04 0
2025-09-30 13:29:00,389 - urls_to_texts - ERROR - 403 Client Error: Forbidden for url: https://prod01.elementscloud.no/publikum/Documents/ShowDmbHandlingDocument/58bcb069-e37a-4130-9be0-e56f6fb533b7/2546/CasesFremlegg
2025-09-30 13:29:00,390 - urls_to_texts - WARNING - No document fetched from https://prod01.elementscloud.no/publikum/Documents/ShowDmbHandlingDocument/58bcb069-e37a-4130-9be0-e56f6fb533b7/2546/CasesFremlegg.
2025-09-30 13:29:00,429 - urls_to_texts - INFO - GET [403]: https://prod02.elementscloud.no/publikum/Documents/ShowDmbHandlingDocument/f041b74e-b1e6-4615-987e-387f63721a2e/1349/Protokoll 0.04 0
2025-09-30 13:29:00,429 - urls_to_texts - ERROR - 403 Client Error: Forbidden for url: https://prod02.elementscloud.no/publikum/Documents/ShowDmbHandlingDocument/f041b74e-b1e6-4615-987e-387f63721a2e/1349/Protokoll
2025-09-30 13:29:00,429 - urls_to_texts - WARNING - No document fetched from https://prod02.elementscloud.no/publikum/Documents/ShowDmbHandlingDocument/f041b74e-b1e6-4615-987e-387f63721a2e/1349/Protokoll.
2025-09-30 13:29:00,498 - urls_to_texts - ERROR - Error fetching document: Response ended prematurely
2025-09-30 13:29:00,498 - urls_to_texts - ERROR - Error fetching document f44efe6a-f4d3-545d-a8a4-04611b6283e1 from https://www.vik.kommune.no/api/presentation/v2/nye-innsyn/filer/v-bec2a5c5__3bcb__4c0c__84b1__7d98e38db8ce-297108_7_A!d-2022032951!LoWGIL
2025-09-30 13:29:00,908 - urls_to_texts - INFO - GET [200]: https://laerdal.kommune.no/api/presentation/v2/nye-innsyn/filer/v-f63e1f7f__0e35__4b7d__a71a__b9b0275d02d1-255526_2_P!d-2022031335!5iJk0k?pid=2 0.3 971
2025-09-30 13:29:01,778 - urls_to_texts - INFO - Processed 42/44118 documents (skipped: 344)
2025-09-30 13:29:02,223 - urls_to_texts - ERROR - Error fetching document: Response ended prematurely
2025-09-30 13:29:02,223 - urls_to_texts - ERROR - Error fetching document 38e117a0-9a77-5df0-8d0d-9fd147c3efc1 from https://innsynpluss.onacos.no/api/presentation/v2/nye-innsyn/filer/v-9a1e9dfc__3f01__4df5__a599__d213d4fbfca2-82490_1_A!d-1000040462!BbKukM
2025-09-30 13:29:02,262 - urls_to_texts - INFO - GET [403]: https://prod02.elementscloud.no/publikum/Documents/ShowDmbHandlingDocument/eff08746-5cb4-4d88-aaf4-4bf6cd496e88/4103/CasesFremlegg 0.04 0
2025-09-30 13:29:02,262 - urls_to_texts - ERROR - 403 Client Error: Forbidden for url: https://prod02.elementscloud.no/publikum/Documents/ShowDmbHandlingDocument/eff08746-5cb4-4d88-aaf4-4bf6cd496e88/4103/CasesFremlegg
2025-09-30 13:29:02,262 - urls_to_texts - WARNING - No document fetched from https://prod02.elementscloud.no/publikum/Documents/ShowDmbHandlingDocument/eff08746-5cb4-4d88-aaf4-4bf6cd496e88/4103/CasesFremlegg.
2025-09-30 13:29:02,306 - urls_to_texts - INFO - GET [403]: https://prod02.elementscloud.no/publikum/Documents/ShowDmbHandlingDocument/76dc8fa9-13be-48a4-b5a8-5168c5a1e3f6/1011/CasesFremlegg 0.04 0
2025-09-30 13:29:02,307 - urls_to_texts - ERROR - 403 Client Error: Forbidden for url: https://prod02.elementscloud.no/publikum/Documents/ShowDmbHandlingDocument/76dc8fa9-13be-48a4-b5a8-5168c5a1e3f6/1011/CasesFremlegg
2025-09-30 13:29:02,307 - urls_to_texts - WARNING - No document fetched from https://prod02.elementscloud.no/publikum/Documents/ShowDmbHandlingDocument/76dc8fa9-13be-48a4-b5a8-5168c5a1e3f6/1011/CasesFremlegg.
2025-09-30 13:29:02,348 - urls_to_texts - INFO - GET [403]: https://prod01.elementscloud.no/publikum/Documents/ShowDmbHandlingDocument/3babd1aa-82df-406b-8a71-390619586974/7796/Protokoll 0.04 0
2025-09-30 13:29:02,348 - urls_to_texts - ERROR - 403 Client Error: Forbidden for url: https://prod01.elementscloud.no/publikum/Documents/ShowDmbHandlingDocument/3babd1aa-82df-406b-8a71-390619586974/7796/Protokoll
2025-09-30 13:29:02,348 - urls_to_texts - WARNING - No document fetched from https://prod01.elementscloud.no/publikum/Documents/ShowDmbHandlingDocument/3babd1aa-82df-406b-8a71-390619586974/7796/Protokoll.
2025-09-30 13:29:02,422 - urls_to_texts - ERROR - Error fetching document: Response ended prematurely
2025-09-30 13:29:02,423 - urls_to_texts - ERROR - Error fetching document be6ea506-346f-57f4-b310-034c5dfae9d9 from https://www.ulvik.kommune.no/api/presentation/v2/nye-innsyn/filer/v-fbd4410b__3d1a__4153__a3c5__50e18ebc878e-221251_7_A!d-2024014615!p6NuDC
2025-09-30 13:29:02,467 - urls_to_texts - INFO - GET [403]: https://prod01.elementscloud.no/publikum/Documents/ShowDmbHandlingDocument/0f947f6b-b1b0-4470-840e-4226ef3244af/9373/CasesFremlegg 0.04 0
2025-09-30 13:29:02,467 - urls_to_texts - ERROR - 403 Client Error: Forbidden for url: https://prod01.elementscloud.no/publikum/Documents/ShowDmbHandlingDocument/0f947f6b-b1b0-4470-840e-4226ef3244af/9373/CasesFremlegg
2025-09-30 13:29:02,467 - urls_to_texts - WARNING - No document fetched from https://prod01.elementscloud.no/publikum/Documents/ShowDmbHandlingDocument/0f947f6b-b1b0-4470-840e-4226ef3244af/9373/CasesFremlegg.
2025-09-30 13:29:02,518 - urls_to_texts - INFO - GET [403]: https://prod01.elementscloud.no/publikum/Documents/ShowDmbHandlingDocument/35dcc491-8e78-470e-afc8-0db3f930a352/10123/Protokoll 0.05 0
2025-09-30 13:29:02,518 - urls_to_texts - ERROR - 403 Client Error: Forbidden for url: https://prod01.elementscloud.no/publikum/Documents/ShowDmbHandlingDocument/35dcc491-8e78-470e-afc8-0db3f930a352/10123/Protokoll
2025-09-30 13:29:02,519 - urls_to_texts - WARNING - No document fetched from https://prod01.elementscloud.no/publikum/Documents/ShowDmbHandlingDocument/35dcc491-8e78-470e-afc8-0db3f930a352/10123/Protokoll.
2025-09-30 13:29:02,779 - urls_to_texts - INFO - GET [200]: https://www.eidfjord.kommune.no//innsyn/moteoversikt/#/details/m-e7a24bb1__f486__46d9__ada4__35680a127e2c-68!dTfj2z 0.26 41
2025-09-30 13:29:02,782 - urls_to_texts - INFO - Unsupported file extension: 
2025-09-30 13:29:02,782 - urls_to_texts - WARNING - No text extracted from document at https://www.eidfjord.kommune.no//innsyn/moteoversikt/#/details/m-e7a24bb1__f486__46d9__ada4__35680a127e2c-68!dTfj2z.
2025-09-30 13:29:03,226 - urls_to_texts - INFO - GET [200]: https://bergen.kommune.no/politikere-utvalg/api/fil/bk360/12947901/Innstilling-vedtak-Saerskilte-bestemmelser-for-folkevalgte-i-Bergen-kommune-pensjonsordninger-tillegg-til-SGS-2020 0.3 71
2025-09-30 13:29:03,292 - urls_to_texts - INFO - Processed 43/44118 documents (skipped: 346)
2025-09-30 13:29:03,360 - urls_to_texts - ERROR - Error fetching document: Response ended prematurely
2025-09-30 13:29:03,360 - urls_to_texts - ERROR - Error fetching document 2f95791b-f365-58db-80da-148f08d084c3 from https://voss.herad.no/api/presentation/v2/nye-innsyn/filer/v-b1707b4a__7a25__41f1__939c__a9a8523356cf-263682_3_P!d-1100129028!XyYCwx
2025-09-30 13:29:03,402 - urls_to_texts - INFO - GET [403]: https://prod02.elementscloud.no/publikum/Documents/ShowDmbHandlingDocument/a9103361-55ca-477e-ad2b-00f79954109d/1109/CasesFremlegg 0.04 0
2025-09-30 13:29:03,402 - urls_to_texts - ERROR - 403 Client Error: Forbidden for url: https://prod02.elementscloud.no/publikum/Documents/ShowDmbHandlingDocument/a9103361-55ca-477e-ad2b-00f79954109d/1109/CasesFremlegg
2025-09-30 13:29:03,403 - urls_to_texts - WARNING - No document fetched from https://prod02.elementscloud.no/publikum/Documents/ShowDmbHandlingDocument/a9103361-55ca-477e-ad2b-00f79954109d/1109/CasesFremlegg.
2025-09-30 13:29:04,916 - urls_to_texts - INFO - GET [200]: https://innsynpluss.onacos.no/kvanangen/innsyn/moteoversikt/#/details/m-5aa3fc36__7e40__40ea__a576__ab19a6e397dc-236!Mvaliq 1.51 39
2025-09-30 13:29:04,919 - urls_to_texts - INFO - Unsupported file extension: 
2025-09-30 13:29:04,927 - urls_to_texts - WARNING - No text extracted from document at https://innsynpluss.onacos.no/kvanangen/innsyn/moteoversikt/#/details/m-5aa3fc36__7e40__40ea__a576__ab19a6e397dc-236!Mvaliq.
2025-09-30 13:29:04,967 - urls_to_texts - INFO - GET [403]: https://prod01.elementscloud.no/publikum/Documents/ShowMeetingDocument/35dcc491-8e78-470e-afc8-0db3f930a352/469/MI/1984 0.04 0
2025-09-30 13:29:04,967 - urls_to_texts - ERROR - 403 Client Error: Forbidden for url: https://prod01.elementscloud.no/publikum/Documents/ShowMeetingDocument/35dcc491-8e78-470e-afc8-0db3f930a352/469/MI/1984
2025-09-30 13:29:04,967 - urls_to_texts - WARNING - No document fetched from https://prod01.elementscloud.no/publikum/Documents/ShowMeetingDocument/35dcc491-8e78-470e-afc8-0db3f930a352/469/MI/1984.
2025-09-30 13:29:05,010 - urls_to_texts - INFO - GET [403]: https://prod01.elementscloud.no/publikum/Documents/ShowDmbHandlingDocument/a1811a10-8b69-4536-a305-d58a49ce3d91/3678/Protokoll 0.04 0
2025-09-30 13:29:05,010 - urls_to_texts - ERROR - 403 Client Error: Forbidden for url: https://prod01.elementscloud.no/publikum/Documents/ShowDmbHandlingDocument/a1811a10-8b69-4536-a305-d58a49ce3d91/3678/Protokoll
2025-09-30 13:29:05,011 - urls_to_texts - WARNING - No document fetched from https://prod01.elementscloud.no/publikum/Documents/ShowDmbHandlingDocument/a1811a10-8b69-4536-a305-d58a49ce3d91/3678/Protokoll.
2025-09-30 13:29:05,081 - urls_to_texts - ERROR - Error fetching document: Response ended prematurely
2025-09-30 13:29:05,082 - urls_to_texts - ERROR - Error fetching document ff56faed-1c97-53ee-8f6e-a74d03f578d4 from https://www.oksnes.kommune.no/api/presentation/v2/nye-innsyn/filer/v-d8cad916__46db__494b__a3e7__5241057da539-57271_2_P!d-1100024183!DLtdlt
2025-09-30 13:29:05,129 - urls_to_texts - INFO - GET [403]: https://prod02.elementscloud.no/publikum/Documents/ShowDmbHandlingDocument/7db3a691-f482-4720-b101-c3a44cb31481/3375/Protokoll 0.05 0
2025-09-30 13:29:05,129 - urls_to_texts - ERROR - 403 Client Error: Forbidden for url: https://prod02.elementscloud.no/publikum/Documents/ShowDmbHandlingDocument/7db3a691-f482-4720-b101-c3a44cb31481/3375/Protokoll
2025-09-30 13:29:05,129 - urls_to_texts - WARNING - No document fetched from https://prod02.elementscloud.no/publikum/Documents/ShowDmbHandlingDocument/7db3a691-f482-4720-b101-c3a44cb31481/3375/Protokoll.
2025-09-30 13:29:05,170 - urls_to_texts - INFO - GET [403]: https://prod02.elementscloud.no/publikum/Documents/ShowDmbHandlingDocument/7db3a691-f482-4720-b101-c3a44cb31481/2934/Protokoll 0.04 0
2025-09-30 13:29:05,170 - urls_to_texts - ERROR - 403 Client Error: Forbidden for url: https://prod02.elementscloud.no/publikum/Documents/ShowDmbHandlingDocument/7db3a691-f482-4720-b101-c3a44cb31481/2934/Protokoll
2025-09-30 13:29:05,171 - urls_to_texts - WARNING - No document fetched from https://prod02.elementscloud.no/publikum/Documents/ShowDmbHandlingDocument/7db3a691-f482-4720-b101-c3a44cb31481/2934/Protokoll.
2025-09-30 13:29:05,598 - urls_to_texts - ERROR - Error fetching document: Response ended prematurely
2025-09-30 13:29:05,598 - urls_to_texts - ERROR - Error fetching document 73d8e231-ceeb-5df7-87e1-2c43266149d2 from https://innsynpluss.onacos.no/api/presentation/v2/nye-innsyn/filer/v-9a1e9dfc__3f01__4df5__a599__d213d4fbfca2-77350_9_A!d-1000038087!3q74Nx
2025-09-30 13:29:05,640 - urls_to_texts - INFO - GET [403]: https://prod02.elementscloud.no/publikum/Documents/ShowDmbHandlingDocument/7db3a691-f482-4720-b101-c3a44cb31481/3367/Protokoll 0.04 0
2025-09-30 13:29:05,640 - urls_to_texts - ERROR - 403 Client Error: Forbidden for url: https://prod02.elementscloud.no/publikum/Documents/ShowDmbHandlingDocument/7db3a691-f482-4720-b101-c3a44cb31481/3367/Protokoll
2025-09-30 13:29:05,640 - urls_to_texts - WARNING - No document fetched from https://prod02.elementscloud.no/publikum/Documents/ShowDmbHandlingDocument/7db3a691-f482-4720-b101-c3a44cb31481/3367/Protokoll.
2025-09-30 13:29:05,737 - urls_to_texts - ERROR - Error fetching document: Response ended prematurely
2025-09-30 13:29:05,737 - urls_to_texts - ERROR - Error fetching document c45c4eab-8337-5301-ae7b-91f8dd6034d5 from https://stad.kommune.no/api/presentation/v2/nye-innsyn/filer/v-3dd15a26__96f4__4d7d__a998__45a817cb090e-1763864_3_A!d-2022158425!Ps5g6x
2025-09-30 13:29:05,779 - urls_to_texts - INFO - GET [403]: https://prod02.elementscloud.no/publikum/Documents/ShowDmbHandlingDocument/7db3a691-f482-4720-b101-c3a44cb31481/3700/CasesFremlegg 0.04 0
2025-09-30 13:29:05,779 - urls_to_texts - ERROR - 403 Client Error: Forbidden for url: https://prod02.elementscloud.no/publikum/Documents/ShowDmbHandlingDocument/7db3a691-f482-4720-b101-c3a44cb31481/3700/CasesFremlegg
2025-09-30 13:29:05,780 - urls_to_texts - WARNING - No document fetched from https://prod02.elementscloud.no/publikum/Documents/ShowDmbHandlingDocument/7db3a691-f482-4720-b101-c3a44cb31481/3700/CasesFremlegg.
2025-09-30 13:29:06,011 - urls_to_texts - ERROR - Error fetching document: Response ended prematurely
2025-09-30 13:29:06,011 - urls_to_texts - ERROR - Error fetching document 7191f91a-d0f8-57ea-a9c1-846f5750ad44 from https://innsynpluss.onacos.no/api/presentation/v2/nye-innsyn/filer/v-b15978eb__8cc6__45a9__9564__1f28338ca3d7-719093_8_A!d-1100354648!nF2g7O
2025-09-30 13:29:06,053 - urls_to_texts - INFO - GET [403]: https://prod02.elementscloud.no/publikum/Documents/ShowDmbHandlingDocument/2a1bb891-5516-42d4-a811-e6b86a7862b3/1375/CasesFremlegg 0.04 0
2025-09-30 13:29:06,053 - urls_to_texts - ERROR - 403 Client Error: Forbidden for url: https://prod02.elementscloud.no/publikum/Documents/ShowDmbHandlingDocument/2a1bb891-5516-42d4-a811-e6b86a7862b3/1375/CasesFremlegg
2025-09-30 13:29:06,054 - urls_to_texts - WARNING - No document fetched from https://prod02.elementscloud.no/publikum/Documents/ShowDmbHandlingDocument/2a1bb891-5516-42d4-a811-e6b86a7862b3/1375/CasesFremlegg.
2025-09-30 13:29:06,097 - urls_to_texts - INFO - GET [403]: https://prod01.elementscloud.no/publikum/Documents/ShowDmbHandlingDocument/7c1f435b-d2ae-4dd1-9dbd-18aef55dc2df/191/CasesFremlegg 0.04 0
2025-09-30 13:29:06,097 - urls_to_texts - ERROR - 403 Client Error: Forbidden for url: https://prod01.elementscloud.no/publikum/Documents/ShowDmbHandlingDocument/7c1f435b-d2ae-4dd1-9dbd-18aef55dc2df/191/CasesFremlegg
2025-09-30 13:29:06,097 - urls_to_texts - WARNING - No document fetched from https://prod01.elementscloud.no/publikum/Documents/ShowDmbHandlingDocument/7c1f435b-d2ae-4dd1-9dbd-18aef55dc2df/191/CasesFremlegg.
2025-09-30 13:29:06,174 - urls_to_texts - ERROR - Error fetching document: Response ended prematurely
2025-09-30 13:29:06,174 - urls_to_texts - ERROR - Error fetching document ecef6284-9d07-57f3-86a3-ddfb4115685f from https://kinn.kommune.no/api/presentation/v2/nye-innsyn/filer/v-e1a6ab11__6b4d__4733__bbeb__849aa26734de-1870723_1_A!d-2022181765!0gxJiy
2025-09-30 13:29:06,215 - urls_to_texts - INFO - GET [403]: https://prod02.elementscloud.no/publikum/Documents/ShowMeetingDocument/7db3a691-f482-4720-b101-c3a44cb31481/154/MI/561 0.04 0
2025-09-30 13:29:06,215 - urls_to_texts - ERROR - 403 Client Error: Forbidden for url: https://prod02.elementscloud.no/publikum/Documents/ShowMeetingDocument/7db3a691-f482-4720-b101-c3a44cb31481/154/MI/561
2025-09-30 13:29:06,215 - urls_to_texts - WARNING - No document fetched from https://prod02.elementscloud.no/publikum/Documents/ShowMeetingDocument/7db3a691-f482-4720-b101-c3a44cb31481/154/MI/561.
2025-09-30 13:29:06,257 - urls_to_texts - INFO - GET [403]: https://prod02.elementscloud.no/publikum/Documents/ShowDmbHandlingDocument/b0d5f453-caf0-475d-b3bc-9f9114471c37/2032/Protokoll 0.04 0
2025-09-30 13:29:06,257 - urls_to_texts - ERROR - 403 Client Error: Forbidden for url: https://prod02.elementscloud.no/publikum/Documents/ShowDmbHandlingDocument/b0d5f453-caf0-475d-b3bc-9f9114471c37/2032/Protokoll
2025-09-30 13:29:06,258 - urls_to_texts - WARNING - No document fetched from https://prod02.elementscloud.no/publikum/Documents/ShowDmbHandlingDocument/b0d5f453-caf0-475d-b3bc-9f9114471c37/2032/Protokoll.
2025-09-30 13:29:06,333 - urls_to_texts - ERROR - Error fetching document: Response ended prematurely
2025-09-30 13:29:06,334 - urls_to_texts - ERROR - Error fetching document 4fea6e98-ff3e-545b-9747-52821c9c08e9 from https://www.hyllestad.kommune.no/api/presentation/v2/nye-innsyn/filer/v-0689a22d__4138__4cb7__ad39__fe9db3885dee-208055_1_A!d-2022025193!MzhIQC
2025-09-30 13:29:06,740 - urls_to_texts - ERROR - Error fetching document: Response ended prematurely
2025-09-30 13:29:06,740 - urls_to_texts - ERROR - Error fetching document 8a236719-d183-5b82-822d-f4753eb8cec8 from https://innsynpluss.onacos.no/api/presentation/v2/nye-innsyn/filer/v-084e0747__69df__45ac__bc47__df64cee5aa6d-106322_1_A!d-1100055858!LFybG8
2025-09-30 13:29:06,822 - urls_to_texts - ERROR - Error fetching document: Response ended prematurely
2025-09-30 13:29:06,822 - urls_to_texts - ERROR - Error fetching document b1224084-9c1e-586c-acd5-3b5d67f4e187 from https://www.hoyanger.kommune.no/api/presentation/v2/nye-innsyn/filer/v-00e4d6e9__78c6__4d36__8fd8__ac504c585036-306778_2_A!d-2022067296!gIQ3ve
2025-09-30 13:29:06,867 - urls_to_texts - INFO - GET [403]: https://prod02.elementscloud.no/publikum/Documents/ShowDmbHandlingDocument/f041b74e-b1e6-4615-987e-387f63721a2e/984/Protokoll 0.04 0
2025-09-30 13:29:06,867 - urls_to_texts - ERROR - 403 Client Error: Forbidden for url: https://prod02.elementscloud.no/publikum/Documents/ShowDmbHandlingDocument/f041b74e-b1e6-4615-987e-387f63721a2e/984/Protokoll
2025-09-30 13:29:06,868 - urls_to_texts - WARNING - No document fetched from https://prod02.elementscloud.no/publikum/Documents/ShowDmbHandlingDocument/f041b74e-b1e6-4615-987e-387f63721a2e/984/Protokoll.
2025-09-30 13:29:06,916 - urls_to_texts - INFO - GET [403]: https://prod01.elementscloud.no/publikum/Documents/ShowDmbHandlingDocument/3babd1aa-82df-406b-8a71-390619586974/7985/Protokoll 0.05 0
2025-09-30 13:29:06,917 - urls_to_texts - ERROR - 403 Client Error: Forbidden for url: https://prod01.elementscloud.no/publikum/Documents/ShowDmbHandlingDocument/3babd1aa-82df-406b-8a71-390619586974/7985/Protokoll
2025-09-30 13:29:06,917 - urls_to_texts - WARNING - No document fetched from https://prod01.elementscloud.no/publikum/Documents/ShowDmbHandlingDocument/3babd1aa-82df-406b-8a71-390619586974/7985/Protokoll.
2025-09-30 13:29:06,958 - urls_to_texts - INFO - GET [403]: https://prod01.elementscloud.no/publikum/Documents/ShowMeetingDocument/3babd1aa-82df-406b-8a71-390619586974/451/MI/2139 0.04 0
2025-09-30 13:29:06,959 - urls_to_texts - ERROR - 403 Client Error: Forbidden for url: https://prod01.elementscloud.no/publikum/Documents/ShowMeetingDocument/3babd1aa-82df-406b-8a71-390619586974/451/MI/2139
2025-09-30 13:29:06,959 - urls_to_texts - WARNING - No document fetched from https://prod01.elementscloud.no/publikum/Documents/ShowMeetingDocument/3babd1aa-82df-406b-8a71-390619586974/451/MI/2139.
2025-09-30 13:29:07,002 - urls_to_texts - INFO - GET [403]: https://prod02.elementscloud.no/publikum/Documents/ShowDmbHandlingDocument/76dc8fa9-13be-48a4-b5a8-5168c5a1e3f6/374/CasesFremlegg 0.04 0
2025-09-30 13:29:07,002 - urls_to_texts - ERROR - 403 Client Error: Forbidden for url: https://prod02.elementscloud.no/publikum/Documents/ShowDmbHandlingDocument/76dc8fa9-13be-48a4-b5a8-5168c5a1e3f6/374/CasesFremlegg
2025-09-30 13:29:07,003 - urls_to_texts - WARNING - No document fetched from https://prod02.elementscloud.no/publikum/Documents/ShowDmbHandlingDocument/76dc8fa9-13be-48a4-b5a8-5168c5a1e3f6/374/CasesFremlegg.
2025-09-30 13:29:07,043 - urls_to_texts - INFO - GET [403]: https://prod02.elementscloud.no/publikum/Documents/ShowMeetingDocument/2a1bb891-5516-42d4-a811-e6b86a7862b3/157/MI/589 0.04 0
2025-09-30 13:29:07,043 - urls_to_texts - ERROR - 403 Client Error: Forbidden for url: https://prod02.elementscloud.no/publikum/Documents/ShowMeetingDocument/2a1bb891-5516-42d4-a811-e6b86a7862b3/157/MI/589
2025-09-30 13:29:07,043 - urls_to_texts - WARNING - No document fetched from https://prod02.elementscloud.no/publikum/Documents/ShowMeetingDocument/2a1bb891-5516-42d4-a811-e6b86a7862b3/157/MI/589.
2025-09-30 13:29:09,166 - urls_to_texts - INFO - GET [200]: https://innsyn.tromso.kommune.no/application/getMoteDokument?dokid=2002184936 1.15 3510
2025-09-30 13:29:09,498 - urls_to_texts - INFO - Processed 44/44118 documents (skipped: 352)
2025-09-30 13:29:09,767 - urls_to_texts - INFO - GET [200]: https://www.eidfjord.kommune.no//innsyn/moteoversikt/#/details/m-e7a24bb1__f486__46d9__ada4__35680a127e2c-147!pVSc74 0.27 41
2025-09-30 13:29:09,772 - urls_to_texts - INFO - Unsupported file extension: 
2025-09-30 13:29:09,772 - urls_to_texts - WARNING - No text extracted from document at https://www.eidfjord.kommune.no//innsyn/moteoversikt/#/details/m-e7a24bb1__f486__46d9__ada4__35680a127e2c-147!pVSc74.
2025-09-30 13:29:09,812 - urls_to_texts - INFO - GET [403]: https://prod02.elementscloud.no/publikum/Documents/ShowDmbHandlingDocument/eff08746-5cb4-4d88-aaf4-4bf6cd496e88/5012/CasesFremlegg 0.04 0
2025-09-30 13:29:09,812 - urls_to_texts - ERROR - 403 Client Error: Forbidden for url: https://prod02.elementscloud.no/publikum/Documents/ShowDmbHandlingDocument/eff08746-5cb4-4d88-aaf4-4bf6cd496e88/5012/CasesFremlegg
2025-09-30 13:29:09,813 - urls_to_texts - WARNING - No document fetched from https://prod02.elementscloud.no/publikum/Documents/ShowDmbHandlingDocument/eff08746-5cb4-4d88-aaf4-4bf6cd496e88/5012/CasesFremlegg.
2025-09-30 13:29:09,903 - urls_to_texts - ERROR - Error fetching document: Response ended prematurely
2025-09-30 13:29:09,904 - urls_to_texts - ERROR - Error fetching document b6ca1ef9-ea9e-5285-b9f7-5a8a3a07e1c6 from https://sunnfjord.kommune.no/api/presentation/v2/nye-innsyn/filer/v-aba08a8e__580c__4b67__bc21__70eed223f3db-1990182_1_A!d-2022227170!yLt1F7
2025-09-30 13:29:09,944 - urls_to_texts - INFO - GET [403]: https://prod01.elementscloud.no/publikum/Documents/ShowDmbHandlingDocument/58bcb069-e37a-4130-9be0-e56f6fb533b7/2478/Protokoll 0.04 0
2025-09-30 13:29:09,945 - urls_to_texts - ERROR - 403 Client Error: Forbidden for url: https://prod01.elementscloud.no/publikum/Documents/ShowDmbHandlingDocument/58bcb069-e37a-4130-9be0-e56f6fb533b7/2478/Protokoll
2025-09-30 13:29:09,945 - urls_to_texts - WARNING - No document fetched from https://prod01.elementscloud.no/publikum/Documents/ShowDmbHandlingDocument/58bcb069-e37a-4130-9be0-e56f6fb533b7/2478/Protokoll.
2025-09-30 13:29:10,038 - urls_to_texts - ERROR - Error fetching document: Response ended prematurely
2025-09-30 13:29:10,039 - urls_to_texts - ERROR - Error fetching document 073cfdf3-e652-5a2d-8da2-05c730aec8f9 from https://stad.kommune.no/api/presentation/v2/nye-innsyn/filer/v-3dd15a26__96f4__4d7d__a998__45a817cb090e-1769624_2_A!d-2022161283!R7liEX
2025-09-30 13:29:10,128 - urls_to_texts - ERROR - Error fetching document: Response ended prematurely
2025-09-30 13:29:10,129 - urls_to_texts - ERROR - Error fetching document e3340709-f3ac-5631-9153-0651902c684d from https://stad.kommune.no/api/presentation/v2/nye-innsyn/filer/v-3dd15a26__96f4__4d7d__a998__45a817cb090e-1739877_2_A!d-2022145345!gB2zUh
2025-09-30 13:29:10,377 - urls_to_texts - ERROR - Error fetching document: Response ended prematurely
2025-09-30 13:29:10,377 - urls_to_texts - ERROR - Error fetching document f1b59392-8bd1-5361-ae55-ea8aeca7c740 from https://innsynpluss.onacos.no/api/presentation/v2/nye-innsyn/filer/v-10785b61__f1ba__405d__8af8__b65017f85ea0-378548_1_A!d-1100236983!iCULkn
2025-09-30 13:29:10,432 - urls_to_texts - INFO - GET [403]: https://prod01.elementscloud.no/publikum/Documents/ShowDmbHandlingDocument/35dcc491-8e78-470e-afc8-0db3f930a352/9692/Protokoll 0.05 0
2025-09-30 13:29:10,432 - urls_to_texts - ERROR - 403 Client Error: Forbidden for url: https://prod01.elementscloud.no/publikum/Documents/ShowDmbHandlingDocument/35dcc491-8e78-470e-afc8-0db3f930a352/9692/Protokoll
2025-09-30 13:29:10,433 - urls_to_texts - WARNING - No document fetched from https://prod01.elementscloud.no/publikum/Documents/ShowDmbHandlingDocument/35dcc491-8e78-470e-afc8-0db3f930a352/9692/Protokoll.
2025-09-30 13:29:10,778 - urls_to_texts - INFO - GET [200]: https://bjornafjorden.kommune.no/api/presentation/v2/nye-innsyn/filer/v-cc3ede69__97b5__48c8__9b5b__94ea04175932-2264259_1_A!d-2021387449!iQqyrO 0.18 46
2025-09-30 13:29:10,785 - urls_to_texts - INFO - Unsupported file extension: .html
2025-09-30 13:29:10,785 - urls_to_texts - WARNING - No text extracted from document at https://bjornafjorden.kommune.no/api/presentation/v2/nye-innsyn/filer/v-cc3ede69__97b5__48c8__9b5b__94ea04175932-2264259_1_A!d-2021387449!iQqyrO.
2025-09-30 13:29:10,855 - urls_to_texts - ERROR - Error fetching document: Response ended prematurely
2025-09-30 13:29:10,856 - urls_to_texts - ERROR - Error fetching document 6afbbf23-6578-55be-8749-706c9c9c2f80 from https://www.hyllestad.kommune.no/api/presentation/v2/nye-innsyn/filer/v-0689a22d__4138__4cb7__ad39__fe9db3885dee-214509_2_A!d-2022029015!fYxShT
2025-09-30 13:29:10,898 - urls_to_texts - INFO - GET [403]: https://prod02.elementscloud.no/publikum/Documents/ShowDmbHandlingDocument/eff08746-5cb4-4d88-aaf4-4bf6cd496e88/4473/Protokoll 0.04 0
2025-09-30 13:29:10,898 - urls_to_texts - ERROR - 403 Client Error: Forbidden for url: https://prod02.elementscloud.no/publikum/Documents/ShowDmbHandlingDocument/eff08746-5cb4-4d88-aaf4-4bf6cd496e88/4473/Protokoll
2025-09-30 13:29:10,899 - urls_to_texts - WARNING - No document fetched from https://prod02.elementscloud.no/publikum/Documents/ShowDmbHandlingDocument/eff08746-5cb4-4d88-aaf4-4bf6cd496e88/4473/Protokoll.
2025-09-30 13:29:10,943 - urls_to_texts - INFO - GET [403]: https://prod01.elementscloud.no/publikum/Documents/ShowDmbHandlingDocument/3babd1aa-82df-406b-8a71-390619586974/7614/CasesFremlegg 0.04 0
2025-09-30 13:29:10,943 - urls_to_texts - ERROR - 403 Client Error: Forbidden for url: https://prod01.elementscloud.no/publikum/Documents/ShowDmbHandlingDocument/3babd1aa-82df-406b-8a71-390619586974/7614/CasesFremlegg
2025-09-30 13:29:10,943 - urls_to_texts - WARNING - No document fetched from https://prod01.elementscloud.no/publikum/Documents/ShowDmbHandlingDocument/3babd1aa-82df-406b-8a71-390619586974/7614/CasesFremlegg.
2025-09-30 13:29:10,984 - urls_to_texts - INFO - GET [403]: https://prod02.elementscloud.no/publikum/Documents/ShowDmbHandlingDocument/eff08746-5cb4-4d88-aaf4-4bf6cd496e88/3787/Protokoll 0.04 0
2025-09-30 13:29:10,985 - urls_to_texts - ERROR - 403 Client Error: Forbidden for url: https://prod02.elementscloud.no/publikum/Documents/ShowDmbHandlingDocument/eff08746-5cb4-4d88-aaf4-4bf6cd496e88/3787/Protokoll
2025-09-30 13:29:10,985 - urls_to_texts - WARNING - No document fetched from https://prod02.elementscloud.no/publikum/Documents/ShowDmbHandlingDocument/eff08746-5cb4-4d88-aaf4-4bf6cd496e88/3787/Protokoll.
2025-09-30 13:29:11,029 - urls_to_texts - INFO - GET [403]: https://prod02.elementscloud.no/publikum/Documents/ShowDmbHandlingDocument/76dc8fa9-13be-48a4-b5a8-5168c5a1e3f6/281/CasesFremlegg 0.04 0
2025-09-30 13:29:11,029 - urls_to_texts - ERROR - 403 Client Error: Forbidden for url: https://prod02.elementscloud.no/publikum/Documents/ShowDmbHandlingDocument/76dc8fa9-13be-48a4-b5a8-5168c5a1e3f6/281/CasesFremlegg
2025-09-30 13:29:11,030 - urls_to_texts - WARNING - No document fetched from https://prod02.elementscloud.no/publikum/Documents/ShowDmbHandlingDocument/76dc8fa9-13be-48a4-b5a8-5168c5a1e3f6/281/CasesFremlegg.
2025-09-30 13:29:11,120 - urls_to_texts - ERROR - ('Connection aborted.', RemoteDisconnected('Remote end closed connection without response'))
2025-09-30 13:29:11,120 - urls_to_texts - WARNING - No document fetched from https://www.luster.kommune.no/api/presentation/v2/nye-innsyn/filer/v-721139d1__230b__45c0__9cf1__92f0ef921828-137746_2_A!d-1100078871!amwwvp.
2025-09-30 13:29:11,168 - urls_to_texts - INFO - GET [403]: https://prod02.elementscloud.no/publikum/Documents/ShowDmbHandlingDocument/7db3a691-f482-4720-b101-c3a44cb31481/3641/CasesFremlegg 0.05 0
2025-09-30 13:29:11,168 - urls_to_texts - ERROR - 403 Client Error: Forbidden for url: https://prod02.elementscloud.no/publikum/Documents/ShowDmbHandlingDocument/7db3a691-f482-4720-b101-c3a44cb31481/3641/CasesFremlegg
2025-09-30 13:29:11,169 - urls_to_texts - WARNING - No document fetched from https://prod02.elementscloud.no/publikum/Documents/ShowDmbHandlingDocument/7db3a691-f482-4720-b101-c3a44cb31481/3641/CasesFremlegg.
2025-09-30 13:29:11,211 - urls_to_texts - INFO - GET [403]: https://prod02.elementscloud.no/publikum/Documents/ShowDmbHandlingDocument/eff08746-5cb4-4d88-aaf4-4bf6cd496e88/4393/Protokoll 0.04 0
2025-09-30 13:29:11,211 - urls_to_texts - ERROR - 403 Client Error: Forbidden for url: https://prod02.elementscloud.no/publikum/Documents/ShowDmbHandlingDocument/eff08746-5cb4-4d88-aaf4-4bf6cd496e88/4393/Protokoll
2025-09-30 13:29:11,211 - urls_to_texts - WARNING - No document fetched from https://prod02.elementscloud.no/publikum/Documents/ShowDmbHandlingDocument/eff08746-5cb4-4d88-aaf4-4bf6cd496e88/4393/Protokoll.
2025-09-30 13:29:11,518 - urls_to_texts - ERROR - Error fetching document: Response ended prematurely
2025-09-30 13:29:11,518 - urls_to_texts - ERROR - Error fetching document 6944d0a6-35c0-500d-ac82-36821f10f8a2 from https://innsynpluss.onacos.no/api/presentation/v2/nye-innsyn/filer/v-eeffc487__2515__47b2__ad08__a5d4f8d5e8f5-247562_4_P!d-2013130740!RRr4qF
2025-09-30 13:29:13,318 - urls_to_texts - INFO - GET [200]: https://innsynpluss.onacos.no/kvanangen/innsyn/moteoversikt/#/details/m-5aa3fc36__7e40__40ea__a576__ab19a6e397dc-237!exjPZJ 1.8 39
2025-09-30 13:29:13,320 - urls_to_texts - INFO - Unsupported file extension: 
2025-09-30 13:29:13,320 - urls_to_texts - WARNING - No text extracted from document at https://innsynpluss.onacos.no/kvanangen/innsyn/moteoversikt/#/details/m-5aa3fc36__7e40__40ea__a576__ab19a6e397dc-237!exjPZJ.
2025-09-30 13:29:13,876 - urls_to_texts - ERROR - Error fetching document: Response ended prematurely
2025-09-30 13:29:13,876 - urls_to_texts - ERROR - Error fetching document a9d1ef71-d8ee-5504-8951-9fb222181994 from https://innsynpluss.onacos.no/api/presentation/v2/nye-innsyn/filer/v-b15978eb__8cc6__45a9__9564__1f28338ca3d7-591107_3_A!d-1100278651!26Oxs2
2025-09-30 13:29:13,917 - urls_to_texts - INFO - GET [403]: https://prod02.elementscloud.no/publikum/Documents/ShowDmbHandlingDocument/89d4d1c3-cc0e-4497-9af5-bac975eb55e1/1464/Protokoll 0.04 0
2025-09-30 13:29:13,917 - urls_to_texts - ERROR - 403 Client Error: Forbidden for url: https://prod02.elementscloud.no/publikum/Documents/ShowDmbHandlingDocument/89d4d1c3-cc0e-4497-9af5-bac975eb55e1/1464/Protokoll
2025-09-30 13:29:13,917 - urls_to_texts - WARNING - No document fetched from https://prod02.elementscloud.no/publikum/Documents/ShowDmbHandlingDocument/89d4d1c3-cc0e-4497-9af5-bac975eb55e1/1464/Protokoll.
2025-09-30 13:29:13,956 - urls_to_texts - INFO - GET [403]: https://prod01.elementscloud.no/publikum/Documents/ShowDmbHandlingDocument/2ff0b82d-4b3d-48b4-987a-ebeff927518a/5214/Protokoll 0.04 0
2025-09-30 13:29:13,956 - urls_to_texts - ERROR - 403 Client Error: Forbidden for url: https://prod01.elementscloud.no/publikum/Documents/ShowDmbHandlingDocument/2ff0b82d-4b3d-48b4-987a-ebeff927518a/5214/Protokoll
2025-09-30 13:29:13,956 - urls_to_texts - WARNING - No document fetched from https://prod01.elementscloud.no/publikum/Documents/ShowDmbHandlingDocument/2ff0b82d-4b3d-48b4-987a-ebeff927518a/5214/Protokoll.
2025-09-30 13:29:14,747 - urls_to_texts - ERROR - Error fetching document: Response ended prematurely
2025-09-30 13:29:14,747 - urls_to_texts - ERROR - Error fetching document 645dbc70-595f-56b9-a804-ac1f00fa7021 from https://innsynpluss.onacos.no/api/presentation/v2/nye-innsyn/filer/v-5aa3fc36__7e40__40ea__a576__ab19a6e397dc-44050_3_P!d-1100024370!ZZrGKg
2025-09-30 13:29:14,836 - urls_to_texts - ERROR - Error fetching document: Response ended prematurely
2025-09-30 13:29:14,836 - urls_to_texts - ERROR - Error fetching document 0e6d0162-c5a7-58a8-8bb2-2d94effe51dd from https://ullensvang.kommune.no/api/presentation/v2/nye-innsyn/filer/v-0a336fc1__178f__4c38__8f38__3c7bd5ffdbe6-1764680_1_A!d-2019208463!qTSMWD
2025-09-30 13:29:15,670 - urls_to_texts - ERROR - Error fetching document: Response ended prematurely
2025-09-30 13:29:15,671 - urls_to_texts - ERROR - Error fetching document b41616cc-ff22-53f7-bab7-65fa2cbf3b21 from https://innsynpluss.onacos.no/api/presentation/v2/nye-innsyn/filer/v-084e0747__69df__45ac__bc47__df64cee5aa6d-95812_1_A!d-1100050869!kHop39
2025-09-30 13:29:15,715 - urls_to_texts - INFO - GET [403]: https://prod01.elementscloud.no/publikum/Documents/ShowDmbHandlingDocument/5ac72eb8-cac7-496a-b9ef-fc393c80a79a/5181/CasesFremlegg 0.04 0
2025-09-30 13:29:15,715 - urls_to_texts - ERROR - 403 Client Error: Forbidden for url: https://prod01.elementscloud.no/publikum/Documents/ShowDmbHandlingDocument/5ac72eb8-cac7-496a-b9ef-fc393c80a79a/5181/CasesFremlegg
2025-09-30 13:29:15,715 - urls_to_texts - WARNING - No document fetched from https://prod01.elementscloud.no/publikum/Documents/ShowDmbHandlingDocument/5ac72eb8-cac7-496a-b9ef-fc393c80a79a/5181/CasesFremlegg.
2025-09-30 13:29:15,785 - urls_to_texts - ERROR - Error fetching document: Response ended prematurely
2025-09-30 13:29:15,785 - urls_to_texts - ERROR - Error fetching document 8c2fc653-18d9-5e12-9db4-28c71b5e4360 from https://stryn.kommune.no/api/presentation/v2/nye-innsyn/filer/v-f3f0e6ef__50a2__4329__8558__fe6057bcc9dc-1679719_2_A!d-2022074905!Fu9fR0
2025-09-30 13:29:15,855 - urls_to_texts - ERROR - Error fetching document: Response ended prematurely
2025-09-30 13:29:15,855 - urls_to_texts - ERROR - Error fetching document 5e40d796-a268-5091-b08f-7b32661100f2 from https://www.ulvik.kommune.no/api/presentation/v2/nye-innsyn/filer/v-fbd4410b__3d1a__4153__a3c5__50e18ebc878e-215784_1_A!d-2024013301!l8iJnv
2025-09-30 13:29:16,902 - urls_to_texts - ERROR - Error fetching document: Response ended prematurely
2025-09-30 13:29:16,903 - urls_to_texts - ERROR - Error fetching document 01d07063-2000-5cc2-87e2-d67b3c1f198f from https://innsynpluss.onacos.no/api/presentation/v2/nye-innsyn/filer/v-10785b61__f1ba__405d__8af8__b65017f85ea0-281654_2_A!d-1100187702!twTFkJ
2025-09-30 13:29:16,943 - urls_to_texts - INFO - GET [403]: https://prod01.elementscloud.no/publikum/Documents/ShowDmbHandlingDocument/5ac72eb8-cac7-496a-b9ef-fc393c80a79a/4215/Protokoll 0.04 0
2025-09-30 13:29:16,943 - urls_to_texts - ERROR - 403 Client Error: Forbidden for url: https://prod01.elementscloud.no/publikum/Documents/ShowDmbHandlingDocument/5ac72eb8-cac7-496a-b9ef-fc393c80a79a/4215/Protokoll
2025-09-30 13:29:16,944 - urls_to_texts - WARNING - No document fetched from https://prod01.elementscloud.no/publikum/Documents/ShowDmbHandlingDocument/5ac72eb8-cac7-496a-b9ef-fc393c80a79a/4215/Protokoll.
2025-09-30 13:29:16,993 - urls_to_texts - INFO - GET [403]: https://prod01.elementscloud.no/publikum/Documents/ShowDmbHandlingDocument/a1811a10-8b69-4536-a305-d58a49ce3d91/3900/Protokoll 0.05 0
2025-09-30 13:29:16,993 - urls_to_texts - ERROR - 403 Client Error: Forbidden for url: https://prod01.elementscloud.no/publikum/Documents/ShowDmbHandlingDocument/a1811a10-8b69-4536-a305-d58a49ce3d91/3900/Protokoll
2025-09-30 13:29:16,993 - urls_to_texts - WARNING - No document fetched from https://prod01.elementscloud.no/publikum/Documents/ShowDmbHandlingDocument/a1811a10-8b69-4536-a305-d58a49ce3d91/3900/Protokoll.
2025-09-30 13:29:17,060 - urls_to_texts - ERROR - Error fetching document: Response ended prematurely
2025-09-30 13:29:17,060 - urls_to_texts - ERROR - Error fetching document d25cd7ff-c1e0-5eee-9e22-3c48bf16a1f2 from https://www.vik.kommune.no/api/presentation/v2/nye-innsyn/filer/v-bec2a5c5__3bcb__4c0c__84b1__7d98e38db8ce-306496_1_A!d-2022037448!FwISgV
2025-09-30 13:29:17,682 - urls_to_texts - INFO - GET [200]: https://publikum.alta.kommune.no/publikum/Documents/ShowDmbHandlingDocument/e2a31df6-dfaa-4708-b7e2-bc4b61898b2d/13834/CasesFremlegg 0.51 100
2025-09-30 13:29:17,717 - urls_to_texts - INFO - Processed 45/44118 documents (skipped: 367)
2025-09-30 13:29:18,221 - urls_to_texts - ERROR - Error fetching document: Response ended prematurely
2025-09-30 13:29:18,221 - urls_to_texts - ERROR - Error fetching document 7712006c-5467-5cb5-9621-37b744fc8977 from https://innsynpluss.onacos.no/api/presentation/v2/nye-innsyn/filer/v-f75e6c12__234c__46f2__ba9a__a06c1d8a0442-74519_6_A!d-1100043795!AZRpD0
2025-09-30 13:29:18,289 - urls_to_texts - ERROR - Error fetching document: Response ended prematurely
2025-09-30 13:29:18,289 - urls_to_texts - ERROR - Error fetching document 6e428465-71c6-52cf-8d60-b57bfda1addd from https://www.vik.kommune.no/api/presentation/v2/nye-innsyn/filer/v-bec2a5c5__3bcb__4c0c__84b1__7d98e38db8ce-300980_3_A!d-2022034782!xBJ4gF
2025-09-30 13:29:19,084 - urls_to_texts - ERROR - Error fetching document: Response ended prematurely
2025-09-30 13:29:19,085 - urls_to_texts - ERROR - Error fetching document 9099921b-bfa6-5f84-9099-6a4b3bb32660 from https://innsynpluss.onacos.no/api/presentation/v2/nye-innsyn/filer/v-9a1e9dfc__3f01__4df5__a599__d213d4fbfca2-86692_1_A!d-1000042399!IDQMZO
2025-09-30 13:29:19,500 - urls_to_texts - ERROR - Error fetching document: Response ended prematurely
2025-09-30 13:29:19,500 - urls_to_texts - ERROR - Error fetching document 1a452260-171e-5ac8-a093-49ae3462cee4 from https://innsynpluss.onacos.no/api/presentation/v2/nye-innsyn/filer/v-10785b61__f1ba__405d__8af8__b65017f85ea0-385340_2_A!d-1100240578!6QrDtu
2025-09-30 13:29:19,545 - urls_to_texts - INFO - GET [403]: https://prod01.elementscloud.no/publikum/Documents/ShowDmbHandlingDocument/58bcb069-e37a-4130-9be0-e56f6fb533b7/3040/CasesFremlegg 0.04 0
2025-09-30 13:29:19,546 - urls_to_texts - ERROR - 403 Client Error: Forbidden for url: https://prod01.elementscloud.no/publikum/Documents/ShowDmbHandlingDocument/58bcb069-e37a-4130-9be0-e56f6fb533b7/3040/CasesFremlegg
2025-09-30 13:29:19,546 - urls_to_texts - WARNING - No document fetched from https://prod01.elementscloud.no/publikum/Documents/ShowDmbHandlingDocument/58bcb069-e37a-4130-9be0-e56f6fb533b7/3040/CasesFremlegg.
2025-09-30 13:29:20,106 - urls_to_texts - ERROR - Error fetching document: Response ended prematurely
2025-09-30 13:29:20,106 - urls_to_texts - ERROR - Error fetching document b9a2804f-3473-55e0-99fb-ca36e4909d32 from https://innsynpluss.onacos.no/api/presentation/v2/nye-innsyn/filer/v-b27cb650__363a__4a8b__acee__9e6cafa23ca2-84749_2_A!d-1100046659!Eb9Big
2025-09-30 13:29:20,150 - urls_to_texts - INFO - GET [403]: https://prod02.elementscloud.no/publikum/Documents/ShowMeetingDocument/99585028-0782-4cec-8366-2e0dbc25d0f4/88/MI/297 0.04 0
2025-09-30 13:29:20,151 - urls_to_texts - ERROR - 403 Client Error: Forbidden for url: https://prod02.elementscloud.no/publikum/Documents/ShowMeetingDocument/99585028-0782-4cec-8366-2e0dbc25d0f4/88/MI/297
2025-09-30 13:29:20,151 - urls_to_texts - WARNING - No document fetched from https://prod02.elementscloud.no/publikum/Documents/ShowMeetingDocument/99585028-0782-4cec-8366-2e0dbc25d0f4/88/MI/297.
2025-09-30 13:29:20,525 - urls_to_texts - INFO - GET [200]: https://laerdal.kommune.no/api/presentation/v2/nye-innsyn/filer/v-f63e1f7f__0e35__4b7d__a71a__b9b0275d02d1-247932_2_A!d-2022028130!UdCGog 0.16 44
2025-09-30 13:29:20,531 - urls_to_texts - INFO - Unsupported file extension: .html
2025-09-30 13:29:20,531 - urls_to_texts - WARNING - No text extracted from document at https://laerdal.kommune.no/api/presentation/v2/nye-innsyn/filer/v-f63e1f7f__0e35__4b7d__a71a__b9b0275d02d1-247932_2_A!d-2022028130!UdCGog.
2025-09-30 13:29:20,801 - urls_to_texts - ERROR - Error fetching document: Response ended prematurely
2025-09-30 13:29:20,801 - urls_to_texts - ERROR - Error fetching document 3e405d27-afe4-5b32-8dc4-44aa508b2da3 from https://innsynpluss.onacos.no/api/presentation/v2/nye-innsyn/filer/v-b27cb650__363a__4a8b__acee__9e6cafa23ca2-84626_7_A!d-1100046603!qX7Ghz
2025-09-30 13:29:21,602 - urls_to_texts - INFO - GET [200]: https://innsyn.onacos.no/oygarden/mote/wfdocument.ashx?journalpostid=2022551268&dokid=2720517&versjon=10&variant=A& 0.07 6986
2025-09-30 13:29:21,711 - urls_to_texts - INFO - Processed 46/44118 documents (skipped: 368)
2025-09-30 13:29:21,791 - urls_to_texts - ERROR - Error fetching document: Response ended prematurely
2025-09-30 13:29:21,791 - urls_to_texts - ERROR - Error fetching document 47a2c0f3-9dff-5e00-85a6-832ad7e48e77 from https://www.hoyanger.kommune.no/api/presentation/v2/nye-innsyn/filer/v-00e4d6e9__78c6__4d36__8fd8__ac504c585036-312599_2_A!d-2022071277!hc5HuC
2025-09-30 13:29:22,381 - urls_to_texts - ERROR - Error fetching document: Response ended prematurely
2025-09-30 13:29:22,382 - urls_to_texts - ERROR - Error fetching document 5932a2f4-84cd-535d-9286-19a5dd135537 from https://innsynpluss.onacos.no/api/presentation/v2/nye-innsyn/filer/v-10785b61__f1ba__405d__8af8__b65017f85ea0-386608_1_A!d-1100241558!DTKimp
2025-09-30 13:29:22,450 - urls_to_texts - ERROR - Error fetching document: Response ended prematurely
2025-09-30 13:29:22,450 - urls_to_texts - ERROR - Error fetching document 1f01e92a-596a-5267-9e2d-0831b88c873b from https://sunnfjord.kommune.no/api/presentation/v2/nye-innsyn/filer/v-aba08a8e__580c__4b67__bc21__70eed223f3db-2038189_7_A!d-2022249726!dP1sPM
2025-09-30 13:29:22,491 - urls_to_texts - INFO - GET [403]: https://prod02.elementscloud.no/publikum/Documents/ShowDmbHandlingDocument/2d8f53e3-3226-477a-8245-0622ae7edf5d/2283/Protokoll 0.04 0
2025-09-30 13:29:22,491 - urls_to_texts - ERROR - 403 Client Error: Forbidden for url: https://prod02.elementscloud.no/publikum/Documents/ShowDmbHandlingDocument/2d8f53e3-3226-477a-8245-0622ae7edf5d/2283/Protokoll
2025-09-30 13:29:22,496 - urls_to_texts - WARNING - No document fetched from https://prod02.elementscloud.no/publikum/Documents/ShowDmbHandlingDocument/2d8f53e3-3226-477a-8245-0622ae7edf5d/2283/Protokoll.
2025-09-30 13:29:23,168 - urls_to_texts - ERROR - Error fetching document: Response ended prematurely
2025-09-30 13:29:23,168 - urls_to_texts - ERROR - Error fetching document f77d2513-41ef-5fdb-93a5-077d5b4db1cf from https://innsynpluss.onacos.no/api/presentation/v2/nye-innsyn/filer/v-084e0747__69df__45ac__bc47__df64cee5aa6d-95396_6_A!d-1100050657!KqfS62
2025-09-30 13:29:24,156 - urls_to_texts - ERROR - Error fetching document: Response ended prematurely
2025-09-30 13:29:24,157 - urls_to_texts - ERROR - Error fetching document 8fb9dcfe-c0fa-56b4-89a3-ff728ecafa98 from https://innsynpluss.onacos.no/api/presentation/v2/nye-innsyn/filer/v-b15978eb__8cc6__45a9__9564__1f28338ca3d7-796289_1_A!d-1100397037!65Pd8m
2025-09-30 13:29:24,547 - urls_to_texts - INFO - GET [200]: https://bjornafjorden.kommune.no/api/presentation/v2/nye-innsyn/filer/v-cc3ede69__97b5__48c8__9b5b__94ea04175932-2166624_3_P!d-2021328463!yUcxGr 0.17 46
2025-09-30 13:29:24,553 - urls_to_texts - INFO - Unsupported file extension: .html
2025-09-30 13:29:24,553 - urls_to_texts - WARNING - No text extracted from document at https://bjornafjorden.kommune.no/api/presentation/v2/nye-innsyn/filer/v-cc3ede69__97b5__48c8__9b5b__94ea04175932-2166624_3_P!d-2021328463!yUcxGr.
2025-09-30 13:29:24,631 - urls_to_texts - ERROR - Error fetching document: Response ended prematurely
2025-09-30 13:29:24,632 - urls_to_texts - ERROR - Error fetching document 7d27a9c6-e95d-586f-a484-8bb3e91309ea from https://stad.kommune.no/api/presentation/v2/nye-innsyn/filer/v-3dd15a26__96f4__4d7d__a998__45a817cb090e-1766123_11_A!d-2022159517!W3SrcP
2025-09-30 13:29:24,673 - urls_to_texts - INFO - GET [403]: https://prod02.elementscloud.no/publikum/Documents/ShowDmbHandlingDocument/eff08746-5cb4-4d88-aaf4-4bf6cd496e88/2991/Protokoll 0.04 0
2025-09-30 13:29:24,673 - urls_to_texts - ERROR - 403 Client Error: Forbidden for url: https://prod02.elementscloud.no/publikum/Documents/ShowDmbHandlingDocument/eff08746-5cb4-4d88-aaf4-4bf6cd496e88/2991/Protokoll
2025-09-30 13:29:24,673 - urls_to_texts - WARNING - No document fetched from https://prod02.elementscloud.no/publikum/Documents/ShowDmbHandlingDocument/eff08746-5cb4-4d88-aaf4-4bf6cd496e88/2991/Protokoll.
2025-09-30 13:29:24,725 - urls_to_texts - INFO - GET [403]: https://prod01.elementscloud.no/publikum/Documents/ShowDmbHandlingDocument/8d21b1e6-6a6c-419d-87c5-2b551cb056f6/5053/CasesFremlegg 0.05 0
2025-09-30 13:29:24,725 - urls_to_texts - ERROR - 403 Client Error: Forbidden for url: https://prod01.elementscloud.no/publikum/Documents/ShowDmbHandlingDocument/8d21b1e6-6a6c-419d-87c5-2b551cb056f6/5053/CasesFremlegg
2025-09-30 13:29:24,725 - urls_to_texts - WARNING - No document fetched from https://prod01.elementscloud.no/publikum/Documents/ShowDmbHandlingDocument/8d21b1e6-6a6c-419d-87c5-2b551cb056f6/5053/CasesFremlegg.
2025-09-30 13:29:25,037 - urls_to_texts - INFO - GET [200]: https://bjornafjorden.kommune.no/api/presentation/v2/nye-innsyn/filer/v-cc3ede69__97b5__48c8__9b5b__94ea04175932-2225867_1_A!d-2021359796!SYDoip 0.14 46
2025-09-30 13:29:25,043 - urls_to_texts - INFO - Unsupported file extension: .html
2025-09-30 13:29:25,043 - urls_to_texts - WARNING - No text extracted from document at https://bjornafjorden.kommune.no/api/presentation/v2/nye-innsyn/filer/v-cc3ede69__97b5__48c8__9b5b__94ea04175932-2225867_1_A!d-2021359796!SYDoip.
2025-09-30 13:29:25,111 - urls_to_texts - ERROR - Error fetching document: Response ended prematurely
2025-09-30 13:29:25,111 - urls_to_texts - ERROR - Error fetching document d0644c4e-eb6b-5ad3-8315-288c3376376a from https://voss.herad.no/api/presentation/v2/nye-innsyn/filer/v-b1707b4a__7a25__41f1__939c__a9a8523356cf-255366_2_A!d-1100125009!NXHxDi
2025-09-30 13:29:25,186 - urls_to_texts - ERROR - Error fetching document: Response ended prematurely
2025-09-30 13:29:25,186 - urls_to_texts - ERROR - Error fetching document 1a4c1de0-c44d-5032-a765-1a46c66bf0c7 from https://kinn.kommune.no/api/presentation/v2/nye-innsyn/filer/v-e1a6ab11__6b4d__4733__bbeb__849aa26734de-1896244_7_A!d-2022194349!D2MJAc
2025-09-30 13:29:25,257 - urls_to_texts - ERROR - Error fetching document: Response ended prematurely
2025-09-30 13:29:25,257 - urls_to_texts - ERROR - Error fetching document c282559a-3690-578a-8493-3c3f8d482fdd from https://voss.herad.no/api/presentation/v2/nye-innsyn/filer/v-b1707b4a__7a25__41f1__939c__a9a8523356cf-252451_2_A!d-1100123568!jQDSzd
2025-09-30 13:29:25,327 - urls_to_texts - ERROR - Error fetching document: Response ended prematurely
2025-09-30 13:29:25,327 - urls_to_texts - ERROR - Error fetching document 17342981-2f53-5d7e-9a9f-2302b363f1d6 from https://voss.herad.no/api/presentation/v2/nye-innsyn/filer/v-b1707b4a__7a25__41f1__939c__a9a8523356cf-268670_2_A!d-1100131662!hF77LD
2025-09-30 13:29:25,368 - urls_to_texts - INFO - GET [403]: https://prod02.elementscloud.no/publikum/Documents/ShowDmbHandlingDocument/7db3a691-f482-4720-b101-c3a44cb31481/3700/Protokoll 0.04 0
2025-09-30 13:29:25,368 - urls_to_texts - ERROR - 403 Client Error: Forbidden for url: https://prod02.elementscloud.no/publikum/Documents/ShowDmbHandlingDocument/7db3a691-f482-4720-b101-c3a44cb31481/3700/Protokoll
2025-09-30 13:29:25,369 - urls_to_texts - WARNING - No document fetched from https://prod02.elementscloud.no/publikum/Documents/ShowDmbHandlingDocument/7db3a691-f482-4720-b101-c3a44cb31481/3700/Protokoll.
2025-09-30 13:29:25,534 - urls_to_texts - ERROR - Error fetching document: Response ended prematurely
2025-09-30 13:29:25,535 - urls_to_texts - ERROR - Error fetching document b5decde5-ab6b-5460-862b-97e2f3aeb7a8 from https://innsynpluss.onacos.no/api/presentation/v2/nye-innsyn/filer/v-10785b61__f1ba__405d__8af8__b65017f85ea0-374275_1_A!d-1100234564!1funqr
2025-09-30 13:29:25,577 - urls_to_texts - INFO - GET [403]: https://prod01.elementscloud.no/publikum/Documents/ShowDmbHandlingDocument/3babd1aa-82df-406b-8a71-390619586974/7743/Protokoll 0.04 0
2025-09-30 13:29:25,577 - urls_to_texts - ERROR - 403 Client Error: Forbidden for url: https://prod01.elementscloud.no/publikum/Documents/ShowDmbHandlingDocument/3babd1aa-82df-406b-8a71-390619586974/7743/Protokoll
2025-09-30 13:29:25,578 - urls_to_texts - WARNING - No document fetched from https://prod01.elementscloud.no/publikum/Documents/ShowDmbHandlingDocument/3babd1aa-82df-406b-8a71-390619586974/7743/Protokoll.
2025-09-30 13:29:25,621 - urls_to_texts - INFO - GET [403]: https://prod01.elementscloud.no/publikum/Documents/ShowMeetingDocument/3babd1aa-82df-406b-8a71-390619586974/475/MP/2054 0.04 0
2025-09-30 13:29:25,621 - urls_to_texts - ERROR - 403 Client Error: Forbidden for url: https://prod01.elementscloud.no/publikum/Documents/ShowMeetingDocument/3babd1aa-82df-406b-8a71-390619586974/475/MP/2054
2025-09-30 13:29:25,622 - urls_to_texts - WARNING - No document fetched from https://prod01.elementscloud.no/publikum/Documents/ShowMeetingDocument/3babd1aa-82df-406b-8a71-390619586974/475/MP/2054.
2025-09-30 13:29:25,703 - urls_to_texts - ERROR - Error fetching document: Response ended prematurely
2025-09-30 13:29:25,703 - urls_to_texts - ERROR - Error fetching document dcf4b563-ab7f-5d94-a119-bfbddf833115 from https://kinn.kommune.no/api/presentation/v2/nye-innsyn/filer/v-e1a6ab11__6b4d__4733__bbeb__849aa26734de-1851080_2_A!d-2022171780!QsWaXp
2025-09-30 13:29:25,782 - urls_to_texts - ERROR - Error fetching document: Response ended prematurely
2025-09-30 13:29:25,782 - urls_to_texts - ERROR - Error fetching document 676764c4-537c-5661-b6f4-6de398937536 from https://stad.kommune.no/api/presentation/v2/nye-innsyn/filer/v-3dd15a26__96f4__4d7d__a998__45a817cb090e-1767279_19_A!d-2022160162!bNEdmh
2025-09-30 13:29:25,865 - urls_to_texts - ERROR - ('Connection aborted.', RemoteDisconnected('Remote end closed connection without response'))
2025-09-30 13:29:25,865 - urls_to_texts - WARNING - No document fetched from https://www.eidfjord.kommune.no/api/presentation/v2/nye-innsyn/filer/v-e7a24bb1__f486__46d9__ada4__35680a127e2c-21279_3_A!d-1100010322!cP8pwa.
2025-09-30 13:29:25,936 - urls_to_texts - ERROR - Error fetching document: Response ended prematurely
2025-09-30 13:29:25,936 - urls_to_texts - ERROR - Error fetching document 2aef83e8-99cf-56c0-9ef2-4b48e4b40cb0 from https://voss.herad.no/api/presentation/v2/nye-innsyn/filer/v-b1707b4a__7a25__41f1__939c__a9a8523356cf-252522_2_A!d-1100123606!sB4bvU
2025-09-30 13:29:26,246 - urls_to_texts - ERROR - Error fetching document: Response ended prematurely
2025-09-30 13:29:26,246 - urls_to_texts - ERROR - Error fetching document 25d8a271-a6e3-5025-9113-15540630039b from https://innsynpluss.onacos.no/api/presentation/v2/nye-innsyn/filer/v-b15978eb__8cc6__45a9__9564__1f28338ca3d7-808561_5_A!d-1100403857!LyUH0H
2025-09-30 13:29:26,315 - urls_to_texts - ERROR - Error fetching document: Response ended prematurely
2025-09-30 13:29:26,316 - urls_to_texts - ERROR - Error fetching document d4ef0738-1e60-5845-a2ef-e0c4ac09685f from https://www.vik.kommune.no/api/presentation/v2/nye-innsyn/filer/v-bec2a5c5__3bcb__4c0c__84b1__7d98e38db8ce-307658_20_A!d-2022038039!figJJW
2025-09-30 13:29:26,686 - urls_to_texts - INFO - GET [200]: https://bjornafjorden.kommune.no/api/presentation/v2/nye-innsyn/filer/v-cc3ede69__97b5__48c8__9b5b__94ea04175932-2488057_2_P!d-2021492703!p00JEL 0.16 46
2025-09-30 13:29:26,690 - urls_to_texts - INFO - Unsupported file extension: .html
2025-09-30 13:29:26,690 - urls_to_texts - WARNING - No text extracted from document at https://bjornafjorden.kommune.no/api/presentation/v2/nye-innsyn/filer/v-cc3ede69__97b5__48c8__9b5b__94ea04175932-2488057_2_P!d-2021492703!p00JEL.
2025-09-30 13:29:27,094 - urls_to_texts - INFO - GET [200]: https://bjornafjorden.kommune.no/api/presentation/v2/nye-innsyn/filer/v-cc3ede69__97b5__48c8__9b5b__94ea04175932-2156820_1_A!d-2021323676!HY0K9a 0.2 46
2025-09-30 13:29:27,100 - urls_to_texts - INFO - Unsupported file extension: .html
2025-09-30 13:29:27,100 - urls_to_texts - WARNING - No text extracted from document at https://bjornafjorden.kommune.no/api/presentation/v2/nye-innsyn/filer/v-cc3ede69__97b5__48c8__9b5b__94ea04175932-2156820_1_A!d-2021323676!HY0K9a.
2025-09-30 13:29:27,167 - urls_to_texts - ERROR - Error fetching document: Response ended prematurely
2025-09-30 13:29:27,167 - urls_to_texts - ERROR - Error fetching document cb42d5e0-4d7b-53c7-8d93-42d4fcc205c7 from https://www.askvoll.kommune.no/api/presentation/v2/nye-innsyn/filer/v-d691afea__aaff__43de__a10d__c9d8e8907141-340439_7_A!d-2022051020!lt4xle
2025-09-30 13:29:28,781 - urls_to_texts - INFO - GET [200]: https://innsynpluss.onacos.no/nordreisa/moteoversikt/#/details/m-9a1e9dfc__3f01__4df5__a599__d213d4fbfca2-376!CWKjOj 1.61 40
2025-09-30 13:29:28,785 - urls_to_texts - INFO - Unsupported file extension: 
2025-09-30 13:29:28,785 - urls_to_texts - WARNING - No text extracted from document at https://innsynpluss.onacos.no/nordreisa/moteoversikt/#/details/m-9a1e9dfc__3f01__4df5__a599__d213d4fbfca2-376!CWKjOj.
2025-09-30 13:29:28,968 - urls_to_texts - ERROR - Error fetching document: Response ended prematurely
2025-09-30 13:29:28,968 - urls_to_texts - ERROR - Error fetching document bd13959f-7264-5fb0-aa76-6388b067af1e from https://innsynpluss.onacos.no/api/presentation/v2/nye-innsyn/filer/v-b27cb650__363a__4a8b__acee__9e6cafa23ca2-88540_1_A!d-1100048783!phj5w6
2025-09-30 13:29:29,057 - urls_to_texts - ERROR - Error fetching document: Response ended prematurely
2025-09-30 13:29:29,057 - urls_to_texts - ERROR - Error fetching document 6654d4ca-6c59-5a6d-8eba-ec1974244de9 from https://ullensvang.kommune.no/api/presentation/v2/nye-innsyn/filer/v-0a336fc1__178f__4c38__8f38__3c7bd5ffdbe6-1715539_1_A!d-2019187728!0pNX1p
2025-09-30 13:29:29,100 - urls_to_texts - INFO - GET [403]: https://prod01.elementscloud.no/publikum/Documents/ShowDmbHandlingDocument/58bcb069-e37a-4130-9be0-e56f6fb533b7/2587/CasesFremlegg 0.04 0
2025-09-30 13:29:29,101 - urls_to_texts - ERROR - 403 Client Error: Forbidden for url: https://prod01.elementscloud.no/publikum/Documents/ShowDmbHandlingDocument/58bcb069-e37a-4130-9be0-e56f6fb533b7/2587/CasesFremlegg
2025-09-30 13:29:29,101 - urls_to_texts - WARNING - No document fetched from https://prod01.elementscloud.no/publikum/Documents/ShowDmbHandlingDocument/58bcb069-e37a-4130-9be0-e56f6fb533b7/2587/CasesFremlegg.
2025-09-30 13:29:29,218 - urls_to_texts - ERROR - Error fetching document: Response ended prematurely
2025-09-30 13:29:29,218 - urls_to_texts - ERROR - Error fetching document b8378706-d9cf-5682-8e7f-a10098ae7957 from https://www.luster.kommune.no/api/presentation/v2/nye-innsyn/filer/v-721139d1__230b__45c0__9cf1__92f0ef921828-153565_5_A!d-1100086690!8VIIwr
2025-09-30 13:29:29,259 - urls_to_texts - INFO - GET [403]: https://prod02.elementscloud.no/publikum/Documents/ShowDmbHandlingDocument/89d4d1c3-cc0e-4497-9af5-bac975eb55e1/1144/CasesFremlegg 0.04 0
2025-09-30 13:29:29,259 - urls_to_texts - ERROR - 403 Client Error: Forbidden for url: https://prod02.elementscloud.no/publikum/Documents/ShowDmbHandlingDocument/89d4d1c3-cc0e-4497-9af5-bac975eb55e1/1144/CasesFremlegg
2025-09-30 13:29:29,259 - urls_to_texts - WARNING - No document fetched from https://prod02.elementscloud.no/publikum/Documents/ShowDmbHandlingDocument/89d4d1c3-cc0e-4497-9af5-bac975eb55e1/1144/CasesFremlegg.
2025-09-30 13:29:29,301 - urls_to_texts - INFO - GET [403]: https://prod01.elementscloud.no/publikum/Documents/ShowDmbHandlingDocument/5ac72eb8-cac7-496a-b9ef-fc393c80a79a/4099/Protokoll 0.04 0
2025-09-30 13:29:29,302 - urls_to_texts - ERROR - 403 Client Error: Forbidden for url: https://prod01.elementscloud.no/publikum/Documents/ShowDmbHandlingDocument/5ac72eb8-cac7-496a-b9ef-fc393c80a79a/4099/Protokoll
2025-09-30 13:29:29,302 - urls_to_texts - WARNING - No document fetched from https://prod01.elementscloud.no/publikum/Documents/ShowDmbHandlingDocument/5ac72eb8-cac7-496a-b9ef-fc393c80a79a/4099/Protokoll.
2025-09-30 13:29:29,368 - urls_to_texts - ERROR - Error fetching document: Response ended prematurely
2025-09-30 13:29:29,368 - urls_to_texts - ERROR - Error fetching document a6622fcb-bf0c-5520-bb4e-5098c88b752d from https://www.oksnes.kommune.no/api/presentation/v2/nye-innsyn/filer/v-d8cad916__46db__494b__a3e7__5241057da539-54379_5_P!d-1100023003!nb71wQ
2025-09-30 13:29:29,441 - urls_to_texts - ERROR - Error fetching document: Response ended prematurely
2025-09-30 13:29:29,441 - urls_to_texts - ERROR - Error fetching document f296d493-4687-531a-b3b9-dc86888903a2 from https://voss.herad.no/api/presentation/v2/nye-innsyn/filer/v-b1707b4a__7a25__41f1__939c__a9a8523356cf-272430_1_A!d-1100133584!4Fdi5F
2025-09-30 13:29:29,688 - urls_to_texts - ERROR - Error fetching document: Response ended prematurely
2025-09-30 13:29:29,688 - urls_to_texts - ERROR - Error fetching document 79f7e4e4-1923-5767-b548-ef9e1f4249f6 from https://innsynpluss.onacos.no/api/presentation/v2/nye-innsyn/filer/v-9a1e9dfc__3f01__4df5__a599__d213d4fbfca2-89786_1_A!d-1000043680!SAPufG
2025-09-30 13:29:30,566 - urls_to_texts - INFO - GET [200]: https://innsynpluss.onacos.no/askoy/moteoversikt/#/details/m-b15978eb__8cc6__45a9__9564__1f28338ca3d7-1301!H28vUr 0.88 39
2025-09-30 13:29:30,570 - urls_to_texts - INFO - Unsupported file extension: 
2025-09-30 13:29:30,570 - urls_to_texts - WARNING - No text extracted from document at https://innsynpluss.onacos.no/askoy/moteoversikt/#/details/m-b15978eb__8cc6__45a9__9564__1f28338ca3d7-1301!H28vUr.
2025-09-30 13:29:30,650 - urls_to_texts - ERROR - Error fetching document: Response ended prematurely
2025-09-30 13:29:30,650 - urls_to_texts - ERROR - Error fetching document df15a500-5d16-5884-9f9f-1da9cd029b69 from https://stad.kommune.no/api/presentation/v2/nye-innsyn/filer/v-3dd15a26__96f4__4d7d__a998__45a817cb090e-1743224_2_A!d-2022146975!kwvi5K
2025-09-30 13:29:30,922 - urls_to_texts - ERROR - Error fetching document: Response ended prematurely
2025-09-30 13:29:30,923 - urls_to_texts - ERROR - Error fetching document d364620c-6c16-513a-8322-2c1f1ec27697 from https://innsynpluss.onacos.no/api/presentation/v2/nye-innsyn/filer/v-e52fa2fa__a617__4ce7__b4a3__788287e64f0b-73962_1_A!d-1100039930!6aG9ZW
2025-09-30 13:29:30,966 - urls_to_texts - INFO - GET [403]: https://prod01.elementscloud.no/publikum/Documents/ShowMeetingDocument/8d21b1e6-6a6c-419d-87c5-2b551cb056f6/844/MP/3456 0.04 0
2025-09-30 13:29:30,966 - urls_to_texts - ERROR - 403 Client Error: Forbidden for url: https://prod01.elementscloud.no/publikum/Documents/ShowMeetingDocument/8d21b1e6-6a6c-419d-87c5-2b551cb056f6/844/MP/3456
2025-09-30 13:29:30,966 - urls_to_texts - WARNING - No document fetched from https://prod01.elementscloud.no/publikum/Documents/ShowMeetingDocument/8d21b1e6-6a6c-419d-87c5-2b551cb056f6/844/MP/3456.
2025-09-30 13:29:31,181 - urls_to_texts - ERROR - Error fetching document: Response ended prematurely
2025-09-30 13:29:31,181 - urls_to_texts - ERROR - Error fetching document 30f9c5da-a22c-5d55-a07e-8eb5c73afdba from https://innsynpluss.onacos.no/api/presentation/v2/nye-innsyn/filer/v-9a1e9dfc__3f01__4df5__a599__d213d4fbfca2-95911_2_P!d-1000046180!30QSms
2025-09-30 13:29:31,222 - urls_to_texts - INFO - GET [403]: https://prod02.elementscloud.no/publikum/Documents/ShowDmbHandlingDocument/e5b0d1f1-00c5-4eb0-a9f2-e3450eb803c9/1019/Protokoll 0.04 0
2025-09-30 13:29:31,222 - urls_to_texts - ERROR - 403 Client Error: Forbidden for url: https://prod02.elementscloud.no/publikum/Documents/ShowDmbHandlingDocument/e5b0d1f1-00c5-4eb0-a9f2-e3450eb803c9/1019/Protokoll
2025-09-30 13:29:31,223 - urls_to_texts - WARNING - No document fetched from https://prod02.elementscloud.no/publikum/Documents/ShowDmbHandlingDocument/e5b0d1f1-00c5-4eb0-a9f2-e3450eb803c9/1019/Protokoll.
2025-09-30 13:29:31,266 - urls_to_texts - INFO - GET [403]: https://prod02.elementscloud.no/publikum/Documents/ShowDmbHandlingDocument/b0d5f453-caf0-475d-b3bc-9f9114471c37/1838/Protokoll 0.04 0
2025-09-30 13:29:31,267 - urls_to_texts - ERROR - 403 Client Error: Forbidden for url: https://prod02.elementscloud.no/publikum/Documents/ShowDmbHandlingDocument/b0d5f453-caf0-475d-b3bc-9f9114471c37/1838/Protokoll
2025-09-30 13:29:31,267 - urls_to_texts - WARNING - No document fetched from https://prod02.elementscloud.no/publikum/Documents/ShowDmbHandlingDocument/b0d5f453-caf0-475d-b3bc-9f9114471c37/1838/Protokoll.
2025-09-30 13:29:31,314 - urls_to_texts - INFO - GET [403]: https://prod02.elementscloud.no/publikum/Documents/ShowDmbHandlingDocument/7db3a691-f482-4720-b101-c3a44cb31481/3135/Protokoll 0.05 0
2025-09-30 13:29:31,314 - urls_to_texts - ERROR - 403 Client Error: Forbidden for url: https://prod02.elementscloud.no/publikum/Documents/ShowDmbHandlingDocument/7db3a691-f482-4720-b101-c3a44cb31481/3135/Protokoll
2025-09-30 13:29:31,315 - urls_to_texts - WARNING - No document fetched from https://prod02.elementscloud.no/publikum/Documents/ShowDmbHandlingDocument/7db3a691-f482-4720-b101-c3a44cb31481/3135/Protokoll.
2025-09-30 13:29:31,363 - urls_to_texts - INFO - GET [403]: https://prod02.elementscloud.no/publikum/Documents/ShowDmbHandlingDocument/2d8f53e3-3226-477a-8245-0622ae7edf5d/2482/CasesFremlegg 0.05 0
2025-09-30 13:29:31,363 - urls_to_texts - ERROR - 403 Client Error: Forbidden for url: https://prod02.elementscloud.no/publikum/Documents/ShowDmbHandlingDocument/2d8f53e3-3226-477a-8245-0622ae7edf5d/2482/CasesFremlegg
2025-09-30 13:29:31,364 - urls_to_texts - WARNING - No document fetched from https://prod02.elementscloud.no/publikum/Documents/ShowDmbHandlingDocument/2d8f53e3-3226-477a-8245-0622ae7edf5d/2482/CasesFremlegg.
2025-09-30 13:29:31,405 - urls_to_texts - INFO - GET [403]: https://prod01.elementscloud.no/publikum/Documents/ShowDmbHandlingDocument/8d21b1e6-6a6c-419d-87c5-2b551cb056f6/5060/CasesFremlegg 0.04 0
2025-09-30 13:29:31,405 - urls_to_texts - ERROR - 403 Client Error: Forbidden for url: https://prod01.elementscloud.no/publikum/Documents/ShowDmbHandlingDocument/8d21b1e6-6a6c-419d-87c5-2b551cb056f6/5060/CasesFremlegg
2025-09-30 13:29:31,405 - urls_to_texts - WARNING - No document fetched from https://prod01.elementscloud.no/publikum/Documents/ShowDmbHandlingDocument/8d21b1e6-6a6c-419d-87c5-2b551cb056f6/5060/CasesFremlegg.
2025-09-30 13:29:31,821 - urls_to_texts - INFO - GET [200]: https://publikum.alta.kommune.no/publikum/Documents/ShowDmbHandlingDocument/e2a31df6-dfaa-4708-b7e2-bc4b61898b2d/13348/Protokoll 0.34 65
2025-09-30 13:29:31,851 - urls_to_texts - INFO - Processed 47/44118 documents (skipped: 386)
2025-09-30 13:29:32,178 - urls_to_texts - ERROR - Error fetching document: Response ended prematurely
2025-09-30 13:29:32,178 - urls_to_texts - ERROR - Error fetching document 74db48a9-c083-5f0c-bfe5-2b2a635ca17c from https://innsynpluss.onacos.no/api/presentation/v2/nye-innsyn/filer/v-9a1e9dfc__3f01__4df5__a599__d213d4fbfca2-88637_2_P!d-1000043204!xpS6rC
2025-09-30 13:29:32,220 - urls_to_texts - INFO - GET [403]: https://prod01.elementscloud.no/publikum/Documents/ShowMeetingDocument/3babd1aa-82df-406b-8a71-390619586974/458/MI/2021 0.04 0
2025-09-30 13:29:32,221 - urls_to_texts - ERROR - 403 Client Error: Forbidden for url: https://prod01.elementscloud.no/publikum/Documents/ShowMeetingDocument/3babd1aa-82df-406b-8a71-390619586974/458/MI/2021
2025-09-30 13:29:32,221 - urls_to_texts - WARNING - No document fetched from https://prod01.elementscloud.no/publikum/Documents/ShowMeetingDocument/3babd1aa-82df-406b-8a71-390619586974/458/MI/2021.
2025-09-30 13:29:32,554 - urls_to_texts - INFO - GET [200]: https://laerdal.kommune.no/api/presentation/v2/nye-innsyn/filer/v-f63e1f7f__0e35__4b7d__a71a__b9b0275d02d1-246602_10_P!d-2022027455!8cnWQZ 0.16 44
2025-09-30 13:29:32,560 - urls_to_texts - INFO - Unsupported file extension: .html
2025-09-30 13:29:32,560 - urls_to_texts - WARNING - No text extracted from document at https://laerdal.kommune.no/api/presentation/v2/nye-innsyn/filer/v-f63e1f7f__0e35__4b7d__a71a__b9b0275d02d1-246602_10_P!d-2022027455!8cnWQZ.
2025-09-30 13:29:32,638 - urls_to_texts - ERROR - Error fetching document: Response ended prematurely
2025-09-30 13:29:32,639 - urls_to_texts - ERROR - Error fetching document 34175cb9-6ca6-5a80-bb9a-7cd7ad547512 from https://stad.kommune.no/api/presentation/v2/nye-innsyn/filer/v-3dd15a26__96f4__4d7d__a998__45a817cb090e-1730395_5_A!d-2022140342!hA5qCM
2025-09-30 13:29:32,699 - urls_to_texts - INFO - GET [403]: https://prod02.elementscloud.no/publikum/Documents/ShowDmbHandlingDocument/e5b0d1f1-00c5-4eb0-a9f2-e3450eb803c9/1237/CasesFremlegg 0.06 0
2025-09-30 13:29:32,699 - urls_to_texts - ERROR - 403 Client Error: Forbidden for url: https://prod02.elementscloud.no/publikum/Documents/ShowDmbHandlingDocument/e5b0d1f1-00c5-4eb0-a9f2-e3450eb803c9/1237/CasesFremlegg
2025-09-30 13:29:32,699 - urls_to_texts - WARNING - No document fetched from https://prod02.elementscloud.no/publikum/Documents/ShowDmbHandlingDocument/e5b0d1f1-00c5-4eb0-a9f2-e3450eb803c9/1237/CasesFremlegg.
2025-09-30 13:29:32,858 - urls_to_texts - ERROR - Error fetching document: Response ended prematurely
2025-09-30 13:29:32,858 - urls_to_texts - ERROR - Error fetching document e0d57825-944f-5dea-8774-16fa57026a8f from https://innsynpluss.onacos.no/api/presentation/v2/nye-innsyn/filer/v-eeffc487__2515__47b2__ad08__a5d4f8d5e8f5-228548_16_P!d-2013121287!03VPO1
2025-09-30 13:29:32,900 - urls_to_texts - INFO - GET [403]: https://prod02.elementscloud.no/publikum/Documents/ShowDmbHandlingDocument/f041b74e-b1e6-4615-987e-387f63721a2e/975/Protokoll 0.04 0
2025-09-30 13:29:32,901 - urls_to_texts - ERROR - 403 Client Error: Forbidden for url: https://prod02.elementscloud.no/publikum/Documents/ShowDmbHandlingDocument/f041b74e-b1e6-4615-987e-387f63721a2e/975/Protokoll
2025-09-30 13:29:32,901 - urls_to_texts - WARNING - No document fetched from https://prod02.elementscloud.no/publikum/Documents/ShowDmbHandlingDocument/f041b74e-b1e6-4615-987e-387f63721a2e/975/Protokoll.
2025-09-30 13:29:32,970 - urls_to_texts - ERROR - Error fetching document: Response ended prematurely
2025-09-30 13:29:32,970 - urls_to_texts - ERROR - Error fetching document 56158bab-bb36-5cf8-8823-601dcf76aa03 from https://www.oksnes.kommune.no/api/presentation/v2/nye-innsyn/filer/v-d8cad916__46db__494b__a3e7__5241057da539-56979_2_A!d-1100024074!8sVB5F
2025-09-30 13:29:33,011 - urls_to_texts - INFO - GET [403]: https://prod01.elementscloud.no/publikum/Documents/ShowDmbHandlingDocument/5ac72eb8-cac7-496a-b9ef-fc393c80a79a/5219/Protokoll 0.04 0
2025-09-30 13:29:33,012 - urls_to_texts - ERROR - 403 Client Error: Forbidden for url: https://prod01.elementscloud.no/publikum/Documents/ShowDmbHandlingDocument/5ac72eb8-cac7-496a-b9ef-fc393c80a79a/5219/Protokoll
2025-09-30 13:29:33,012 - urls_to_texts - WARNING - No document fetched from https://prod01.elementscloud.no/publikum/Documents/ShowDmbHandlingDocument/5ac72eb8-cac7-496a-b9ef-fc393c80a79a/5219/Protokoll.
2025-09-30 13:29:33,089 - urls_to_texts - ERROR - Error fetching document: Response ended prematurely
2025-09-30 13:29:33,089 - urls_to_texts - ERROR - Error fetching document 8977f528-0be4-533c-a49d-587037cd3e3e from https://stad.kommune.no/api/presentation/v2/nye-innsyn/filer/v-3dd15a26__96f4__4d7d__a998__45a817cb090e-1767995_7_A!d-2022160523!k1dg1n
2025-09-30 13:29:33,129 - urls_to_texts - INFO - GET [403]: https://prod01.elementscloud.no/publikum/Documents/ShowDmbHandlingDocument/3babd1aa-82df-406b-8a71-390619586974/8070/Protokoll 0.04 0
2025-09-30 13:29:33,129 - urls_to_texts - ERROR - 403 Client Error: Forbidden for url: https://prod01.elementscloud.no/publikum/Documents/ShowDmbHandlingDocument/3babd1aa-82df-406b-8a71-390619586974/8070/Protokoll
2025-09-30 13:29:33,129 - urls_to_texts - WARNING - No document fetched from https://prod01.elementscloud.no/publikum/Documents/ShowDmbHandlingDocument/3babd1aa-82df-406b-8a71-390619586974/8070/Protokoll.
2025-09-30 13:29:33,171 - urls_to_texts - INFO - GET [403]: https://prod01.elementscloud.no/publikum/Documents/ShowDmbHandlingDocument/2ff0b82d-4b3d-48b4-987a-ebeff927518a/4564/Protokoll 0.04 0
2025-09-30 13:29:33,171 - urls_to_texts - ERROR - 403 Client Error: Forbidden for url: https://prod01.elementscloud.no/publikum/Documents/ShowDmbHandlingDocument/2ff0b82d-4b3d-48b4-987a-ebeff927518a/4564/Protokoll
2025-09-30 13:29:33,171 - urls_to_texts - WARNING - No document fetched from https://prod01.elementscloud.no/publikum/Documents/ShowDmbHandlingDocument/2ff0b82d-4b3d-48b4-987a-ebeff927518a/4564/Protokoll.
2025-09-30 13:29:33,349 - urls_to_texts - ERROR - Error fetching document: Response ended prematurely
2025-09-30 13:29:33,349 - urls_to_texts - ERROR - Error fetching document 146388cd-8a65-52a0-9261-d89c84eb8732 from https://innsynpluss.onacos.no/api/presentation/v2/nye-innsyn/filer/v-b15978eb__8cc6__45a9__9564__1f28338ca3d7-769863_1_A!d-1100383806!lLmaqX
2025-09-30 13:29:33,392 - urls_to_texts - INFO - GET [403]: https://prod02.elementscloud.no/publikum/Documents/ShowDmbHandlingDocument/76dc8fa9-13be-48a4-b5a8-5168c5a1e3f6/709/CasesFremlegg 0.04 0
2025-09-30 13:29:33,392 - urls_to_texts - ERROR - 403 Client Error: Forbidden for url: https://prod02.elementscloud.no/publikum/Documents/ShowDmbHandlingDocument/76dc8fa9-13be-48a4-b5a8-5168c5a1e3f6/709/CasesFremlegg
2025-09-30 13:29:33,393 - urls_to_texts - WARNING - No document fetched from https://prod02.elementscloud.no/publikum/Documents/ShowDmbHandlingDocument/76dc8fa9-13be-48a4-b5a8-5168c5a1e3f6/709/CasesFremlegg.
2025-09-30 13:29:33,460 - urls_to_texts - ERROR - Error fetching document: Response ended prematurely
2025-09-30 13:29:33,460 - urls_to_texts - ERROR - Error fetching document 0670da90-7987-50d9-bf19-3b36f5d854a7 from https://www.askvoll.kommune.no/api/presentation/v2/nye-innsyn/filer/v-d691afea__aaff__43de__a10d__c9d8e8907141-349132_6_A!d-2022055289!LFu8dE
2025-09-30 13:29:33,674 - urls_to_texts - ERROR - Error fetching document: Response ended prematurely
2025-09-30 13:29:33,674 - urls_to_texts - ERROR - Error fetching document a877a152-55f5-5cf6-af1d-2f42dbf32117 from https://innsynpluss.onacos.no/api/presentation/v2/nye-innsyn/filer/v-9a1e9dfc__3f01__4df5__a599__d213d4fbfca2-82852_5_P!d-1000038241!wjSQPg
2025-09-30 13:29:33,747 - urls_to_texts - ERROR - Error fetching document: Response ended prematurely
2025-09-30 13:29:33,747 - urls_to_texts - ERROR - Error fetching document bbec0f19-313f-5396-9ed0-6cf1d9990ff1 from https://voss.herad.no/api/presentation/v2/nye-innsyn/filer/v-b1707b4a__7a25__41f1__939c__a9a8523356cf-217084_4_P!d-1100108339!JZAVdn
2025-09-30 13:29:33,920 - urls_to_texts - ERROR - Error fetching document: Response ended prematurely
2025-09-30 13:29:33,921 - urls_to_texts - ERROR - Error fetching document d11f7052-b700-57b2-9d66-6894515e55ba from https://innsynpluss.onacos.no/api/presentation/v2/nye-innsyn/filer/v-b15978eb__8cc6__45a9__9564__1f28338ca3d7-652776_1_A!d-1100303220!JbDla6
2025-09-30 13:29:33,990 - urls_to_texts - ERROR - Error fetching document: Response ended prematurely
2025-09-30 13:29:33,990 - urls_to_texts - ERROR - Error fetching document 2620a14b-0ea8-5099-94bc-96727171ba6b from https://www.hyllestad.kommune.no/api/presentation/v2/nye-innsyn/filer/v-0689a22d__4138__4cb7__ad39__fe9db3885dee-206050_9_A!d-2022024194!vRnQlP
2025-09-30 13:29:34,168 - urls_to_texts - ERROR - Error fetching document: Response ended prematurely
2025-09-30 13:29:34,168 - urls_to_texts - ERROR - Error fetching document d9444e05-9280-5143-84a4-fef0ed951c70 from https://innsynpluss.onacos.no/api/presentation/v2/nye-innsyn/filer/v-b15978eb__8cc6__45a9__9564__1f28338ca3d7-542682_1_A!d-1100257522!9pj5le
2025-09-30 13:29:34,252 - urls_to_texts - ERROR - Error fetching document: Response ended prematurely
2025-09-30 13:29:34,252 - urls_to_texts - ERROR - Error fetching document 984b120e-9555-5993-849e-e23f3f6fc1eb from https://ullensvang.kommune.no/api/presentation/v2/nye-innsyn/filer/v-0a336fc1__178f__4c38__8f38__3c7bd5ffdbe6-1735317_4_A!d-2019195135!zz5X1d
2025-09-30 13:29:34,293 - urls_to_texts - INFO - GET [403]: https://prod02.elementscloud.no/publikum/Documents/ShowDmbHandlingDocument/7db3a691-f482-4720-b101-c3a44cb31481/3682/Protokoll 0.04 0
2025-09-30 13:29:34,293 - urls_to_texts - ERROR - 403 Client Error: Forbidden for url: https://prod02.elementscloud.no/publikum/Documents/ShowDmbHandlingDocument/7db3a691-f482-4720-b101-c3a44cb31481/3682/Protokoll
2025-09-30 13:29:34,294 - urls_to_texts - WARNING - No document fetched from https://prod02.elementscloud.no/publikum/Documents/ShowDmbHandlingDocument/7db3a691-f482-4720-b101-c3a44cb31481/3682/Protokoll.
2025-09-30 13:29:34,596 - urls_to_texts - INFO - GET [200]: https://bjornafjorden.kommune.no/api/presentation/v2/nye-innsyn/filer/v-cc3ede69__97b5__48c8__9b5b__94ea04175932-2397458_4_P!d-2021449644!8YFPKn 0.12 46
2025-09-30 13:29:34,602 - urls_to_texts - INFO - Unsupported file extension: .html
2025-09-30 13:29:34,603 - urls_to_texts - WARNING - No text extracted from document at https://bjornafjorden.kommune.no/api/presentation/v2/nye-innsyn/filer/v-cc3ede69__97b5__48c8__9b5b__94ea04175932-2397458_4_P!d-2021449644!8YFPKn.
2025-09-30 13:29:34,780 - urls_to_texts - ERROR - Error fetching document: Response ended prematurely
2025-09-30 13:29:34,780 - urls_to_texts - ERROR - Error fetching document 36870089-6dfb-5737-bbbe-2cbf4c0ea7fe from https://innsynpluss.onacos.no/api/presentation/v2/nye-innsyn/filer/v-10785b61__f1ba__405d__8af8__b65017f85ea0-315102_17_A!d-1100205588!eyE3Re
2025-09-30 13:29:34,864 - urls_to_texts - ERROR - Error fetching document: Response ended prematurely
2025-09-30 13:29:34,865 - urls_to_texts - ERROR - Error fetching document d27e97a5-a525-5526-b484-d74d9d853175 from https://www.luster.kommune.no/api/presentation/v2/nye-innsyn/filer/v-721139d1__230b__45c0__9cf1__92f0ef921828-146253_2_A!d-1100083072!IN3cJg
2025-09-30 13:29:34,967 - urls_to_texts - INFO - GET [500]: https://www.luster.kommune.no/api/presentation/v2/nye-innsyn/filer/v-721139d1__230b__45c0__9cf1__92f0ef921828-165943_1_P!d-1100094623!WW0Akl?pid=1 0.1 1
2025-09-30 13:29:34,967 - urls_to_texts - ERROR - 500 Server Error: Internal Server Error for url: https://www.luster.kommune.no/api/presentation/v2/nye-innsyn/filer/v-721139d1__230b__45c0__9cf1__92f0ef921828-165943_1_P!d-1100094623!WW0Akl?pid=1
2025-09-30 13:29:34,968 - urls_to_texts - WARNING - No document fetched from https://www.luster.kommune.no/api/presentation/v2/nye-innsyn/filer/v-721139d1__230b__45c0__9cf1__92f0ef921828-165943_1_P!d-1100094623!WW0Akl?pid=1.
2025-09-30 13:29:36,719 - urls_to_texts - INFO - GET [200]: https://innsynpluss.onacos.no/balsfjord/moteoversikt/details/m-eeffc487__2515__47b2__ad08__a5d4f8d5e8f5-278!L9jGFu 1.32 2
2025-09-30 13:29:36,722 - urls_to_texts - INFO - Unsupported file extension: .html
2025-09-30 13:29:36,730 - urls_to_texts - WARNING - No text extracted from document at https://innsynpluss.onacos.no/balsfjord/moteoversikt/details/m-eeffc487__2515__47b2__ad08__a5d4f8d5e8f5-278!L9jGFu.
2025-09-30 13:29:36,800 - urls_to_texts - ERROR - Error fetching document: Response ended prematurely
2025-09-30 13:29:36,800 - urls_to_texts - ERROR - Error fetching document 7ffb3114-d0cd-53a8-aeda-3f8c8d6303b4 from https://voss.herad.no/api/presentation/v2/nye-innsyn/filer/v-b1707b4a__7a25__41f1__939c__a9a8523356cf-234303_1_A!d-1100116176!6gZwWD
2025-09-30 13:29:36,841 - urls_to_texts - INFO - GET [403]: https://prod02.elementscloud.no/publikum/Documents/ShowDmbHandlingDocument/b0d5f453-caf0-475d-b3bc-9f9114471c37/1901/CasesFremlegg 0.04 0
2025-09-30 13:29:36,841 - urls_to_texts - ERROR - 403 Client Error: Forbidden for url: https://prod02.elementscloud.no/publikum/Documents/ShowDmbHandlingDocument/b0d5f453-caf0-475d-b3bc-9f9114471c37/1901/CasesFremlegg
2025-09-30 13:29:36,841 - urls_to_texts - WARNING - No document fetched from https://prod02.elementscloud.no/publikum/Documents/ShowDmbHandlingDocument/b0d5f453-caf0-475d-b3bc-9f9114471c37/1901/CasesFremlegg.
2025-09-30 13:29:36,881 - urls_to_texts - INFO - GET [403]: https://prod01.elementscloud.no/publikum/Documents/ShowDmbHandlingDocument/2ff0b82d-4b3d-48b4-987a-ebeff927518a/5182/CasesFremlegg 0.04 0
2025-09-30 13:29:36,882 - urls_to_texts - ERROR - 403 Client Error: Forbidden for url: https://prod01.elementscloud.no/publikum/Documents/ShowDmbHandlingDocument/2ff0b82d-4b3d-48b4-987a-ebeff927518a/5182/CasesFremlegg
2025-09-30 13:29:36,882 - urls_to_texts - WARNING - No document fetched from https://prod01.elementscloud.no/publikum/Documents/ShowDmbHandlingDocument/2ff0b82d-4b3d-48b4-987a-ebeff927518a/5182/CasesFremlegg.
2025-09-30 13:29:37,207 - urls_to_texts - INFO - GET [200]: https://bjornafjorden.kommune.no/api/presentation/v2/nye-innsyn/filer/v-cc3ede69__97b5__48c8__9b5b__94ea04175932-2479937_4_P!d-2021489493!9qQhkY 0.13 46
2025-09-30 13:29:37,213 - urls_to_texts - INFO - Unsupported file extension: .html
2025-09-30 13:29:37,213 - urls_to_texts - WARNING - No text extracted from document at https://bjornafjorden.kommune.no/api/presentation/v2/nye-innsyn/filer/v-cc3ede69__97b5__48c8__9b5b__94ea04175932-2479937_4_P!d-2021489493!9qQhkY.
2025-09-30 13:29:37,253 - urls_to_texts - INFO - GET [403]: https://prod02.elementscloud.no/publikum/Documents/ShowDmbHandlingDocument/b0d5f453-caf0-475d-b3bc-9f9114471c37/1823/CasesFremlegg 0.04 0
2025-09-30 13:29:37,253 - urls_to_texts - ERROR - 403 Client Error: Forbidden for url: https://prod02.elementscloud.no/publikum/Documents/ShowDmbHandlingDocument/b0d5f453-caf0-475d-b3bc-9f9114471c37/1823/CasesFremlegg
2025-09-30 13:29:37,254 - urls_to_texts - WARNING - No document fetched from https://prod02.elementscloud.no/publikum/Documents/ShowDmbHandlingDocument/b0d5f453-caf0-475d-b3bc-9f9114471c37/1823/CasesFremlegg.
2025-09-30 13:29:37,298 - urls_to_texts - INFO - GET [403]: https://prod02.elementscloud.no/publikum/Documents/ShowDmbHandlingDocument/99585028-0782-4cec-8366-2e0dbc25d0f4/662/Protokoll 0.04 0
2025-09-30 13:29:37,298 - urls_to_texts - ERROR - 403 Client Error: Forbidden for url: https://prod02.elementscloud.no/publikum/Documents/ShowDmbHandlingDocument/99585028-0782-4cec-8366-2e0dbc25d0f4/662/Protokoll
2025-09-30 13:29:37,299 - urls_to_texts - WARNING - No document fetched from https://prod02.elementscloud.no/publikum/Documents/ShowDmbHandlingDocument/99585028-0782-4cec-8366-2e0dbc25d0f4/662/Protokoll.
2025-09-30 13:29:37,341 - urls_to_texts - INFO - GET [403]: https://prod01.elementscloud.no/publikum/Documents/ShowDmbHandlingDocument/2ff0b82d-4b3d-48b4-987a-ebeff927518a/4690/CasesFremlegg 0.04 0
2025-09-30 13:29:37,341 - urls_to_texts - ERROR - 403 Client Error: Forbidden for url: https://prod01.elementscloud.no/publikum/Documents/ShowDmbHandlingDocument/2ff0b82d-4b3d-48b4-987a-ebeff927518a/4690/CasesFremlegg
2025-09-30 13:29:37,341 - urls_to_texts - WARNING - No document fetched from https://prod01.elementscloud.no/publikum/Documents/ShowDmbHandlingDocument/2ff0b82d-4b3d-48b4-987a-ebeff927518a/4690/CasesFremlegg.
2025-09-30 13:29:37,656 - urls_to_texts - ERROR - Error fetching document: Response ended prematurely
2025-09-30 13:29:37,656 - urls_to_texts - ERROR - Error fetching document e7964dfb-9ee6-5abd-801c-34c85636fb6f from https://innsynpluss.onacos.no/api/presentation/v2/nye-innsyn/filer/v-b15978eb__8cc6__45a9__9564__1f28338ca3d7-605218_1_A!d-1100284108!2laJFO
2025-09-30 13:29:37,727 - urls_to_texts - ERROR - Error fetching document: Response ended prematurely
2025-09-30 13:29:37,728 - urls_to_texts - ERROR - Error fetching document 4f2310ee-8606-54cf-91b7-db056e01b748 from https://voss.herad.no/api/presentation/v2/nye-innsyn/filer/v-b1707b4a__7a25__41f1__939c__a9a8523356cf-279014_2_P!d-1100136786!6OMJAc
2025-09-30 13:29:37,795 - urls_to_texts - ERROR - Error fetching document: Response ended prematurely
2025-09-30 13:29:37,796 - urls_to_texts - ERROR - Error fetching document 01a93327-a014-5870-8b4f-6484c43cdb85 from https://www.fjaler.kommune.no/api/presentation/v2/nye-innsyn/filer/v-c903bb4a__6810__4e47__bfc9__e72698345f9f-351780_2_A!d-2022043830!ZQUBsb
2025-09-30 13:29:37,985 - urls_to_texts - ERROR - Error fetching document: Response ended prematurely
2025-09-30 13:29:37,985 - urls_to_texts - ERROR - Error fetching document 29092cb4-f15a-5941-97fb-dae5598f3b61 from https://innsynpluss.onacos.no/api/presentation/v2/nye-innsyn/filer/v-10785b61__f1ba__405d__8af8__b65017f85ea0-304849_1_A!d-1100199958!R9nPGH
2025-09-30 13:29:38,027 - urls_to_texts - INFO - GET [403]: https://prod02.elementscloud.no/publikum/Documents/ShowMeetingDocument/2d8f53e3-3226-477a-8245-0622ae7edf5d/117/MP/566 0.04 0
2025-09-30 13:29:38,027 - urls_to_texts - ERROR - 403 Client Error: Forbidden for url: https://prod02.elementscloud.no/publikum/Documents/ShowMeetingDocument/2d8f53e3-3226-477a-8245-0622ae7edf5d/117/MP/566
2025-09-30 13:29:38,027 - urls_to_texts - WARNING - No document fetched from https://prod02.elementscloud.no/publikum/Documents/ShowMeetingDocument/2d8f53e3-3226-477a-8245-0622ae7edf5d/117/MP/566.
2025-09-30 13:29:38,090 - urls_to_texts - INFO - GET [403]: https://prod01.elementscloud.no/publikum/Documents/ShowDmbHandlingDocument/5ac72eb8-cac7-496a-b9ef-fc393c80a79a/4277/Protokoll 0.06 0
2025-09-30 13:29:38,091 - urls_to_texts - ERROR - 403 Client Error: Forbidden for url: https://prod01.elementscloud.no/publikum/Documents/ShowDmbHandlingDocument/5ac72eb8-cac7-496a-b9ef-fc393c80a79a/4277/Protokoll
2025-09-30 13:29:38,091 - urls_to_texts - WARNING - No document fetched from https://prod01.elementscloud.no/publikum/Documents/ShowDmbHandlingDocument/5ac72eb8-cac7-496a-b9ef-fc393c80a79a/4277/Protokoll.
2025-09-30 13:29:38,140 - urls_to_texts - INFO - GET [403]: https://prod01.elementscloud.no/publikum/Documents/ShowDmbHandlingDocument/5ac72eb8-cac7-496a-b9ef-fc393c80a79a/4195/CasesFremlegg 0.05 0
2025-09-30 13:29:38,141 - urls_to_texts - ERROR - 403 Client Error: Forbidden for url: https://prod01.elementscloud.no/publikum/Documents/ShowDmbHandlingDocument/5ac72eb8-cac7-496a-b9ef-fc393c80a79a/4195/CasesFremlegg
2025-09-30 13:29:38,141 - urls_to_texts - WARNING - No document fetched from https://prod01.elementscloud.no/publikum/Documents/ShowDmbHandlingDocument/5ac72eb8-cac7-496a-b9ef-fc393c80a79a/4195/CasesFremlegg.
2025-09-30 13:29:38,212 - urls_to_texts - ERROR - Error fetching document: Response ended prematurely
2025-09-30 13:29:38,213 - urls_to_texts - ERROR - Error fetching document f5f2669b-bff6-533b-bf49-37db652bb5c6 from https://www.askvoll.kommune.no/api/presentation/v2/nye-innsyn/filer/v-d691afea__aaff__43de__a10d__c9d8e8907141-338913_2_A!d-2022050206!EbuKAn
2025-09-30 13:29:38,255 - urls_to_texts - INFO - GET [403]: https://prod01.elementscloud.no/publikum/Documents/ShowMeetingDocument/35dcc491-8e78-470e-afc8-0db3f930a352/445/MI/1995 0.04 0
2025-09-30 13:29:38,255 - urls_to_texts - ERROR - 403 Client Error: Forbidden for url: https://prod01.elementscloud.no/publikum/Documents/ShowMeetingDocument/35dcc491-8e78-470e-afc8-0db3f930a352/445/MI/1995
2025-09-30 13:29:38,255 - urls_to_texts - WARNING - No document fetched from https://prod01.elementscloud.no/publikum/Documents/ShowMeetingDocument/35dcc491-8e78-470e-afc8-0db3f930a352/445/MI/1995.
2025-09-30 13:29:38,667 - urls_to_texts - INFO - GET [500]: https://ullensvang.kommune.no/api/presentation/v2/nye-innsyn/filer/v-0a336fc1__178f__4c38__8f38__3c7bd5ffdbe6-1738612_1_A!d-2019196658!p4GYDL?pid=1 0.35 628
2025-09-30 13:29:38,667 - urls_to_texts - ERROR - 500 Server Error: Internal Server Error for url: https://ullensvang.kommune.no/api/presentation/v2/nye-innsyn/filer/v-0a336fc1__178f__4c38__8f38__3c7bd5ffdbe6-1738612_1_A!d-2019196658!p4GYDL?pid=1
2025-09-30 13:29:38,668 - urls_to_texts - WARNING - No document fetched from https://ullensvang.kommune.no/api/presentation/v2/nye-innsyn/filer/v-0a336fc1__178f__4c38__8f38__3c7bd5ffdbe6-1738612_1_A!d-2019196658!p4GYDL?pid=1.
2025-09-30 13:29:38,737 - urls_to_texts - ERROR - Error fetching document: Response ended prematurely
2025-09-30 13:29:38,737 - urls_to_texts - ERROR - Error fetching document bdd3092c-e4b7-5495-8215-24594a51ae5c from https://www.ulvik.kommune.no/api/presentation/v2/nye-innsyn/filer/v-fbd4410b__3d1a__4153__a3c5__50e18ebc878e-215006_5_P!d-2024012812!mqd9zV
2025-09-30 13:29:39,077 - urls_to_texts - INFO - GET [200]: https://www.ardal.kommune.no/api/presentation/v2/nye-innsyn/filer/v-1e069db9__ef6b__4b2b__9616__406836b162cc-462229_1_A!d-2022055578!6zQoNr 0.14 44
2025-09-30 13:29:39,084 - urls_to_texts - INFO - Unsupported file extension: .html
2025-09-30 13:29:39,084 - urls_to_texts - WARNING - No text extracted from document at https://www.ardal.kommune.no/api/presentation/v2/nye-innsyn/filer/v-1e069db9__ef6b__4b2b__9616__406836b162cc-462229_1_A!d-2022055578!6zQoNr.
2025-09-30 13:29:39,148 - urls_to_texts - ERROR - Error fetching document: Response ended prematurely
2025-09-30 13:29:39,149 - urls_to_texts - ERROR - Error fetching document 3279274c-c80d-5687-aa47-9e6f81695231 from https://www.askvoll.kommune.no/api/presentation/v2/nye-innsyn/filer/v-d691afea__aaff__43de__a10d__c9d8e8907141-346671_1_A!d-2022054008!d7srRy
2025-09-30 13:29:39,224 - urls_to_texts - ERROR - ('Connection aborted.', RemoteDisconnected('Remote end closed connection without response'))
2025-09-30 13:29:39,224 - urls_to_texts - WARNING - No document fetched from https://stad.kommune.no/api/presentation/v2/nye-innsyn/filer/v-3dd15a26__96f4__4d7d__a998__45a817cb090e-1766504_2_A!d-2022159526!RviXwS.
2025-09-30 13:29:39,264 - urls_to_texts - INFO - GET [403]: https://prod02.elementscloud.no/publikum/Documents/ShowDmbHandlingDocument/a9103361-55ca-477e-ad2b-00f79954109d/1576/CasesFremlegg 0.04 0
2025-09-30 13:29:39,264 - urls_to_texts - ERROR - 403 Client Error: Forbidden for url: https://prod02.elementscloud.no/publikum/Documents/ShowDmbHandlingDocument/a9103361-55ca-477e-ad2b-00f79954109d/1576/CasesFremlegg
2025-09-30 13:29:39,264 - urls_to_texts - WARNING - No document fetched from https://prod02.elementscloud.no/publikum/Documents/ShowDmbHandlingDocument/a9103361-55ca-477e-ad2b-00f79954109d/1576/CasesFremlegg.
2025-09-30 13:29:39,304 - urls_to_texts - INFO - GET [403]: https://prod01.elementscloud.no/publikum/Documents/ShowDmbHandlingDocument/5ac72eb8-cac7-496a-b9ef-fc393c80a79a/4330/Protokoll 0.04 0
2025-09-30 13:29:39,304 - urls_to_texts - ERROR - 403 Client Error: Forbidden for url: https://prod01.elementscloud.no/publikum/Documents/ShowDmbHandlingDocument/5ac72eb8-cac7-496a-b9ef-fc393c80a79a/4330/Protokoll
2025-09-30 13:29:39,305 - urls_to_texts - WARNING - No document fetched from https://prod01.elementscloud.no/publikum/Documents/ShowDmbHandlingDocument/5ac72eb8-cac7-496a-b9ef-fc393c80a79a/4330/Protokoll.
2025-09-30 13:29:39,344 - urls_to_texts - INFO - GET [403]: https://prod02.elementscloud.no/publikum/Documents/ShowDmbHandlingDocument/89d4d1c3-cc0e-4497-9af5-bac975eb55e1/1709/CasesFremlegg 0.04 0
2025-09-30 13:29:39,344 - urls_to_texts - ERROR - 403 Client Error: Forbidden for url: https://prod02.elementscloud.no/publikum/Documents/ShowDmbHandlingDocument/89d4d1c3-cc0e-4497-9af5-bac975eb55e1/1709/CasesFremlegg
2025-09-30 13:29:39,345 - urls_to_texts - WARNING - No document fetched from https://prod02.elementscloud.no/publikum/Documents/ShowDmbHandlingDocument/89d4d1c3-cc0e-4497-9af5-bac975eb55e1/1709/CasesFremlegg.
2025-09-30 13:29:39,398 - urls_to_texts - INFO - GET [403]: https://prod01.elementscloud.no/publikum/Documents/ShowDmbHandlingDocument/0f947f6b-b1b0-4470-840e-4226ef3244af/9891/Protokoll 0.05 0
2025-09-30 13:29:39,398 - urls_to_texts - ERROR - 403 Client Error: Forbidden for url: https://prod01.elementscloud.no/publikum/Documents/ShowDmbHandlingDocument/0f947f6b-b1b0-4470-840e-4226ef3244af/9891/Protokoll
2025-09-30 13:29:39,399 - urls_to_texts - WARNING - No document fetched from https://prod01.elementscloud.no/publikum/Documents/ShowDmbHandlingDocument/0f947f6b-b1b0-4470-840e-4226ef3244af/9891/Protokoll.
2025-09-30 13:29:39,443 - urls_to_texts - INFO - GET [403]: https://prod01.elementscloud.no/publikum/Documents/ShowDmbHandlingDocument/58bcb069-e37a-4130-9be0-e56f6fb533b7/2764/Protokoll 0.04 0
2025-09-30 13:29:39,443 - urls_to_texts - ERROR - 403 Client Error: Forbidden for url: https://prod01.elementscloud.no/publikum/Documents/ShowDmbHandlingDocument/58bcb069-e37a-4130-9be0-e56f6fb533b7/2764/Protokoll
2025-09-30 13:29:39,443 - urls_to_texts - WARNING - No document fetched from https://prod01.elementscloud.no/publikum/Documents/ShowDmbHandlingDocument/58bcb069-e37a-4130-9be0-e56f6fb533b7/2764/Protokoll.
2025-09-30 13:29:39,867 - urls_to_texts - INFO - GET [200]: https://bjornafjorden.kommune.no/api/presentation/v2/nye-innsyn/filer/v-cc3ede69__97b5__48c8__9b5b__94ea04175932-2178102_7_P!d-2021333118!sAc10R 0.19 46
2025-09-30 13:29:39,874 - urls_to_texts - INFO - Unsupported file extension: .html
2025-09-30 13:29:39,874 - urls_to_texts - WARNING - No text extracted from document at https://bjornafjorden.kommune.no/api/presentation/v2/nye-innsyn/filer/v-cc3ede69__97b5__48c8__9b5b__94ea04175932-2178102_7_P!d-2021333118!sAc10R.
2025-09-30 13:29:39,913 - urls_to_texts - INFO - GET [403]: https://prod02.elementscloud.no/publikum/Documents/ShowDmbHandlingDocument/eff08746-5cb4-4d88-aaf4-4bf6cd496e88/5072/CasesFremlegg 0.04 0
2025-09-30 13:29:39,914 - urls_to_texts - ERROR - 403 Client Error: Forbidden for url: https://prod02.elementscloud.no/publikum/Documents/ShowDmbHandlingDocument/eff08746-5cb4-4d88-aaf4-4bf6cd496e88/5072/CasesFremlegg
2025-09-30 13:29:39,914 - urls_to_texts - WARNING - No document fetched from https://prod02.elementscloud.no/publikum/Documents/ShowDmbHandlingDocument/eff08746-5cb4-4d88-aaf4-4bf6cd496e88/5072/CasesFremlegg.
2025-09-30 13:29:40,349 - urls_to_texts - INFO - GET [200]: https://bergen.kommune.no/politikere-utvalg/api/fil/bk360/13526469/Innstilling-vedtak-Godkjenning-av-protokoll-fra-motet-20-08-2025 0.31 44
2025-09-30 13:29:40,414 - urls_to_texts - INFO - Processed 48/44118 documents (skipped: 402)
2025-09-30 13:29:40,850 - urls_to_texts - ERROR - Error fetching document: Response ended prematurely
2025-09-30 13:29:40,851 - urls_to_texts - ERROR - Error fetching document 1ed2f8ec-bf29-5770-aac8-a013bd4f5fc8 from https://innsynpluss.onacos.no/api/presentation/v2/nye-innsyn/filer/v-9a1e9dfc__3f01__4df5__a599__d213d4fbfca2-88909_1_A!d-1000043303!B9gMgN
2025-09-30 13:29:41,227 - urls_to_texts - INFO - GET [200]: https://www.etne.kommune.no/api/presentation/v2/nye-innsyn/filer/v-e857a982__e852__4eeb__a914__f85d70e5a42b-1591042_20_P!d-2020084977!36G7YT 0.16 45
2025-09-30 13:29:41,233 - urls_to_texts - INFO - Unsupported file extension: .html
2025-09-30 13:29:41,233 - urls_to_texts - WARNING - No text extracted from document at https://www.etne.kommune.no/api/presentation/v2/nye-innsyn/filer/v-e857a982__e852__4eeb__a914__f85d70e5a42b-1591042_20_P!d-2020084977!36G7YT.
2025-09-30 13:29:41,497 - urls_to_texts - INFO - GET [200]: https://innsyn.kvam.no/wfdocument.ashx?journalpostid=1100134113&dokid=282207&versjon=2&variant=A&ct=RA-PDF 0.19 364
2025-09-30 13:29:42,686 - urls_to_texts - INFO - Processed 49/44118 documents (skipped: 405)
2025-09-30 13:29:42,759 - urls_to_texts - ERROR - Error fetching document: Response ended prematurely
2025-09-30 13:29:42,759 - urls_to_texts - ERROR - Error fetching document ed91499c-5fe6-56f5-9884-80a27117308a from https://www.luster.kommune.no/api/presentation/v2/nye-innsyn/filer/v-721139d1__230b__45c0__9cf1__92f0ef921828-153767_2_A!d-1100086791!TDUX8a
2025-09-30 13:29:42,830 - urls_to_texts - ERROR - Error fetching document: Response ended prematurely
2025-09-30 13:29:42,830 - urls_to_texts - ERROR - Error fetching document cb191804-4d53-5b60-9655-77aaf20d1d6e from https://sunnfjord.kommune.no/api/presentation/v2/nye-innsyn/filer/v-aba08a8e__580c__4b67__bc21__70eed223f3db-1994174_12_A!d-2022228982!aCteM7
2025-09-30 13:29:42,871 - urls_to_texts - INFO - GET [403]: https://prod01.elementscloud.no/publikum/Documents/ShowDmbHandlingDocument/0f947f6b-b1b0-4470-840e-4226ef3244af/9287/Protokoll 0.04 0
2025-09-30 13:29:42,871 - urls_to_texts - ERROR - 403 Client Error: Forbidden for url: https://prod01.elementscloud.no/publikum/Documents/ShowDmbHandlingDocument/0f947f6b-b1b0-4470-840e-4226ef3244af/9287/Protokoll
2025-09-30 13:29:42,872 - urls_to_texts - WARNING - No document fetched from https://prod01.elementscloud.no/publikum/Documents/ShowDmbHandlingDocument/0f947f6b-b1b0-4470-840e-4226ef3244af/9287/Protokoll.
2025-09-30 13:29:42,939 - urls_to_texts - ERROR - Error fetching document: Response ended prematurely
2025-09-30 13:29:42,939 - urls_to_texts - ERROR - Error fetching document 92884144-d31b-54e0-a054-a2323be624e7 from https://bremanger.kommune.no/api/presentation/v2/nye-innsyn/filer/v-0baea8f5__defa__4603__b396__17b5d409cf0e-1534575_2_A!d-2022042813!TjrQzX
2025-09-30 13:29:42,984 - urls_to_texts - INFO - GET [403]: https://prod02.elementscloud.no/publikum/Documents/ShowDmbHandlingDocument/7db3a691-f482-4720-b101-c3a44cb31481/2633/Protokoll 0.04 0
2025-09-30 13:29:42,985 - urls_to_texts - ERROR - 403 Client Error: Forbidden for url: https://prod02.elementscloud.no/publikum/Documents/ShowDmbHandlingDocument/7db3a691-f482-4720-b101-c3a44cb31481/2633/Protokoll
2025-09-30 13:29:42,985 - urls_to_texts - WARNING - No document fetched from https://prod02.elementscloud.no/publikum/Documents/ShowDmbHandlingDocument/7db3a691-f482-4720-b101-c3a44cb31481/2633/Protokoll.
2025-09-30 13:29:43,026 - urls_to_texts - INFO - GET [403]: https://prod02.elementscloud.no/publikum/Documents/ShowDmbHandlingDocument/b0d5f453-caf0-475d-b3bc-9f9114471c37/1677/Protokoll 0.04 0
2025-09-30 13:29:43,026 - urls_to_texts - ERROR - 403 Client Error: Forbidden for url: https://prod02.elementscloud.no/publikum/Documents/ShowDmbHandlingDocument/b0d5f453-caf0-475d-b3bc-9f9114471c37/1677/Protokoll
2025-09-30 13:29:43,027 - urls_to_texts - WARNING - No document fetched from https://prod02.elementscloud.no/publikum/Documents/ShowDmbHandlingDocument/b0d5f453-caf0-475d-b3bc-9f9114471c37/1677/Protokoll.
2025-09-30 13:29:43,068 - urls_to_texts - INFO - GET [403]: https://prod01.elementscloud.no/publikum/Documents/ShowDmbHandlingDocument/7c1f435b-d2ae-4dd1-9dbd-18aef55dc2df/165/CasesFremlegg 0.04 0
2025-09-30 13:29:43,068 - urls_to_texts - ERROR - 403 Client Error: Forbidden for url: https://prod01.elementscloud.no/publikum/Documents/ShowDmbHandlingDocument/7c1f435b-d2ae-4dd1-9dbd-18aef55dc2df/165/CasesFremlegg
2025-09-30 13:29:43,069 - urls_to_texts - WARNING - No document fetched from https://prod01.elementscloud.no/publikum/Documents/ShowDmbHandlingDocument/7c1f435b-d2ae-4dd1-9dbd-18aef55dc2df/165/CasesFremlegg.
2025-09-30 13:29:43,476 - urls_to_texts - INFO - GET [200]: https://bergen.kommune.no/politikere-utvalg/api/fil/bk360/13521427/Innkalling-forretningsutvalget-30-09-2025 0.27 55
2025-09-30 13:29:43,543 - urls_to_texts - INFO - Processed 50/44118 documents (skipped: 408)
2025-09-30 13:29:43,619 - urls_to_texts - ERROR - Error fetching document: Response ended prematurely
2025-09-30 13:29:43,619 - urls_to_texts - ERROR - Error fetching document 9e00e9cd-dea7-53c5-b4d2-bae48da55e78 from https://stad.kommune.no/api/presentation/v2/nye-innsyn/filer/v-3dd15a26__96f4__4d7d__a998__45a817cb090e-1762253_7_A!d-2022157555!iv5GJn
2025-09-30 13:32:39,011 - urls_to_texts - INFO - GET [200]: https://innsynpluss.onacos.no/api/presentation/v2/nye-innsyn/filer/v-b15978eb__8cc6__45a9__9564__1f28338ca3d7-806883_1_A!d-1100403084!MXYQvZ?pid=9 0.83 90
2025-09-30 13:38:40,046 - urls_to_texts - INFO - GET [500]: https://ullensvang.kommune.no/api/presentation/v2/nye-innsyn/filer/v-0a336fc1__178f__4c38__8f38__3c7bd5ffdbe6-1738612_1_A!d-2019196658!p4GYDL?pid=1 0.4 628
2025-09-30 13:38:40,047 - urls_to_texts - ERROR - 500 Server Error: Internal Server Error for url: https://ullensvang.kommune.no/api/presentation/v2/nye-innsyn/filer/v-0a336fc1__178f__4c38__8f38__3c7bd5ffdbe6-1738612_1_A!d-2019196658!p4GYDL?pid=1
